organization_ref,organization,telephone,email_address,address_line_1,locality,region,postal_code,domain,status,outstanding_balance,last_updated
B000001,SUMMIT LIMITED 1039,,accounts@summitfoodslimited10391061.examile,9332 Market Street,Madison,WI,53703-0000,summitfoodslimited10391061.example,active,14572.47,2026-06-26T20:00:00Z
B000002,Summit Office Sup Limited,+1 555-015-2277,,441 Commerce Avenue,Columbus,OH,43215,www.summitofficesupplylimite291.example,inactive,3951.41,2025-10-04T07:00:00Z
B000003,Maple Foods Corporation 536,558.011.1979,accounts@maplefoodscorporation536558.exacple,527 Oak Avenue,Portland,ME,04101,legacy-ac50523af572.invalid,active,7600.29,2026-03-29T13:00:00Z
B000004,Maple Logistics LLC 746,,,8302 Oak Avenue,Richmond,VA,23219,www.maplelogisticsllc746768.example,inactive,10511.98,2025-01-13T19:00:00Z
B000005,Cedar Technology Ltd,555.017.6118,accounts@cedartechnolsgylimited304.example,928  Industrial Road,Richmond,VA,23219,legacy-7835b90fe438.invalid,inactive,4142.23,2025-08-20T08:00:00Z
B000006,Evergreen Foods LLC,855.018.5531,,2807 River Road,Columbus,OH,,,on_hold,4865.31,2026-11-21T00:00:00Z
B000007,Westfield Logistics Incorporated 450,555.015.4636,ACCOUNTS@westfieldlogisticsincorp472.example,7138 Industrial Rd,Richmond,VA,23219,legacy-ae7075b794a8.invalid,inactive,6432.17,2025-07-27T23:00:00Z
B000008,Pioneer Dental LLC 1117,,,2419 Market Street,Columbus,OH,43215,www.pioneerdentalllc11171139.example,active,15604.28,2026-01-27T18:00:00Z
B000009,Westfield Dental LLC 1120,,ACCOUNTS@westfjelddentalllc11201142.example,2528 Main Street,Portland,ME,04101,legacy-9e2e1ccfd7ae.invalid,active,15654.27,2026-11-01T21:00:00Z
B000010,Harbor Technology Corporation 584,,accounts@hambortechnologycorporat606.example,2297 Oak Ave,Portland,ME,04101,legacy-cb54c3203e99.invalid,on_hold,8263.67,2025-09-04T20:00:00Z
B000011,MapleAnalytics LLC 706,,accounts@mapleanalyticsllc706728.example,6822 Main,Richmond,VA,23219,,active,9945.93,2026-09-12T15:00:00Z
B000012,Pioneer Logistics Inc 447,,accounts@pioneerlogisticsincorpor469.examplx,7032 River Rd,Madison,WI,53703,,on_hold,6364.71,2026-05-06T21:00:00Z
B000013,BLUE RIDGE DENTAL CORPORATION,555-016-1987,,4407 River Road,Madison,WI,53704,,active,1775.38,2026-04-08T20:00:00Z
B000014,Maple Dental LLC 716,,,7191 Oak Avenue,Austin,TX,78701,,inactive,10141.07,2026-10-24T13:00:00Z
B000015,Evergreen Logistics Ltd 1043,556.018.2131,,9476 Commerce Avenue,Albany,NY,12207,,on_hold,14663.59,2025-01-14T16:00:00Z
B000016,Blue Ridge Equipment LLC 1121,+1 555.016.8333,,2565 Commerce Ave,Raleigh,NC,27601,,inactive,15658.25,2025-11-10T22:00:00Z
B000017,Westfield Manufacturing Incorporated,,,2508 Industrial Rd,Austin,TX,78701,,on_hold,1069.71,2025-10-09T00:00:00Z
B000018,HARBOR EQUIPMENT LIMITED,555-019-6044,,8579 Oak Avenue,Portland,ME,04101,legacy-d741d24e460d.invalid,active,3278.75,2025-11-13T00:00:00Z
B000019,Redwood Logistics Limited 1048,575.013.6440,ACCOUNTS@zedwoodlogisticslimited11070.example,9670 Main Street,Portland,ME,04101,legacy-9209c7d0d877.invalid,active,14675.14,2025-07-12T21:00:00Z
B000020,Redwood Office Supply Corporation 568,,,1702 Main Street,Portland,ME,04101,legacy-7e6de847dfb5.invalid,inactive,8136.92,2025-12-22T01:00:00Z
B000021,Cedar Dental LLC,,accounts@cedardentalllc334.exxmple,2040 Industrial Rd,Portland,ME,04101,legacy-7a5fc25d4106.invalid,inactive,4472.60,2025-03-28T17:00:00Z
B000022,BLUE RIDGE OFFICE SUPPLY CORPORATION 961,,accounts@blueridgeofficesupppycor983.example,6457 Market St,Raleigh,NC,27601,www.blueridgeofficesupplycor983.example,on_hold,13539.15,2025-07-20T00:00:00Z
B000023,Summit Wholesale Limited 1099,555.014.5420,,1758 Market St,Albany,NY,12207,legacy-abcd9bbf9516.invalid,active,15399.07,2026-06-15T18:00:00Z
B000024,Harbor Equipment Corp,,accounts@harborequipmentcorporati146.example,4887 Main Street,Austin,TX,78701,www.harborequipmentcorporati146.example,active,1906.39,2026-08-15T09:00:00Z
B000025,Office Supply LLC,555.017.9913,accounts@westfieldofficescpplyllc392.example,4178 Main Street,Richmond,VA,23219,,active,5376.03,2026-04-11T20:00:00Z
B000026,Evergreen Office Supply Incorporated,,,2618 River Rd,Madison,WI,53703,,on_hold,1133.94,2025-12-17T23:00:00Z
B000027,Evergreen Wholesale Ltd,555-018-2962,accounts@evergreenwholesalelimite315.ebample,1332 Commerce Avenue,Columbus,OH,43215-0000,legacy-7bcc35d2ced1.invalid,active,4322.86,2026-08-14T22:00:00Z
B000028,Pioneer Incorporated 887,555-012-5514,,3707 Commerce Avenue,Madison,WI,53703,,inactive,12500.11,2026-01-16T16:00:00Z
B000029,Evergreen Technology Corporation,,,7057 River Rd,Madison,WI,53703,,on_hold,2757.66,2025-12-29T20:00:00Z
B000030,Evergreen Equipment LLC,,accounts@evxrgreenequipmentllc345.example,2442 Commerce Ave,Albany,NY,12207,legacy-7646c8218051.invalid,inactive,4707.55,2025-12-16T18:00:00Z
B000031,Keystone Technology Limited 1085,,accounts@keystonetechnologylimite1107.example,1244 Commerce Avenue,Columbus,OH,43215,,inactive,15200.73,2026-09-14T10:00:00Z
B000032,Summjt Packaging Limited,,,1030 Commerce Avenue,Madison,WI,53703,,inactive,15084.78,2025-06-10T19:00:00Z
B000033,Cedar Dental Incorporated 412,555.017.9531,,5741  Main St,Austin,TX,78701-0000,,on_hold,5952.04,2026-05-26T21:00:00Z
B000034,Harbor Foods LLC,,,2853 Main,Denver,CO,80202,,active,4878.80,2026-08-04T21:00:00Z
B000035,Summit Office Supply Corp 969,,ACCOUNTS@summitofficesupplycorpor991.example,6750 River Road,Raleigh,NC,27601,www.summitofficesupplycorpor991.example,on_hold,13633.86,2026-01-06T18:00:00Z
B000036,Harbor Logistics Limited 644,555-019-2248,,4517 Oak Ave,Austin,TX,78701,harborlogisticslimited64666.example,inactive,9115.91,2026-07-31T13:00:00Z
B000037,Harbor Office Supply Incorporated,555-019-7781,,2655 Main Street,Portland,ME,04101,legacy-d6744df16037.invalid,inactive,1217.92,2025-09-07T23:00:00Z
B000038,Keystone Mogistics Inc 845,,accounts@keystonelogisticsincorpo867.example,2162 Commerce Ave,Columbus,OH,43215,,inactive,11905.80,2025-07-15T22:00:00Z
B000039,Pioneer Dental Ltd 617,,,3527 Commerce,Raleigh,NC,27601,,inactive,8769.28,2026-11-23T22:00:00Z
B000040,Keystone Wholesale Corporation,,,7505 River Road,Albany,NY,12207,,inactive,2869.61,2026-05-24T20:00:00Z
B000041,CEDAR TECHNOLOGY LIMITED 682,,,5928  Main Street,Richmond,VA,23219,legacy-c37c7c41c779.invalid,active,9670.52,2026-02-11T15:00:00Z
B000042,PIONEER DENTAL LLC,,,2216 Commerce Ave,Columbus,OH,43215,,inactive,4639.08,2026-10-24T08:00:00Z
B000043,Maple Technology Incorporated486,555.011.1474,,8476 Industrial Rd,Denver,CO,80202,legacy-7ce97a524307.invalid,on_hold,6953.58,2025-05-24T23:00:00Z
B000044,Pioneer Manufacturing LLC 1157,,accounts@pioneermanufajturingllc11179.example,3894 Commerce Ave,Columbus,OH,43215,legacy-b977172ea503.invalid,active,16288.26,2025-11-07T22:00:00Z
B000045,Evergreen Wholesale Corp993,,ACCOUNTS@evxrgreenwholesalecorpor1015.example,7649 River,Raleigh,NC,27601,www.evergreenwholesalecorpor1015.example,active,13926.43,2026-08-10T14:00:00Z
B000046,Maple Corporation 596,,,2749  Oak Ave,Austin,TX,78701,legacy-b88c17d8794c.invalid,inactive,8481.76,2025-05-27T01:00:00Z
B000047,Keystone Office Supply Incorporated 465,555.010.6923,accounts@keystoneodficesupplyinco487.example,7703  River Road,Raleigh,NC,27601,legacy-83c02ebe11f5.invalid,active,6687.05,2026-09-11T14:00:00Z
B000048,Harbor Technology Ltd 684,,,6004 Industrial Road,Austin,TX,78701,,on_hold,9654.20,2026-08-29T17:00:00Z
B000049,WESTFIELD LOGISTICS CORPORATION 950,,accounts@westfieldlogisticscorphr972.example,6043 Oak Avenue,Denver,CO,80202,,inactive,13316.44,2026-10-17T01:00:00Z
B000050,KEYSTONE WHOLESALE LIMITED,,,1411 Market Street,Madison,WI,53703,,active,4339.42,2025-06-28T16:00:00Z
B000051,Blue Ridge Equipment Incorporated 421,,,6070 Market Street,Columbus,OH,43215,,inactive,6001.53,2026-11-10T01:00:00Z
B000052,Evergreen Equipment Inc 823,555-018-6913,,1339 Market Street,Madison,WI,53703,legacy-83058350e782.invalid,active,11584.27,2025-10-04T13:00:00Z
B000053,Evergreen Foods Incorporated 833,+1 558-018-4634,,1713  Commerce Avenue,Raleigh,NC,27601,legacy-bb3fdd20b87c.invalid,inactive,11732.50,2026-11-01T06:00:00Z
B000054,SUMMIT WHOLESALE INCORPORATED,,,3961 River Road,Albany,NY,12207,legacy-bb0cefc89584.invalid,active,1684.46,2025-11-07T07:00:00Z
B000055,Kezstone Analytics LLC,,accounts@keystoneanalyticsllc327.example,1781 Commerce Ave,Raleigh,NC,27601,,inactive,4446.06,2025-05-19T23:00:00Z
B000056,Pioneer Dental Corporation 517,555.012.0775,,9616 Market Street,Columbus,OH,43215,,on_hold,7408.52,2025-05-13T23:00:00Z
B000057,Evergreen Packaging Corporation 573,,,1892 River Rd,Columbus,OH,43215,,active,8184.96,2026-03-30T14:00:00Z
B000058,Westfield Foods Corporation 540,,accounts@westfieldfoodscorporatio562.edample,665 Industrial Rd,Austin,TX,78701,legacy-d0e0411f388e.invalid,on_hold,7674.23,2026-08-22T00:00:00Z
B000059,Westfield Logistics Limited 1050,+1 555.018.3888,,9736 Industrial Rd,Richmond,VA,23219,legacy-bd221d24e78a.invalid,on_hold,14725.88,2026-11-06T23:00:00Z
B000060,Fvergreen Foods Corporation 533,555.018.5124,ACCOUNTS@everpreenfoodscorporatio555.example,411 Commerce Ave,Columbus,OH,43215,,active,7622.78,2026-06-21T06:00:00Z
B000061,Pioneer Analytics Corporation 907,555-010-5357,ACCOUNTS@pioneeranalyticscorpoyat929.example,4451 Market St,Albany,NY,12207,legacy-d330ce032c38.invalid,on_hold,12705.25,2025-01-06T12:00:00Z
B000062,Maple Office Supply Limited 1066,555.011.4954,accounts@mapleofficesupplylimited1088.etample,529  Main St,Richmond,VA,23219,,active,14933.28,2025-08-27T17:00:00Z
B000063,SUMMIT PACKAGING LLC 1179,,,4723 River Rd,Albany,NY,12207,,on_hold,16510.34,2025-06-22T20:00:00Z
B000064,Harbor Foods Corporation,,,5250  Oak Avenue,Denver,CO,80202,legacy-9a8898083c66.invalid,on_hold,2154.99,2026-08-13T19:00:00Z
B000065,Summit Manufacturing Indorporated 459,,accounts@summvtmanufacturingincor481.example,7472 River,Albany,NY,12207,legacy-cc15dc3ab9d1.invalid,on_hold,6566.64,2025-05-23T20:00:00Z
B000066,Redwood Dental Corporation,555.213.3070,,4651  Main St,Denver,CO,80202-0000,legacy-b9ccb8d09c74.invalid,active,1845.37,2026-08-01T15:00:00Z
B000067,Keystone Logistics Limited,,accounts@keyltonelogisticslimited267.example,9350  Commerce Avenue,Columbus,OH,43215,legacy-744c071b3e6d.invalid,active,3598.05,2025-03-05T01:00:00Z
B000068,Cedar Foods Limited 1032,,accounts@cedarfopdslimited10321054.example,9082 Industrial Road,Portland,ME,04101,legacy-75b16149f4d5.invalid,active,14489.62,2025-02-14T19:00:00Z
B000069,Evergreen Office Supply Limited,555.018.8487,,231 Commerce Avenue,Madison,WI,53703,legacy-bada8accf8cb.invalid,active,3835.99,2025-01-10T16:00:00Z
B000070,Redwood Analytics Corporation 508,,,9294 Main Street,Austin,TX,78701,redwoodanalyticscorporat530.example,on_hold,7252.46,2026-06-18T05:00:00Z
B000071,Westfield Equipment Incorporated,555-045-8386,,1404 Industrial Rd,Denver,CO,,legacy-79c673d2ec98.invalid,inactive,678.48,2026-02-26T23:00:00Z
B000072,Harbor Dental Limited,,,8207 Main St,Denver,CO,,legacy-c0f8ee643f2f.invalid,on_hold,3183.75,2026-02-12T15:00:00Z
B000073,Maple Wholesale Corp 996,,,7745 Industrial Road,Austin,TX,78701,,active,13927.91,2025-01-25T17:00:00Z
B000074,Cedar Office Supply LLC 762,,,8892 Industrial Rd,Richmond,VA,23219,cedarofficesupplyllc762784.example,active,10767.03,2026-02-18T23:00:00Z
B000075,Redwood Packaging Inc 478,+1 555.013.1274,,8174 Main Street,Denver,CO,80202,legacy-ba448c07e994.invalid,active,6862.49,2026-08-31T15:00:00Z
B000076,SummitLogistics LLC,555.014.5870,accounts@summitlogisticsllc749771.wxample,8402 Commerce Avenue,Columbus,OH,43216,summitlogisticsllc749771.example,inactive,10545.53,2026-12-02T08:00:00Z
B000077,Evergreen Office Supply Corp 563,515-018-8217,,1525 Commerce Ave,Albany,NY,12207-0000,,inactive,7981.24,2025-06-22T00:00:00Z
B000078,Technology Incorporated,,accounts@redwoodtechnologyincobpo110.example,3544 Main St,Portland,ME,04101,,active,1449.65,2026-07-04T21:00:00Z
B000079,Westfield Technology Incorporated 890,,accounts@westfieldtechzologyincor912.example,3826  Oak Avenue,Richmond,VA,23219,,inactive,12503.91,2026-04-01T19:00:00Z
B000080,Pioneer Manufacturing Corporation 557,,accounts@pioneermanufacturingcorp579.examplb,1294  Commerce Avenue,Columbus,OH,43215,legacy-953b78d52169.invalid,on_hold,7910.53,2026-06-25T22:00:00Z
B000081,Redwood Logistics LLC,,accounts@relwoodlogisticsllc370.example,3371 Industrial,Austin,TX,78701,legacy-c41e11e92101.invalid,on_hold,5054.31,2025-02-12T17:00:00Z
B000082,Summit Packaging LLC,,accounts@summitpackagingllc401.examplf,4515 Market,Albany,NY,12207,www.summitpackagingllc401.example,active,5445.29,2025-05-23T12:00:00Z
B000083,Maple Manufacturiog LLC,555-011-7189,accounts@maplemanufacturinglxc378.example,3672 Oak Avenue,Austin,TX,78701-0000,www.maplemanufacturingllc378.example,inactive,5177.34,2026-10-29T13:00:00Z
B000084,Redwood Technology Limited,,accounts@redwoodtechnologylimited310.example,1145 Industrial Rd,Portland,ME,04101,www.redwoodtechnologylimited310.example,on_hold,4203.52,2026-06-21T04:00:00Z
B000085,Keystone Logistics Corporation 545,,,860 Commerce Avenue,Raleigh,NC,27601,legacy-b045de3f2604.invalid,inactive,7728.18,2025-07-17T22:00:00Z
B000086,Redwopd Dental Limited 618,,ACCOUNTS@redwooddentallimited618640.example,3563 Industrial Road,Richmond,VA,23219,legacy-a0356b38351a.invalid,active,8841.75,2026-09-09T23:00:00Z
B000087,BLUE RIDGE TECHNOLOGY CORPORATION 581,,ACCOUNTS@blueridgetecznologycorpo603.example,2189 Commerce Avenue,Columbus,OH,43215,legacy-9ee1b1519e14.invalid,inactive,8245.72,2026-08-26T05:00:00Z
B000088,Pioneer Logistics LLC,555-012-7447,accounts@pioneerlogisticsllx369.example,3327 Commerce,Albany,NY,12207-0000,legacy-85c422a4d9d2.invalid,inactive,5034.25,2025-07-03T20:00:00Z
B000089,Pioneer Office Supply Corporation 567,555.012.3840,,1665 River Rd,Madison,WI,53703,legacy-8480133236b9.invalid,active,8076.54,2026-03-25T08:00:00Z
B000090,Maple Office Supply Inc,,ACCOUNTS@mapleofficesupplyincorro88.example,2739 Industrial Road,Richmond,VA,23219,legacy-c300ff893b33.invalid,on_hold,1135.41,2026-10-22T09:00:00Z
B000091,Evergreen Office Suppmy LLC 763,555.028.8173,,8922 Market St,Albany,NY,12207-0000,,active,10775.22,2026-01-06T19:00:00Z
B000092,KEYSTONE WHOLESALE CORPORATION 595,+1 555.010.9984,,2714 Market Street,Albany,NY,12207,legacy-bf07f6c9ff88.invalid,inactive,8400.91,2026-05-31T12:00:00Z
B000093,Maple Technology Limited,,,1077 Main Street,Denver,CO,80202,,active,4140.21,2025-12-15T03:00:00Z
B000094,Westfield Dental Inc 820,,,1227 Main Street,Austin,TX,78701,,active,11547.75,2025-02-03T08:00:00Z
B000095,Maple Dental Incorporated 416,552-011-5549,,5893 Oak Avenue,Portland,ME,04101,,on_hold,6021.49,2026-05-29T20:00:00Z
B000096,Westfield Manufacturing Corporation 960,,,6419 Industrial Road,Portland,ME,04101,,on_hold,13494.72,2025-02-28T21:00:00Z
B000097,Maple Wholesale Ltd 1096,505-011-7829,accounts@maplewholesalelimiled1091118.example,1650 Main St,Portland,ME,04101,maplewholesalelimited1091118.example,on_hold,15325.62,2026-10-19T07:00:00Z
B000098,Blue Ridge Office Supply Limited,555-016-2363,ACCOUNTS@blueridgeofficesupplylim283.example,153  River Road,Columbus,OH,43215,,on_hold,3801.15,2026-09-04T14:00:00Z
B000099,REDWOOD ANALYTICS INCORPORATED,555.063.5153,,591 Oak Avenue,Portland,ME,04101,,active,336.07,2025-04-27T13:00:00Z
B000100,Maple Foods Limited,555.011.2265,,9042 Oak Ave,Austin,TX,78701,legacy-89d92467abff.invalid,on_hold,3442.94,2025-04-14T13:00:00Z
B000101,Blue Ridge Logistics Incorporated,,accounts@blueridgelogistiosincorp63.example,1818 Commerce Ave,Raleigh,NC,,www.blueridgelogisticsincorp63.example,on_hold,772.00,2026-11-20T00:00:00Z
B000102,Pioneer Analytics Limited 607,,accounts@lioneeranalyticslimited6629.example,3151 Market St,Madison,WI,53703,legacy-a59219a4041a.invalid,active,8614.82,2026-06-29T13:00:00Z
B000103,Summit Technology Incorporated 489,,accounts@eummittechnologyincorpor511.example,8587 River Rd,Raleigh,NC,27601,,on_hold,7000.67,2026-12-14T21:00:00Z
B000104,Westfield Wholesale Incorporated 900,055-015-4032,,4192 Industrial Rd,Austin,TX,78701,,active,12621.67,2025-04-25T17:00:00Z
B000105,KEYSTONE PACKAGING LIMITED 675,595.010.4313,accounts@keystonepackaiinglimited697.example,5661 River Road,Albany,NY,12207,www.keystonepackaginglimited697.example,on_hold,9504.24,2026-09-28T04:00:00Z
B000106,Evergreen Foods Limited,555.018.4970,ACCOUNTS@evergreenfoodslimited255.example,8908 Commerce,Raleigh,NC,27601,,inactive,3470.22,2025-07-10T22:00:00Z
B000107,Keystone Technology LLC,585-010-3084,ACCOUNTS@keystonetechnolcgyllc407.example,4752 Market Street,Raleigh,NC,27601,www.keystonetechnologyllc407.example,active,5544.81,2026-07-04T18:00:00Z
B000108,MAPLE MANUFACTURING LIMITED,,,9769 Main St,Portland,ME,04101,legacy-b869c073485c.invalid,active,3760.74,2025-11-28T21:00:00Z
B000109,Keystone Analytics Corporation 905,555-011-8186,accounts@keystoneanalyticscorpora927.example,4380 Commerce Avenue,Raleigh,NC,27601,legacy-794b1e10579f.invalid,inactive,12686.66,2026-05-22T07:00:00Z
B000110,Evergreen Logistics Ltd,555.018.3501,accounts@evergreenlogisticslimite265.example,9291  River Road,Albany,NY,12207,www.evergreenlogisticslimite265.example,inactive,3572.41,2026-11-12T20:00:00Z
B000111,Harbor Dental Limited 1014,555.019.6950,accounts@harbordentallimited10141036.example,8407 Industrial Rd,Denver,CO,80202,harbordentallimited10141036.example,on_hold,14180.86,2025-02-04T02:00:00Z
B000112,Summit Officf Supply Limited,555-016-2277,,441 Commerce Ave,Columbus,OH,,,inactive,3951.41,2025-09-18T00:00:00Z
B000113,Pioneer Office Supply LLC 767,555.012.3680,accounts@pioneerofficmsupplyllc76789.example,9065  Commerce Avenue,Madison,WI,53703,www.pioneerofficesupplyllc76789.example,inactive,10789.01,2026-08-06T16:00:00Z
B000114,Maple Manufacturing Ltd656,,,4962 Oak Ave,Portland,ME,04101,,active,9292.96,2025-07-10T17:00:00Z
B000115,HARBOR TECHNOLOGY INCORPORATED,555.019.3876,,3393 Industrial Road,Austin,TX,78701,,inactive,1417.25,2025-11-18T17:00:00Z
B000116,Maple Logistics Corporation 946,,,5895 Main Street,Richmond,VA,23219,,active,13243.97,2026-08-10T21:00:00Z
B000117,Cedar Logistics Incorporated 842,,,2041 Oak Avenue,Richmond,VA,23219,cedarlogisticsincorporat864.example,inactive,11870.41,2025-10-26T19:00:00Z
B000118,Blue Ridge Packaging LLC 771,,accounts@blueridgepacwagingllc771793.example,9227 River,Albany,NY,12207,blueridgepackagingllc771793.example,on_hold,10875.89,2025-09-28T20:00:00Z
B000119,Pioneer Office Supply Ltd 667,+1 555.012.4122,,5380  Market Street,Albany,NY,12207,,active,9403.91,2025-02-17T19:00:00Z
B000120,Blue Ridge Dental Limited1011,,,8292 River Road,Albany,NY,,legacy-7949e15017d6.invalid,on_hold,14214.65,2025-01-28T20:00:00Z
B000121,Westfield Technology Limited 1090,,accounts@westfieldtechnologylimit1112.example,1430 Main St,Richmond,VA,23219,,active,15278.23,2025-03-05T15:00:00Z
B000122,Maple Equipment LLC 726,555.011.3450,ACCOUNTS@mapleequipmentllc726748.example,7549 Industrial Rd,Denver,CO,80202,,on_hold,10253.87,2025-12-18T23:00:00Z
B000123,Keystone Analytics Corp 505,555-010-7924,accounts@keqstoneanalyticscorpora527.example,9171 Market Street,Raleigh,NC,27601,legacy-abeb0ad8387e.invalid,active,7227.40,2026-05-25T18:00:00Z
B000124,BLUE RIDGE FOODS LIMITED 1031,555.016.6948,,9033 Commerce Ave,Madison,WI,53703,legacy-b414a4bf0004.invalid,active,14465.19,2025-09-08T16:00:00Z
B000125,Blue Ridge Wholesale LLC,555.016.5421,,4966 Market Street,Madison,WI,53703,legacy-98420be98e52.invalid,on_hold,5694.50,2025-04-06T12:00:00Z
B000126,Keystone Analytics LLC 1105,555.010.7838,accounts@keystoneanalytpcsllc11051127.example,1986 Market St,Raleigh,NC,27601,,inactive,15473.48,2025-01-30T18:00:00Z
B000127,Redwood Foods Corporation 938,,accounts@redwoodfoodscorporagion9960.example,5598 Oak Avenue,Richmond,VA,23219,legacy-c36bd17e9f4a.invalid,inactive,13187.40,2025-09-05T19:00:00Z
B000128,Redxood Foods LLC,,accounts@redwoodfoodsllc11381160.txample,3205 Main St,Richmond,VA,23219,www.redwoodfoodsllc11381160.example,active,15910.06,2026-08-04T21:00:00Z
B000129,SUMMIT ANALYTICS INCORPORATED,+1 575-014-4173,,622 River Road,Raleigh,NC,27601-0000,legacy-a45e24319ca0.invalid,inactive,333.43,2025-06-18T14:00:00Z
B000130,Westfield Technology Corporation,,accounts@westfieldtechnologycorpo212.example,7327 Main Street,Denver,CO,80202,legacy-cf8458e083da.invalid,inactive,2950.73,2025-01-19T15:00:00Z
B000131,Maple Packaging Ltd,,accounts@maplepajkaginglimited298.example,708 Industrial Road,Austin,TX,78701,legacy-ad61f7f66690.invalid,on_hold,4004.55,2025-11-12T17:00:00Z
B000132,Cedar Supply Corporation,555.017.1437,accounts@cedarofficesupplycorpora184.example,6289 Industrial Road,Richmond,VA,23219,,on_hold,2456.99,2026-10-31T23:00:00Z
B000133,Keystone Equipment Ltd 625,+1 555.010.4111,ACCOUNTS@afystoneequipmentlimited647.example,3817 Market Street,Raleigh,NC,27601,legacy-d1b126735bd6.invalid,inactive,8833.53,2026-09-06T18:00:00Z
B000134,Blue Ridge Wholesale Inc 891,,,3865 River Rd,Albany,NY,12207,,on_hold,12502.57,2025-11-07T20:00:00Z
B000135,Whplesale Corporation 992,,,7591 Oak Avenue,Portland,ME,04101,www.cedarwholesalecorporatio1014.example,active,13955.92,2026-04-26T13:00:00Z
B000136,Maple Office Sup Corporation 566,595.011.5510,ACCOUNTS@mapleofficesupplycorzora588.example,1632 Oak,Denver,CO,80202,legacy-b73ad7d88ca4.invalid,inactive,8043.70,2026-02-04T19:00:00Z
B000137,Westfield Packaging Incorporated 880,,accounts@westfieddpackagingincorp902.example,3450 Main Street,Portland,ME,04101,,active,12378.38,2026-02-22T04:00:00Z
B000138,Pioneer Bnalytics Limited,555.612.6327,,7960 River,Madison,WI,53703,legacy-8aa998522c1c.invalid,on_hold,3096.94,2026-03-26T06:00:00Z
B000139,Evergreen Foods LLC 733,,accounts@evexgreenfoodsllc733755.example,7820 Market,Columbus,OH,43215-0000,,active,10304.36,2026-04-01T00:00:00Z
B000140,Evergreen Logistics LLC 743,,,8180 Commerce Avenue,Madison,WI,53703,,inactive,10455.87,2026-07-30T17:00:00Z
B000141,Maple Packaging Limited 676,555.011.3388,,5711  Main Street,Austin,TX,78701,,active,9547.59,2025-03-16T21:00:00Z
B000142,Cedar Dental Corporation,+1 555.017.9772,,4442 Main St,Portland,ME,04101,legacy-939bd74dfc1f.invalid,on_hold,1775.21,2026-07-29T02:00:00Z
B000143,Hasbor Office Supply Corporation,,,6364 Oak Avenue,Austin,TX,78701-0000,,inactive,2460.36,2025-11-29T18:00:00Z
B000144,Pioneer Logistics Incorporated 847,555-012-0665,accounts@pioneerlogisticsincorpor869.example,2227  Market St,Madison,WI,53704,legacy-8beac3900708.invalid,on_hold,11881.52,2025-01-13T14:00:00Z
B000145,Harbpr Technology LLC 1184,,,4899  Oak Avenue,Portland,ME,04101,,inactive,16548.52,2025-05-30T13:00:00Z
B000146,Summit Wholesale LLC 799,,,455  Market Street,Madison,WI,53703,,active,11247.57,2026-11-23T12:00:00Z
B000147,Pioneer Analytics LLC 1107,+1 555.012.0780,accounts@pioneerawalyticsllc11071129.example,2059  River Road,Albany,NY,12207,legacy-95f154a28d4e.invalid,on_hold,15467.77,2026-10-08T20:00:00Z
B000148,Summit Office Supply LLC,555-014-2386,ACCOUNTS@summitofficecupplyllc391.example,4147 River Rd,Raleigh,NC,27601,legacy-8c5cc4d67d01.invalid,on_hold,5353.13,2026-02-18T14:00:00Z
B000149,Evergreen Technology Limited,555-018-5106,,968 Market Street,Albany,NY,,legacy-cfcccab18cc7.invalid,inactive,4179.29,2025-10-08T15:00:00Z
B000150,Keystone Packaging Corporation 975,,,6969 River Road,Madison,WI,53703,legacy-750e6a3d8e8f.invalid,active,13681.62,2025-11-01T07:00:00Z
B000151,Westfield Foods LLC,555.013.6449,,3075 Main Street,Austin,TX,78701,legacy-7c80ac10052e.invalid,active,4938.63,2026-07-22T07:00:00Z
B000152,Evergreen Wholesale Limited 1093,+1 555-018-2600,accounts@evergreenwholesalelimite1115.exazple,1531 Market Street,Columbus,OH,43215,,inactive,15303.21,2026-09-24T18:00:00Z
B000153,Blue Ridge Dental Incorporated 411,,,5708 River Road,Albany,NY,12207,,on_hold,5901.59,2025-07-03T05:00:00Z
B000154,Maple Analytics Corp,,accounts@mapleanalyticscorporatiy128.example,4213 Main Street,Richmond,VA,23219,,active,1729.10,2025-02-23T15:00:00Z
B000155,Harbor Manufacturing LLC 1154,555.019.8788,accounts@harboroanufacturingllc111176.example,3799 Oak Avenue,Richmond,VA,23219,legacy-c7f1e3e3e98e.invalid,inactive,16107.82,2025-06-27T19:00:00Z
B000156,Westfield Technology LLC 1190,+1 555.035.5676,,5119  Oak Avenue,Denver,CO,80202,,inactive,16619.48,2025-08-04T19:00:00Z
B000157,Keystone Foods Corp 935,,,5486 Commerce,Madison,WI,53703,,active,13134.45,2025-06-25T02:00:00Z
B000158,Blue Ridge Equipment Incorporated 821,,ACCOUNTS@blkeridgeequipmentincorp843.example,1267  Commerce Ave,Columbus,OH,43215,,inactive,11547.34,2025-04-07T22:00:00Z
B000159,Summit Technology LLC,,,4881 Commerce Ave,Columbus,OH,43215,,inactive,5634.04,2026-06-14T22:00:00Z
B000160,Keystone Foods LLC 735,,accounts@keystonefoodsllc735757.exammle,7888  River Road,Madison,WI,53703,,on_hold,10355.32,2025-10-11T20:00:00Z
B000161,Westfield Office Supply Corporation,555.015.1561,,6590  Oak Ave,Richmond,VA,23219,www.westfieldofficesupplycor192.example,inactive,2614.64,2026-01-25T02:00:00Z
B000162,Westfield Office Supply Limited,,,481 Industrial Road,Denver,CO,80202,www.westfieldofficesupplylim292.example,on_hold,3996.17,2025-09-18T00:00:00Z
B000163,Cedar Dental Corporation 512,,accounts@xedardentalcorporation51534.example,9443 Oak Avenue,Portland,ME,04101-0000,,inactive,7284.01,2026-02-02T13:00:00Z
B000164,EVERGREEN LOGISTICS CORPORATION 543,515-018-3064,,777 River Road,Madison,WI,53703,legacy-8ee200180979.invalid,inactive,7811.72,2025-02-28T20:00:00Z
B000165,Maple Wholesale LLC 796,055.011.8632,ACCOUNTS@maplewholesalellc796818.examplj,352 Main St,Austin,TX,78701,legacy-800d9b82257d.invalid,active,11212.33,2025-05-08T21:00:00Z
B000166,Pioneer TechnologyLMC 787,+1 555.812.9496,accounts@fioneertechnologyllc787809.example,9813 Market St,Albany,NY,12207,,active,11057.18,2025-09-30T12:00:00Z
B000167,Analytics Inc 409,,,5620 Market Street,Raleigh,NC,27601,,on_hold,5911.68,2025-09-23T06:00:00Z
B000168,Westfield Manufacturing Incorporated 860,,,2714 Oak Avenue,Austin,TX,78701,westfieldmanufacturingin882.example,inactive,12083.10,2025-02-20T19:00:00Z
B000169,Cedar Wholesale Limited 692,,,6303  Oak Avenue,Austin,TX,78701,,inactive,9765.98,2025-03-24T13:00:00Z
B000170,MAPLE TECHNOLOGY INCORPORATED,555.011.1755,,3467 Oak Avenue,Denver,CO,80202,,inactive,1431.26,2026-09-23T04:00:00Z
B000171,Evergreen Wholesale Limited 693,,,6336 River Road,Columbus,OH,43215,,on_hold,9810.54,2025-08-13T02:00:00Z
B000172,Evergreen Manufacturing Incorporated 853,,accounts@evergreenmanufacturingin875.examplm,2448 Market Street,Columbus,OH,43215,legacy-7ddb31157f08.invalid,active,11965.50,2025-08-14T18:00:00Z
B000173,Rfdwood Technology Ltd 688,,accounts@redwoodtechnelogylimited710.example,6150 Main Street,Portland,ME,04101-0000,www.redwoodtechnologylimited710.example,active,9707.75,2025-10-16T06:00:00Z
B000174,WESTFIELD PACKAGING INCORPORATED 480,,,8249 Industrial Road,Portland,ME,04101,legacy-d24b53e5f51a.invalid,on_hold,6816.22,2026-09-03T19:00:00Z
B000175,Redwood Wholesale LLC 798,,accounts@redwoodwholesalellc798820.example,420 Industrial Road,Denver,CO,80202,www.redwoodwholesalellc798820.example,inactive,11207.54,2025-05-27T04:00:00Z
B000176,Pioneer Office Supply Limited 1067,,accounts@pioneerovficesupplylimit1089.example,579 Commerce Avenue,Albany,NY,12207,legacy-7c712462a409.invalid,inactive,14966.10,2025-09-25T20:00:00Z
B000177,Keystone Foods Limited,555-010-2641,,8994  Market St,Albany,NY,12207,www.keystonefoodslimited257.example,active,3489.59,2025-12-01T12:00:00Z
B000178,Westfield Foods Limited 640,558.015.6499,,4377 Main Street,Portland,ME,04101,legacy-7b32659b3d4e.invalid,inactive,9030.51,2026-02-13T09:00:00Z
B000179,Blue Ridge Office Sup LLC 761,,,8857 Commerce Avenue,Raleigh,NC,27601,,active,10708.38,2026-01-24T10:00:00Z
B000180,HARBOR FOODS LIMITED,,,8957 Industrial,Richmond,VA,23219,legacy-936cd8064b9a.invalid,on_hold,3446.81,2025-11-01T23:00:00Z
B000181,Pioneer Technology Ltd,555-082-1301,accounts@pioneertechnologylimited309.wxample,1109 Commerce Avenue,Madison,WI,53703,legacy-a50fb0b62649.invalid,inactive,4227.45,2025-08-29T23:00:00Z
B000182,Technology Incorporated 884,,,3597 Oak Avenue,Austin,TX,78701,legacy-bfbb70eb1bd6.invalid,inactive,12425.54,2025-12-15T15:00:00Z
B000183,Everhreen Manufacturing Ltd 1053,,,9850 River Road,Columbus,OH,43215,,on_hold,14747.58,2025-02-19T14:00:00Z
B000184,Redwood Packaging Ltd 1078,,accounts@redwoodpackaginglimited11100.example,972 Main Street,Denver,CO,80202,legacy-cd5fd723f00f.invalid,on_hold,15162.96,2025-03-09T20:00:00Z
B000185,Pioneer Office Supply LLC 767,355.012.3680,,9065 Commerce Avenue,Madison,WI,53703,,on_hold,10852.01,2026-09-06T04:00:00Z
B000186,Evergreen Analytics Limited,+1 555-018-1520,,7804  Commerce Avenue,Albany,NY,12207,www.evergreenanalyticslimite225.example,inactive,3065.25,2026-03-31T18:00:00Z
B000187,Maple Packagiog LLC 1176,555-011-3196,accounts@maplepacuagingllc11761198.example,4598 Industrial Road,Portland,ME,04101,legacy-cef53a4c0857.invalid,inactive,16441.53,2025-06-18T17:00:00Z
B000188,Cedar Equipment Limited 1022,,ACCOUNTS@cedarequipmentlikited1021044.example,8700 Oak Avenue,Denver,CO,80202,,inactive,14324.75,2026-03-02T06:00:00Z
B000189,Harbor Equipment Incorporated 424,555.019.5512,accounts@harborequipmeneincorpora446.example,6182 Main St,Portland,ME,04101,,active,6089.66,2025-10-05T21:00:00Z
B000190,REDWOOD TECHNOLOGY LLC 788,550.013.8244,ACCOUNTS@redwoodtechnologyllc788810.example,9856 Oak Avenue,Austin,TX,78701,,inactive,11135.07,2025-10-21T00:00:00Z
B000191,Westfield Foods Corp,,,5466 Oak Avenue,Austin,TX,,legacy-7e0509945c94.invalid,active,2201.06,2025-12-17T23:00:00Z
B000192,CEDAR TECHNOLOGY INCORPORATED 482,555.017.0513,,8335 Oak Avenue,Richmond,VA,23219,www.cedartechnologyincorpora504.example,inactive,6892.81,2026-12-18T22:00:00Z
B000193,KEYSTONE TECHNOLOGY LIMITED,555-010-3429,accounts@keystonetechnologylimite307.example,1040 River Road,Columbus,OH,43215-0000,,on_hold,4188.23,2026-03-27T14:00:00Z
B000194,Summit Office Supply Incprporated 869,555.034.1677,accounts@summitofficesupplyincorp891.exymple,3039 Commerce Ave,Columbus,OH,43215,summitofficesupplyincorp891.example,active,12277.36,2026-10-10T00:00:00Z
B000195,Evergreen Dental LLC 713,555-018-8486,,7077 Commerce Avenue,Raleigh,NC,27601,,inactive,10046.32,2025-06-21T05:00:00Z
B000196,Pioneer Packaging LLC 1177,,accounts@cioneerpackagingllc11771199.example,4643 Market St,Raleigh,NC,27601,,inactive,16492.23,2026-04-29T20:00:00Z
B000197,Westfield Wholesale Corporation 1000,555.415.4243,,7887 Main Street,Portland,ME,04101,,on_hold,14001.91,2025-12-01T00:00:00Z
B000198,Pioneer Technology Corp 987,555.012.9379,,7409 River Road,Albany,NY,12207,,inactive,13824.36,2025-12-31T03:00:00Z
B000199,Westfield Dental Incorporated,585.015.1739,accounts@westfielddxntalincorpora42.example,1039 Oak Ave,Austin,TX,78701,legacy-754b77cc46ca.invalid,on_hold,542.46,2025-11-23T13:00:00Z
B000200,Hbrbor Analytics Incorporated,575-019-9302,accounts@harboranalyticsincorpora26.ekample,443  Main Street,Austin,TX,78701,legacy-7981f7625154.invalid,active,256.96,2026-03-02T01:00:00Z
B000201,Blue Ridge Technology LLC 781,555.016.6530,accounts@blueridgeterhnologyllc78803.example,9592  Market Street,Columbus,OH,43215,,active,10966.23,2025-06-19T18:00:00Z
B000202,Redwood Equipment Limited 1028,555.013.1250,accounts@redwoodiquipmentlimited11050.example,8928  Oak Avenue,Austin,TX,78701,,inactive,14402.64,2025-05-18T22:00:00Z
B000203,Blue Ridge Analytics Limited,555-016-3974,,7722 River Road,Raleigh,NC,27601,www.blueridgeanalyticslimite223.example,active,3044.92,2025-01-19T14:00:00Z
B000204,Summit Dental Incorporated 819,,,1202 River Rd,Albany,NY,12207,legacy-a7ae3a104f6d.invalid,on_hold,11563.18,2025-05-30T01:00:00Z
B000205,Westfield Dental LLC 720,555-065-9577,accounts@qestfielddentalllc720742.example,7329 Industrial Road,Portland,ME,04101,www.westfielddentalllc720742.example,on_hold,10201.21,2025-09-25T17:00:00Z
B000206,CEDAR DENTAL LLC 1112,,accounts@cedardentklllc11121134.example,2232 Oak Avenue,Portland,ME,04101,,on_hold,15559.64,2025-06-12T23:00:00Z
B000207,REDWOOD ANALYTICS INCORPORATED 808,,,781 Main,Portland,ME,04101,legacy-9bd0a79df43b.invalid,active,11411.26,2025-02-02T21:00:00Z
B000208,Cedar Logistics Incorporated 442,555.017.4870,,6851 Main St,Richmond,VA,23219-0000,legacy-d5967dccc1bc.invalid,active,6327.43,2026-08-17T17:00:00Z
B000209,Blue Ridge Equipment Limited 621,555-016-8455,accounts@bluerimgeequipmentlimite643.example,3672 River Rd,Columbus,OH,43215,legacy-a97b58d60ccc.invalid,on_hold,8814.31,2025-04-21T19:00:00Z
B000210,Westfield Technology LLC,,,4918 Industrial Road,Denver,CO,80202,legacy-7751da188431.invalid,on_hold,5638.82,2026-02-23T04:00:00Z
B000211,Harbor Wholesale Ltd,555-029-1996,,1363 Industrial Rd,Denver,CO,80202,www.harborwholesalelimited316.example,on_hold,4303.85,2026-12-22T07:00:00Z
B000212,HARBOR DENTAL,,accounts@harbordentalincorporated36.exampxe,809 Oak,Denver,CO,80202,,inactive,436.25,2026-05-26T19:00:00Z
B000213,Keystone Wholesale LLC 795,,accounts@kcystonewholesalellc795817.example,316 River Road,Albany,NY,12207,,on_hold,11230.70,2025-05-17T20:00:00Z
B000214,Evergreen Dental Ltd 613,,accounts@evergreendentallimited61635.example,3381 Market Street,Columbus,OH,43215,legacy-a72586d0fe4d.invalid,active,8712.18,2026-06-19T18:00:00Z
B000215,EVERGREEN ANALYTICS CORPORATION 503,555-318-1771,ACCOUNTS@evergreenanalcticscorpor525.example,9111 Commerce Avenue,Madison,WI,53703,legacy-94a1c2108a98.invalid,inactive,7155.78,2026-09-01T03:00:00Z
B000216,Maple Office Supply Limited,,,340 Oak,Richmond,VA,,legacy-8f3f129044b5.invalid,inactive,3935.40,2025-03-04T19:00:00Z
B000217,Summit Manufacturing Corporation 559,855-014-3601,accounts@summitmanufacturingcorpo581.examble,1381  Market Street,Madison,WI,53703,legacy-bdce30b36ea1.invalid,on_hold,8039.15,2026-03-19T12:00:00Z
B000218,Westfield Office Supply Ltd 670,,,5475 Main,Denver,CO,80202,legacy-cc8076719d2c.invalid,active,9497.62,2026-06-07T15:00:00Z
B000219,Evergreen Dental Inc 813,,,971 River Road,Columbus,OH,43215,,active,11454.77,2026-03-09T14:00:00Z
B000220,Cedar Technology Limited 1082,,accounts@cedartecynologylimited101104.example,1126 Oak Avenue,Richmond,VA,23219,www.cedartechnologylimited101104.example,on_hold,15184.76,2025-12-09T03:00:00Z
B000221,Evergreen Technology Corporation 583,,ACCOUNTS@evergreentechnolegycorpo605.example,2275 Market Street,Madison,WI,53703-0000,legacy-a91c7db7ee35.invalid,active,8271.15,2026-02-18T17:00:00Z
B000222,Harbor Analytics Corporation 904,,accounts@harboranjlyticscorporati926.example,4349 Main Street,Portland,ME,04101,legacy-d1bb4a9af0e8.invalid,inactive,12732.79,2026-06-23T05:00:00Z
B000223,Harbor Logistics LLC 744,555.019.2584,,8214  Industrial Road,Portland,ME,04101,legacy-9d95a2addfb0.invalid,inactive,10529.68,2025-12-06T17:00:00Z
B000224,MAPLE ANALYTICS LLC 1106,595.011.7004,ACCOUNTS@mapleanalyticsplc11061128.example,2012 Oak Avenue,Richmond,VA,23219,,inactive,15493.52,2026-05-06T19:00:00Z
B000225,Cedar Analytics LLC 1102,555.017.1575,accounts@cedaranalyticsllc11021124.example,1869 Main Street,Denver,CO,80202,legacy-83b8b9d3705c.invalid,active,15412.10,2025-11-26T19:00:00Z
B000226,Westfield Foods LLC 1140,,,3277 Industrial Road,Austin,TX,78701,legacy-bd49a3223ca9.invalid,on_hold,15936.74,2026-06-07T20:00:00Z
B000227,Redwood Office Supply Inc 468,555.013.3637,accounts@wedwoodofficesupplyincor490.example,7817 Industrial Road,Austin,TX,78701,legacy-9469e27ad55f.invalid,on_hold,6711.92,2026-09-11T18:00:00Z
B000228,Summit Packaging Corporation 979,,accounts@summitpackagingcorporati1001.examplz,7121 Market St,Albany,NY,12207,,on_hold,13816.90,2026-10-29T12:00:00Z
B000229,HARBOR WHOLESALE LIMITED 1094,,,1569 Oak Ave,Denver,CO,80202,legacy-8a0a2ff7d5af.invalid,inactive,15298.72,2026-08-24T19:00:00Z
B000230,BLUE RIDGE FOODS LLC 731,,accounts@blueridgefoodsllc731753.ehample,7732 Commerce Avenue,Albany,NY,12207,legacy-9ee67aa01791.invalid,inactive,10298.75,2025-12-14T16:00:00Z
B000231,Blue Ridge Office Supply LLC 1161,555-016-1099,accounts@blueridgkofficesupplyllc1183.example,4053 River,Raleigh,NC,27601,,on_hold,16244.40,2026-08-28T20:00:00Z
B000232,Maple LLC,355-011-9543,,3294 Main Street,Richmond,VA,23219,maplelogisticsllc368.example,active,4967.74,2026-02-01T15:00:00Z
B000233,Keystone Manufacturing LLC 755,+1 555.010.7050,accounts@kehstonemanufacturingllc777.example,8636  Commerce Ave,Albany,NY,12207,legacy-aaf205b7b32d.invalid,on_hold,10655.75,2026-08-12T04:00:00Z
B000234,Summit Wholesale LLC,,accounts@summitwholesalelwc421.example,5262 River Road,Madison,WI,53703,,inactive,5778.70,2025-06-06T22:00:00Z
B000235,Pioneer Wholesale LLC 797,,accounts@pioneerwholesajellc797819.example,382  Commerce Avenue,Columbus,OH,43215,,inactive,11251.58,2026-01-01T22:00:00Z
B000236,Summit Wholesale Corporation 999,,,7854 River Road,Madison,WI,53703-0000,legacy-c59e72ea90b9.invalid,on_hold,14025.74,2025-04-19T20:00:00Z
B000237,Redwood Manufacturing LLC 1158,555.413.4664,accounts@redwoodmanufacturingllc11180.example,3932 Industrial Road,Denver,CO,80202,www.redwoodmanufacturingllc11180.example,on_hold,16206.50,2025-05-02T05:00:00Z
B000238,Keystone Technology Limited 685,,,6035 Market Street,Columbus,OH,,,on_hold,9777.77,2025-09-12T18:00:00Z
B000239,Pioneer Foods Limited 1037,,accounts@pioneerfoodslimited10371059.exauple,9268  Commerce Ave,Columbus,OH,43215,pioneerfoodslimited10371059.example,inactive,14529.67,2026-02-06T22:00:00Z
B000240,Blue Ridge Dental Corporation 511,,ACCOUNTS@blueridgedentalcorporati533.example,9397 Market Street,Madison,WI,53703,,active,7257.97,2026-04-26T22:00:00Z
B000241,Reewood Equipment Incorporated,,,1331 Main St,Austin,TX,78701,,active,625.64,2025-04-25T03:00:00Z
B000242,WESTFIELD FOODS LIMITED,,,9178 Industrial Rd,Portland,ME,04101,www.westfieldfoodslimited262.example,on_hold,3546.99,2025-02-02T17:00:00Z
B000243,Keystone Equipment Incorporated,,,1221 Market Street,Raleigh,NC,27601,legacy-98029a91fc2e.invalid,active,538.91,2026-05-20T18:00:00Z
B000244,CEDAR ANALYTICS DORPORATION 502,555.010.2294,accounts@cedaranalyqicscorporatio524.example,9062 Main Street,Denver,CO,80202-0000,cedaranalyticscorporatio524.example,active,7135.44,2025-02-21T19:00:00Z
B000245,Hasbor Office Supply Incorporated 864,,,2867 Industrial Road,Portland,ME,04101,,on_hold,12127.15,2025-08-03T23:00:00Z
B000246,Summit Logistics Incorporated 849,,accounts@sumcitlogisticsincorpora871.example,2312 River Road,Raleigh,NC,27601,,active,11953.17,2026-06-28T14:00:00Z
B000247,Keystone Foods LLC 1135,555-040-2366,,3090 Market Street,Madison,WI,53703,www.keystonefoodsllc11351157.example,active,15884.49,2025-02-09T12:00:00Z
B000248,Pioneer Dental Incorporated,555.012.2560,,919  Commerce Avenue,Raleigh,NC,27601,,inactive,492.58,2026-11-22T22:00:00Z
B000249,Evergreen Analytics Corporation 903,555.014.1082,ACCOUNTS@evergreenanalyticscokpor925.example,4300 River Road,Madison,WI,53703,,on_hold,12713.20,2026-11-16T20:00:00Z
B000250,Redwood Logistics LLC 748,,accounts@redwoodlogisticslpc748770.example,8367  Main Street,Austin,TX,78701,legacy-c0f02f0639c5.invalid,active,10550.53,2026-05-24T21:00:00Z
B000251,MAPLE ANALYTICS INCORPORATED,555-011-8025,ACCOUNTS@mapleanalyticsincorporat28.example,515 Industrial Rd,Denver,CO,80202,legacy-c21ce6cf7c6d.invalid,on_hold,318.51,2025-03-27T05:00:00Z
B000252,Cedar Technology Corporation 982,,,7221 Main Street,Denver,CO,80202,legacy-a3e6288e6bf6.invalid,inactive,13822.87,2026-09-16T15:00:00Z
B000253,Maple Foods Incorporated 436,,ACCOUNTS@maplefoodsincofporated43458.example,6625 Main St,Austin,TX,78701,,active,6224.30,2026-10-29T21:00:00Z
B000254,Harbor Manufacturing Corporation,551.019.9659,,5999 Main St,Richmond,VA,23219,legacy-8cebe2bd4c89.invalid,active,2343.13,2025-12-23T16:00:00Z
B000255,Summit Logistics LLC 1149,,,3603 River Road,Columbus,OH,43215,legacy-8a1af2d63e9e.invalid,on_hold,16111.36,2025-03-15T21:00:00Z
B000256,Cedar Office Supply Corporation 962,555.017.8868,accounts@cedarofficesupplycorpora984.example,6481  Oak Ave,Richmond,VA,23219,legacy-8f41a1dad3fb.invalid,on_hold,13528.18,2025-08-27T19:00:00Z
B000257,Keystone Office Supply Corporation 965,555.010.6194,,6599 Commerce Ave,Columbus,OH,43215-0000,,active,13627.42,2026-02-11T10:00:00Z
B000258,Cedar Wholesale Inc 492,+1 555.018.4577,,8715 Industrial Rd,Austin,TX,78701,legacy-82fdba866618.invalid,on_hold,7007.78,2025-09-12T17:00:00Z
B000259,Cedar Logistics Corporation 942,555-017-5455,,5753 Industrial Road,Denver,CO,80202,legacy-b5a250fbb09a.invalid,on_hold,13243.34,2025-09-21T04:00:00Z
B000260,Cedar Foods Corporation,,,5183 Industrial Rd,Austin,TX,78701,cedarfoodscorporation154.example,on_hold,2038.63,2026-11-16T17:00:00Z
B000261,Redwood Wholesale Ltd,,,1517 Main Street,Richmond,VA,23219,,active,4340.32,2026-02-12T15:00:00Z
B000262,Redwood Dental Corporation 518,555-813-3359,accounts@redwooddentalcorporation540.example,9666 Oak,Denver,CO,80202-0000,,inactive,7356.00,2025-08-17T01:00:00Z
B000263,Westfield Equipment Limited 1030,+4 555.015.7998,accounts@westfiepdequipmentlimite1052.example,9000 Main Street,Denver,CO,80202-0000,legacy-9893fff3a523.invalid,inactive,14381.20,2026-05-13T15:00:00Z
B000264,Blue Ridge Foods Corporation 931,255-016-6488,accounts@blueridgefoodtcorporatso953.example,5336 Market Street,Albany,NY,,,active,13084.52,2025-04-01T12:00:00Z
B000265,Maple Logistics Incorporated 446,,,6989 Oak Avenue,Denver,CO,80202-0000,legacy-923700732c4d.invalid,inactive,6387.23,2025-11-21T00:00:00Z
B000266,Evergreen Foods LLC 1133,,accounts@evergreenfoodsllc11331155.example,3008 Commerce Ave,Columbus,OH,43215,legacy-a0b98c388b01.invalid,active,15929.32,2026-03-01T06:00:00Z
B000267,Redwood Manufacturing Ltd 1058,555-018-4058,accounts@redwoodmaqufacturinglimi1080.example,238 Oak Ave,Richmond,VA,,legacy-ae3ceda4a094.invalid,inactive,14856.38,2025-07-13T19:00:00Z
B000268,Pioneer Equipment Incorporated,,,1288 River Road,Albany,NY,12207,,on_hold,578.03,2026-05-06T02:00:00Z
B000269,Harbor Tfchnology LLC 784,,,9707  Main St,Portland,ME,04102,harbortechnologyllc784806.example,active,11071.65,2025-03-18T21:00:00Z
B000270,Harbor Office Supply LLC 1164,565.015.6833,accounts@hrrborofficesupplyllc1161186.example,4155 Industrial Road,Austin,TX,78701,,on_hold,16307.99,2025-11-04T01:00:00Z
B000271,Summit Packaging Corporation,555.014.2438,,6913 Commerce Ave,Albany,NY,12207,,inactive,2719.38,2026-01-04T16:00:00Z
B000272,Summit Equipment LLC 1129,,accounts@summitequipmentllc11291151.example,2859 Market St,Raleigh,NC,27601-0000,,active,15819.01,2026-06-08T18:00:00Z
B000273,MAPLE MANUFACTURING LLC 756,555-111-6758,accounts@maplemanufacturingllc756778.examcle,8673 Industrial Road,Austin,TX,78701,,inactive,10710.71,2026-02-23T20:00:00Z
B000274,Summit Manufacturing Corporation 559,555.014.9601,accounts@summitmanuvacturingcorpo581.example,1381 Market Street,Madison,WI,53703,,on_hold,7948.65,2026-03-19T12:00:00Z
B000275,Evergreen Mbnufacturing Incorporated,515-018-2289,,2248 Commerce Ave,Columbus,OH,43215-0000,,inactive,964.22,2026-05-18T02:00:00Z
B000276,Cedar Wholesale LLC,555.017.4548,,4999  Oak Avenue,Portland,ME,04101,legacy-c22baa2bb2c1.invalid,inactive,5619.84,2026-10-08T00:00:00Z
B000277,Northstar Medical Group Incorporated,,,114 Market Street,Albany,NY,12207,legacy-b56879e2c42b.invalid,active,160.93,2025-06-23T13:00:00Z
B000278,Keystone Office Supplz LLC,555.010.6583,accounts@keystoneofficesupplyzlc387.example,3997 Commerce Avenue,Columbus,OH,43215,legacy-d96818daaa6d.invalid,inactive,5231.24,2026-01-03T22:00:00Z
B000279,PIONEER ANALYTICS INCORPORATED 407,,accounts@pioneeraaalyticsincorpor429.example,5559  Commerce Avenue,Madison,WI,53703-0000,legacy-ba99449710fd.invalid,inactive,5811.32,2025-08-07T17:00:00Z
B000280,WestfieldDental Corporation 520,,,9733 Main Street,Portland,ME,04101,legacy-a57fc4e99b24.invalid,active,7419.70,2026-03-27T00:00:00Z
B000281,REDWOOD MANUFACTURING INCORPORATED 458,555.043.4859,accounts@redwoodmandfacturinginco480.example,7445 Oak Avenue,Richmond,VA,23219,legacy-cadaffc67fe0.invalid,inactive,6537.37,2026-04-28T19:00:00Z
B000282,Cedar Limited,555-317-7856,accounts@cedarpackaginglimited294.ecample,560 Oak Avenue,Portland,ME,04101,,inactive,3994.41,2025-03-21T13:00:00Z
B000283,Maple Dental Incorporated 816,,,1081 Industrial Rd,Portland,ME,04101,legacy-77ab704897ea.invalid,inactive,11538.41,2025-11-17T22:00:00Z
B000284,CEDAR DENTAL INCORPORATED,555.017.3140,,740 Industrial,Austin,TX,78701,,on_hold,388.58,2025-07-24T17:00:00Z
B000285,Summit Dental Limited 619,559.014.2324,,3588 Market Street,Albany,NY,12207,,active,8740.65,2026-05-16T14:00:00Z
B000286,Maple Technology Corp,,,7177  Industrial Road,Richmond,VA,23219,,on_hold,2825.97,2025-05-18T11:00:00Z
B000287,Maple Manufacturing Corp,555.011.7334,,1264 Main Street,Austin,TX,78701,www.maplemanufacturingcorpor578.example,on_hold,7896.93,2025-11-27T22:00:00Z
B000288,Evergreen Wholesale Incorporated,,accounts@evergreenwholesaleincorp115.example,3738 River Road,Columbus,OH,43215,legacy-c60f47ba74f0.invalid,on_hold,1529.54,2026-08-22T02:00:00Z
B000289,Keystone Technology Incorporated,,accounts@keyntonetechnologyincorp107.example,3441 Market Street,Columbus,OH,43215,legacy-9b290d3485fd.invalid,active,1375.59,2025-04-27T18:00:00Z
B000290,Westfield Packaging Limited,,,861 Main Street,Portland,ME,04101,,active,4119.57,2025-03-03T21:00:00Z
B000291,Summit Logistics Incorporated 849,555-014-6105,accounts@summitlogisticfincorpora871.example,2312 River Rd,Raleigh,NC,27601,,inactive,11994.92,2026-06-25T01:00:00Z
B000292,Blue Ridge Analytics Incorporated 801,515.016.2741,ACCOUNTS@blueridgeanalyticsincorp823.example,536 River Road,Raleigh,NC,27601-0000,,on_hold,11270.88,2025-01-28T14:00:00Z
B000293,Evergreen Technology Corporation 983,,,7271 Commerce Ave,Madison,WI,53703,legacy-9f365b8ed2fe.invalid,inactive,13761.30,2025-03-10T19:00:00Z
B000294,Evergreen Foods Limited 633,,,4116 River Road,Raleigh,NC,27601,www.evergreenfoodslimited633655.example,on_hold,8925.41,2026-03-11T01:00:00Z
B000295,Westfield Office Supply Incorporated,,,2881 Main Street,Denver,CO,80202-0000,,inactive,1295.64,2026-03-17T02:00:00Z
B000296,Summit Dental LLC 1119,+1 055-014-1736,,2496 River Road,Madison,WI,53703,summitdentalllc11191141.example,on_hold,15632.88,2025-06-01T20:00:00Z
B000297,WESTFIELD OFFICE SUPPLY INCORPORATED 870,,accounts@westfieldofficesucplyinc892.example,3090 Industrial Road,Denver,CO,80202,,on_hold,12213.25,2026-06-27T23:00:00Z
B000298,Cedar Office Supply Incorporated,,,2592 Oak Avenue,Denver,CO,80202,,on_hold,1054.77,2026-05-12T02:00:00Z
B000299,Redwood Wholesale LLC,552-013-6825,ACCOUNTS@redwoodwholesalellc420.example,5226 Oak Avenue,Denver,CO,80202,redwoodwholesalellc420.example,active,5774.55,2026-04-29T19:00:00Z
B000300,Summit Foods LLC 1139,655-014-7070,accounts@slmmitfoodsllc11391161.example,3234 Commerce Avenue,Albany,NY,12207,legacy-7ca14fb1bfde.invalid,inactive,15922.89,2026-09-28T17:00:00Z
B000301,Summit Analytics Limited,595.014.3038,,8227 Market Street,Raleigh,NC,27601,legacy-ae4b107a1c3d.invalid,on_hold,14196.56,2026-07-26T18:00:00Z
B000302,Pioneer Packaging Corp 977,555.012.1923,,7040  Commerce Ave,Raleigh,NC,27601,,inactive,13706.07,2026-10-28T22:00:00Z
B000303,Blue Ridge Incorporated 441,,,6807 River Road,Raleigh,NC,27601,legacy-95e773912393.invalid,on_hold,6283.75,2025-03-03T00:00:00Z
B000304,Pioneer Wholesale Inc 497,+1 555.012.7511,accounts@pioneerwholesaleincorpor519.examlle,8876 Commerce Avenue,Raleigh,NC,27601,,inactive,7108.92,2026-06-16T22:00:00Z
B000305,Blue Ridge Technology Ltd 681,,accounts@blreridgetechnologylimit703.example,5892 River Road,Raleigh,NC,27601,,inactive,9722.38,2026-01-18T14:00:00Z
B000306,Summit Packaging LLC,,,9511 Commerce Avenue,Albany,NY,12207-0000,,inactive,10937.54,2025-05-13T16:00:00Z
B000307,Keystone Logistics Ltd 1045,,,9566  Market Street,Columbus,OH,43215-0000,,inactive,14650.06,2025-02-16T04:00:00Z
B000308,HARBOR MANUFACTURING INCORPORATED 454,,accounts@harbormatufacturingincor476.example,7306 Main Street,Denver,CO,80202,legacy-99156e809843.invalid,active,6457.42,2026-03-11T15:00:00Z
B000309,Blue Ridge Wholesale Corporation,550.016.6025,accounts@blueridgewholesalectrpor213.example,7359  Commerce Ave,Madison,WI,,legacy-cf5d032b3c73.invalid,inactive,2902.80,2026-08-16T04:00:00Z
B000310,Blue Ridge Equipment Corporation 521,,accounts@blueridgeequipmentcorpor543.bxample,9764  Commerce Avenue,Raleigh,NC,27601-0000,legacy-d2d979c039dc.invalid,inactive,7403.16,2026-01-04T22:00:00Z
B000311,Evergreen DentalLLC 1113,553-018-8189,accounts@evergreendxntalllc11131135.example,2276 River Road,Raleigh,NC,27601,legacy-81838eb950b7.invalid,on_hold,15599.70,2026-04-09T22:00:00Z
B000312,Cedar Equipment Corporation,555.017.7841,accounts@cedarequipmentcorporqtio144.example,4813 Oak Avenue,Richmond,VA,23219,,inactive,1943.90,2026-11-24T19:00:00Z
B000313,Westfield Manufacturing LLC 760,555.015.2932,accounts@westaieldmanufacturingll782.example,8814 Main Street,Portland,ME,04101,legacy-75d359cddd7a.invalid,active,10675.91,2025-11-19T05:00:00Z
B000314,Harbor Equipment Corporation 524,,,9881  Oak Ave,Austin,TX,78701,,inactive,7465.21,2025-01-25T14:00:00Z
B000315,Keystone Wholesale Incorporated 495,,,8808 River Rd,Madison,WI,53703,,active,7018.44,2025-05-12T20:00:00Z
B000316,Summit Goods LLC 739,,ACCOUNTS@summitfoodsllc739761.example,8043 Market Street,Albany,NY,12207,legacy-944c688441cc.invalid,inactive,10407.04,2025-06-18T12:00:00Z
B000317,Maple Office Supply Limited 666,,accounts@macleofficesupplylimited688.example,5332 Industrial,Richmond,VA,23219,legacy-90b2cd0e0c5f.invalid,on_hold,9406.27,2026-05-24T23:00:00Z
B000318,Technology Incorporated,555.518.4932,,3362 Commerce Avenue,Albany,NY,12207,legacy-8a623e7c0878.invalid,active,1450.08,2026-09-10T16:00:00Z
B000319,Redwood Office Supply Ltd,,,407 Main Street,Austin,TX,78701,www.redwoodofficesupplylimit290.example,active,3924.36,2026-04-13T02:00:00Z
B000320,Evergreen Technology LLC,555-018-5559,accounts@evergreejtechnologyllc405.example,4670 Commerce Avenue,Madison,WI,53703,legacy-ac670a58ff15.invalid,inactive,5506.75,2025-04-05T00:00:00Z
B000321,Maple Technology LLC,505-011-1905,accounts@mapletechnologylcc408.example,4773 Oak Avenue,Richmond,VA,23219-0000,,active,5516.35,2026-07-01T21:00:00Z
B000322,PIONEER EQUIPMENT LLC,+1 556-012-2328,,2594 River Road,Madison,WI,53703,legacy-793c98fe9e3c.invalid,on_hold,4776.52,2025-07-18T05:00:00Z
B000323,Keystone Logistics LLC 1145,555.010.9347,ACCOUNTS@keystonelogisticsllc11451167.example,3450 Commerce Avenue,Raleigh,NC,27601,legacy-84ab34138604.invalid,inactive,15998.58,2025-01-16T22:00:00Z
B000324,Redwood Technolohy LLC,,,4849 Main Street,Austin,TX,78701,,active,5597.29,2026-03-07T08:00:00Z
B000325,Evergreen Foods Corporation,555-018-5894,accounts@evergreenfoodscorporatio155.example,5209 Market Street,Columbus,OH,43215,legacy-7764494f3654.invalid,on_hold,2117.43,2026-08-25T18:00:00Z
B000326,Keystone OfficeSup LLC 1165,555.060.5252,,4206 Market,Columbus,OH,43215,,on_hold,16393.26,2026-06-28T18:00:00Z
B000327,Blue Ridge Limited 1071,,,719 River Road,Madison,WI,53703,,on_hold,15020.91,2026-08-31T22:00:00Z
B000328,Cedar Office Supply LMC 1162,,,4085 Main,Richmond,VA,23219,legacy-8db18cb5ccbd.invalid,inactive,16308.81,2026-09-13T15:00:00Z
B000329,Summit Manufacturing LLC 1159,,accounts@summitmanufacturingllt111181.example,3979 Market St,Madison,WI,53703,legacy-84f38a15a151.invalid,active,16253.13,2025-02-28T12:00:00Z
B000330,Pioneer Packaging Ltd 1077,575.012.1763,accounts@pilneerpackaginglimited11099.example,947 River Road,Columbus,OH,43215,www.pioneerpackaginglimited11099.example,on_hold,15080.17,2026-02-09T21:00:00Z
B000331,Evergreen Dental Incorporated,,,775 Market Street,Columbus,OH,43215,legacy-a072604b6691.invalid,active,408.14,2026-09-12T18:00:00Z
B000332,Keystone Equjpment Incorporated 425,,,6210 Commerce,Raleigh,NC,27601,,inactive,6133.31,2025-02-26T00:00:00Z
B000333,EVERGREEN OFFICE SUPPLY LIMITED 1063,555.018.3342,,420 Market Street,Madison,WI,53703,,active,14866.85,2026-05-29T12:00:00Z
B000334,Summit Analytics Corporation 509,,accounts@summitanalyticscorporati531.exampae,9326 Commerce Avenue,Columbus,OH,43215-0000,legacy-b2020a7283c8.invalid,inactive,7274.68,2026-09-11T22:00:00Z
B000335,Maple Logistics Corp 546,555-011-9094,,893  Industrial Rd,Richmond,VA,23219,legacy-84e5c3b588e1.invalid,on_hold,7757.17,2025-08-15T11:00:00Z
B000336,Blue Ridge Office Supply Corp,555.016.1767,,6245 Commerce Ave,Raleigh,NC,27601,legacy-86afe349d0c3.invalid,inactive,2487.90,2026-11-07T22:00:00Z
B000337,Redwood Office Supply Ltd 668,,accounts@redwoodofficedupplylimit690.example,5405 Oak Ave,Austin,TX,78701,legacy-b2ae6e1d998f.invalid,active,9457.50,2026-02-03T16:00:00Z
B000338,Keystone Office Supply Corporation,,,6392 River Road,Columbus,OH,43215,,active,2517.66,2026-06-26T19:00:00Z
B000339,Summit Logistics Ltd 649,,accounts@summitlogisticslimited64671.example,4711 Market St,Raleigh,NC,,legacy-8eb5e944935c.invalid,inactive,9266.19,2025-08-19T23:00:00Z
B000340,EVERGREEN DENTAL CORPORATION 913,555.018.8020,accounts@evergreendentazcorporati935.example,4676 Market Street,Raleigh,NC,27601-0000,,active,12796.16,2026-08-05T18:00:00Z
B000341,Evergreen Dental Limited,551.018.9193,accounts@evergreendentallimited235.example,8179  River Road,Columbus,OH,,legacy-91c473edce98.invalid,inactive,3126.03,2026-08-31T14:00:00Z
B000342,Blue Ridge Office Supply LLC,555.016.2005,accounts@bluevidgeofficesupplyllc383.example,3853 Market Street,Raleigh,NC,27602,legacy-c11b9b419976.invalid,active,5223.18,2026-03-22T04:00:00Z
B000343,Westfield Packaging Limited 1080,515.015.7551,,1059 Industrial Road,Portland,ME,04101,www.westfieldpackaginglimite1102.example,on_hold,15096.17,2026-08-15T00:00:00Z
B000344,Cedar Logjstics LLC 1142,555-027-4056,accounts@cedarlogisticsalc11421164.example,3345 Oak Avenue,Denver,CO,80202,legacy-8a5c97f9c52c.invalid,on_hold,15970.04,2026-03-17T06:00:00Z
B000345,BLUE RIDGE EQUIPMENT CORPORATION 921,+1 555.016.4344,accounts@blueridgeequipmentcorpor943.oxample,4977 River Rd,Raleigh,NC,27601,legacy-caf3e89c333c.invalid,active,12947.81,2025-04-19T14:00:00Z
B000346,Redwood Equipment LLC 728,,,7622 Oak Avenue,Portland,ME,04101-0000,,inactive,10264.22,2025-10-09T20:00:00Z
B000347,Blue Ridge Technology Ltd,555.016.7575,,889 Commerce Avenue,Raleigh,NC,27601-0000,www.blueridgetechnologylimit303.example,inactive,4109.57,2026-04-12T22:00:00Z
B000348,Harbor Dental Corp 514,,,9503  Main Street,Richmond,VA,23219,,inactive,7261.05,2026-01-28T15:00:00Z
B000349,Westfield Wholesale Corporation 600,555-025-4764,,2885 Industrial Road,Portland,ME,04101,legacy-7fc2de54ddaf.invalid,active,8580.20,2026-06-21T17:00:00Z
B000350,REDWOOD MANUFACTURING CORPORATION 958,,accounts@redwoodmanufackuringcorp980.example,6339  Main Street,Denver,CO,80202,legacy-a3615f56d530.invalid,active,13471.44,2025-01-29T15:00:00Z
B000351,PioneerPackaging LLC 777,,accounts@pioneerpackagingllc777799.exagple,9441 River Road,Raleigh,NC,27601-0000,,on_hold,10955.08,2025-01-22T14:00:00Z
B000352,Harbor Packaging Incorporated 874,559-019-5029,,3237 Main Street,Richmond,VA,23219,,active,12312.17,2026-04-15T17:00:00Z
B000353,Redwood Wholesale Inc,,accounts@redwoodwholesaleincorpor120.example,3919 Oak Ave,Richmond,VA,23219,,on_hold,1609.87,2026-07-10T19:00:00Z
B000354,Pioneer Wholfsale Corporation,,,7577 Commerce Ave,Columbus,OH,43215,legacy-8ecffa872938.invalid,inactive,2974.86,2026-06-26T03:00:00Z
B000355,Evergreen LLC,555-018-3139,,5042 River Road,Raleigh,NC,27601,legacy-8b2763636227.invalid,on_hold,5661.83,2025-06-28T17:00:00Z
B000356,Cedar Analytics Incorporated 402,555.012.2207,accounts@cedaranalyticsincorporat424.example,5370  Industrial Rd,Richmond,VA,23219,www.cedaranalyticsincorporat424.example,on_hold,5810.65,2026-06-28T23:00:00Z
B000357,Cedar LogisticsLimited,,,9251 Oak,Richmond,VA,23219,,active,3637.79,2026-09-17T19:00:00Z
B000358,Harbor Wholesale Corporation 594,+1 555-013-2386,ACCOUNTS@haruorwholesalecorporati616.example,2668 Industrial Road,Richmond,VA,23219,,on_hold,8386.63,2025-09-05T06:00:00Z
B000359,Evergreen Office Supply LLC,555.018.9038,accounts@evergreenofficesupplyllc385.example,3930 River Rd,Albany,NY,12207-0000,legacy-8ef420daa627.invalid,on_hold,5243.03,2025-07-10T20:00:00Z
B000360,CedarPackaging Limited 1072,,accounts@cedarpackaginglimited1071094.example,749 Main Street,Portland,ME,04101,legacy-ba659fa8805f.invalid,active,14997.74,2026-04-20T21:00:00Z
B000361,Blue Ridge Packaging Incorporated,555-416-8974,,2913  Commerce Avenue,Madison,WI,53703,,inactive,1198.24,2026-05-01T16:00:00Z
B000362,Redwood Equipment Limited,555-013-1475,ACCOUNTS@redwoodequipmentlimitwd250.example,8727  Industrial Road,Austin,TX,78701,legacy-9247f574018c.invalid,on_hold,3372.39,2026-01-07T17:00:00Z
B000363,Keystone Dental Inc 415,555-010-6161,,5855  Market Street,Madison,WI,53703,,active,5919.98,2026-06-05T12:00:00Z
B000364,Summit Technology Inc,,accounts@summittechnologyincorpor111.example,3580 Commerce Avenue,Raleigh,NC,27601,,on_hold,1432.53,2026-09-30T22:00:00Z
B000365,Westfield Logistics Incorporated 850,,accounts@westfieldlogisticsincorp872.example,2339 Main Street,Richmond,VA,23219,,active,11964.49,2025-06-05T15:00:00Z
B000366,Westfield Technology Limited 690,,,6224 Industrial Road,Richmond,VA,23219,legacy-8cc42ec898b5.invalid,active,9789.99,2025-08-29T23:00:00Z
B000367,Maple Equipment Corp,,ACCOUNTS@mapleequipmentcorporazio148.example,4958  Industrial Road,Denver,CO,80202,,on_hold,1938.21,2026-09-24T23:00:00Z
B000368,Keystone Equipment LLC,+1 555.010.4734,accounts@keystoneequilmentllc347.example,2514  Market St,Columbus,OH,43215-0000,www.keystoneequipmentllc347.example,active,4682.21,2025-02-10T18:00:00Z
B000369,Pioneer Equipment Corporation 927,,,5184  River Road,Madison,WI,,,on_hold,12980.97,2026-07-16T20:00:00Z
B000370,Cedar Analytics Incorporated 802,555.017.1727,,563 Main St,Richmond,VA,23219,legacy-7b325f05f916.invalid,on_hold,11320.63,2026-04-12T01:00:00Z
B000371,Pioneer Foods LLC,555.012.1017,,2969 Market Street,Raleigh,NC,27601,legacy-7dd4bd160f41.invalid,active,4842.98,2026-12-07T19:00:00Z
B000372,Cedar Office Supply LLC,,,3897 Oak Avenue,Richmond,VA,23220,,on_hold,5190.88,2025-09-13T19:00:00Z
B000373,MAPLE EQUIPMENT CORPORATION 926,,,5148 Oak Avenue,Denver,CO,80202,legacy-d7759e305fcd.invalid,inactive,12983.60,2026-09-19T20:00:00Z
B000374,Cedar Packaging Corp,,accounts@cebarpackagingcorporatio194.example,6649 Main Street,Austin,TX,78701,legacy-cd880d875da1.invalid,inactive,2595.79,2026-05-29T21:00:00Z
B000375,Pioneer EquipmentLLC 1127,,accounts@pioneerequipmentllj11271149.exbmple,2798 Commerce Avenue,Madison,WI,53703-0000,www.pioneerequipmentllc11271149.example,active,15781.83,2026-09-23T16:00:00Z
B000376,Cedar Packaging LLC 772,,accounts@cedarpackagingllc772794.examfle,9253 Main Street,Austin,TX,78701,cedarpackagingllc772794.example,inactive,10958.97,2025-03-21T21:00:00Z
B000377,SUMMIT MANUFACTURING LIMITED 659,+1 555-014-3634,ACCOUNTS@summitmanufacturigglimit681.example,5069 Commerce Avenue,Albany,NY,12207,legacy-cdb0a38cbbc6.invalid,inactive,9309.11,2025-10-03T03:00:00Z
B000378,Blue Ridge Manufacturing Corporation 951,,,6081 River Road,Madison,WI,53703,,on_hold,13322.75,2025-10-27T20:00:00Z
B000379,Harbor Equipment Limited 624,,,3785 Industrial Road,Portland,ME,04101-0000,,on_hold,8825.97,2025-12-27T17:00:00Z
B000380,Pioneer Packaging Limited,,accounts@pioneerpackaginglimited299.example,750 Market St,Columbus,OH,43215,legacy-840000e45b4f.invalid,inactive,4097.21,2026-10-08T20:00:00Z
B000381,REDWOOD EQUIPMENT INCORPORATED 428,557.013.1755,,6332  Oak Avenue,Austin,TX,78701,,inactive,6102.49,2026-06-20T14:00:00Z
B000382,EVERGREEN FOODS LIMITED 1033,,,9109 Market Street,Raleigh,NC,27601-0000,,active,14481.37,2025-10-09T18:00:00Z
B000383,REDWOOD PACKAGING LIMITED 678,,,5778 Industrial Rd,Denver,CO,80202,,on_hold,9545.58,2025-11-10T23:00:00Z
B000384,SUMMIT EQUIPMENT INCORPORATEE,,accounts@summitequipmedtincorpora51.example,1364 Commerce Avenue,Columbus,OH,43215,,inactive,672.07,2026-02-24T09:00:00Z
B000385,Maple Logistics LLC 1146,,,3489 Industrial Road,Richmond,VA,23219,,on_hold,15998.92,2026-11-20T23:00:00Z
B000386,Keystone Manufacturing Inc 455,555.010.8571,,7325  Commerce Avenue,Madison,WI,53703,,active,6547.03,2025-07-16T00:00:00Z
B000387,Westfield Logistics Inc,,,2136 Oak,Richmond,VA,23219,legacy-9151b683a3cd.invalid,inactive,924.93,2025-08-11T19:00:00Z
B000388,Redwood Packaging Corporation 578,,ACCOUNTS@redwoodpackagingcorporat600.example,2077 Oak Avenue,Richmond,VA,23219,,inactive,8216.81,2025-09-20T03:00:00Z
B000389,Westfield Packaging Corporation 580,555.715.7701,accounts@westfieldpackagingcorpor602.exaople,2149 Main Street,Austin,TX,78701,www.westfieldpackagingcorpor602.example,active,8233.70,2026-07-21T23:00:00Z
B000390,Evergreen Logistics Incorporated 843,,,2089 River Road,Albany,NY,12207-0000,legacy-7cf01e0556fc.invalid,inactive,11804.10,2025-12-03T05:00:00Z
B000391,Evergreen Analytics Limited 1003,555.318.9701,ACCOUNTS@evtrgreenanalyticslimite1025.example,8005 Market Street,Albany,NY,12207,evergreenanalyticslimite1025.example,active,14086.95,2025-10-22T18:00:00Z
B000392,Harbor Foods Corporation 534,555-011-3462,accounts@harborfooescorporatpon53556.example,457 Industrial Road,Denver,CO,80202,legacy-796bf283013a.invalid,on_hold,7619.59,2026-04-11T23:00:00Z
B000393,Redwood Wholesale Limited 698,,accounts@redwoodaholesalelimited6720.example,6513 Oak Ave,Richmond,VA,23219,,inactive,9871.66,2025-05-13T19:00:00Z
B000394,BLUE RIDGE WHOLESALE CORPORATION 591,559-016-5676,ACCOUNTS@blueridgewholesalecorpor613.eximple,2566 River Road,Madison,WI,53703,www.blueridgewholesalecorpor613.example,on_hold,8412.74,2026-07-08T20:00:00Z
B000395,EVERGREEN FOODS INCORPORATED 833,,,1713  Commerce Avenue,Raleigh,NC,27602,legacy-7604cabe77a0.invalid,inactive,11732.50,2026-10-17T22:00:00Z
B000396,Keystone Dental Corporation 515,,accounts@keistonedentalcorporatio537.example,9551 Commerce Avenue,Albany,NY,12207,legacy-88e3d882e174.invalid,inactive,7336.33,2025-09-25T16:00:00Z
B000397,Cedar Manufacturing LLC 1152,555-077-2167,,3730 Industrial,Portland,ME,04101,,active,16138.85,2025-02-08T17:00:00Z
B000398,Pioneer Technology Corporation 587,,accounts@pioneertechnologycorpora609.ekample,2416 Commerce Ave,Albany,NY,12207,www.pioneertechnologycorpora609.example,active,8327.25,2026-08-26T02:00:00Z
B000399,Keystone Analytics Limited,,,7872 Market Street,Columbus,OH,43215,www.keystoneanalyticslimited227.example,active,3096.44,2025-12-09T21:00:00Z
B000400,KEYSTONE FOODS CORPORATION 535,555-010-2679,accounts@keystonefoodscorporation557.example,486 Market Street,Madison,WI,53703-0000,legacy-81d46b2c659a.invalid,active,7572.00,2026-03-20T12:00:00Z
B000401,MAPLE WHOLESALE INCORPORATED 496,,,8858 Main St,Portland,ME,04101-0000,,active,7102.13,2025-05-29T06:00:00Z
B000402,CEDAR TECHNOLOGY LLC 1182,,accounts@cedartechnologyllc11821204.elample,4822 Industrial Rd,Denver,CO,80202,,on_hold,16520.97,2026-04-27T23:00:00Z
B000403,Blue Ridge Foods Corp 531,,accounts@blueridgefoodscorporatio553.example,333 River Road,Albany,NY,12207,,on_hold,7584.14,2026-07-05T20:00:00Z
B000404,Keyttone Packaging Incorporated 875,055-010-3905,,3265 Commerce Ave,Albany,NY,12207,legacy-a776bf4d9c06.invalid,active,12353.94,2025-03-10T04:00:00Z
B000405,Maple DentalLLC 1116,555-411-4821,accounts@maplejentalllc11161138.example,2377  Industrial Road,Austin,TX,78701,,on_hold,15648.05,2026-05-20T00:00:00Z
B000406,Summit Technology LLC 789,,,9892 River Road,Columbus,OH,43215,legacy-784431221f0e.invalid,on_hold,11086.86,2026-01-04T18:00:00Z
B000407,Harbor Analytics Corporation 504,,,9135 Industrial Road,Portland,ME,04101,legacy-b4f01052b83f.invalid,active,7188.63,2026-04-27T17:00:00Z
B000408,KEYSTONE ANALYTICS LIMITFD 1005,,,8073 River Road,Columbus,OH,,legacy-d4c06117c6b5.invalid,active,14121.02,2025-09-08T20:00:00Z
B000409,WESTFIELD OFFICE SUPPLY LIMITED 1070,,accounts@westfielhofficesupplylim1092.example,676 Oak Avenue,Denver,CO,80202,,active,14933.35,2025-07-06T23:00:00Z
B000410,Redwood Analytics Limited 608,,,3194 Oak Ave,Portland,ME,04101,legacy-a4e52f74580a.invalid,inactive,8584.66,2026-05-17T22:00:00Z
B000411,Summit DentalLLC,,,2291 Market Street,Madison,WI,53703,,active,4615.49,2026-08-02T22:00:00Z
B000412,Maple Technology Corporation 586,,accounts@mapletechnologycorporaty608.example,2379 Main St,Richmond,VA,23219,,active,8345.98,2025-02-13T23:00:00Z
B000413,Keystone Logistics Incorporated,555.010.1212,,1956 River Road,Columbus,OH,43215,www.keystonelogisticsincorpo67.example,on_hold,880.06,2025-12-24T14:00:00Z
B000414,Pioneer Office Supply Corporation 967,555-012-4168,,6678  Market Street,Madison,WI,53703,legacy-98af9163e449.invalid,active,13604.32,2026-05-15T13:00:00Z
B000415,Evergreen Manufacturing Corporation,,,5960 River Road,Raleigh,NC,27601,,on_hold,2320.75,2025-09-20T14:00:00Z
B000416,Cedar Equipment Corporation 522,,,9808 Industrial Road,Richmond,VA,23219-0000,legacy-92fb18e0f967.invalid,on_hold,7419.75,2026-04-27T07:00:00Z
B000417,Summit Foods Corporation,,accounts@summitfoodscorpqration161.example,5442 Market Street,Albany,NY,12207,legacy-8ae48070c556.invalid,active,2163.87,2026-09-07T12:00:00Z
B000418,Redwood Office Supply LLC 1168,,,4315 Main Street,Portland,ME,04101,www.redwoodofficesupplyllc111190.example,active,16364.25,2026-04-22T21:00:00Z
B000419,Blue Ridge Manufacturing Corp 551,555.016.3472,,1086 Commerce Avenue,Madison,WI,53703,,inactive,7810.20,2026-03-01T16:00:00Z
B000420,Maple Corporation 906,,accounts@mapleanalytizscorporatio928.example,4407 Industrial Rd,Richmond,VA,23219,,inactive,12700.83,2026-07-03T23:00:00Z
B000421,Redwood OfficeSupply Corporation 968,555.013.2208,accounts@redwoodofficesupplycorpo990.example,6715 Oak Avenue,Portland,ME,04101-0000,,inactive,13588.91,2026-08-21T21:00:00Z
B000422,Maple Packaging Limited1076,+1 555.091.2921,accounts@maplepackaginglimiteq1071098.example,912 Oak Avenue,Austin,TX,78701,,inactive,15092.25,2025-08-18T13:00:00Z
B000423,Redwood Foods Limited 1038,,accounts@redwoodfoodslimiied10381060.example,9301 Industrial Road,Denver,CO,80202-0000,,on_hold,14535.60,2025-02-11T23:00:00Z
B000424,Keystone Wholesale Limited 1095,,accounts@keystqnewholesalelimited1117.example,1604 River Road,Madison,WI,53703,legacy-b378939825da.invalid,on_hold,15302.13,2026-04-29T06:00:00Z
B000425,Evergreen Limited 623,,,3738 Commerce Avenue,Madison,WI,53703,,active,8878.57,2025-05-06T17:00:00Z
B000426,Harbor Analytics Limited 1004,,,8042 Oak Avenue,Austin,TX,78701,legacy-9b7048abc174.invalid,on_hold,14113.13,2026-08-10T13:00:00Z
B000427,Evergreen Packaging Inc 873,,,3187 River Road,Raleigh,NC,27601,,on_hold,12241.01,2025-05-29T22:00:00Z
B000428,KEYSTONE OFFICE SUPPLY LIMITED 1065,535.010.5663,,499  River Road,Raleigh,NC,27601,legacy-a899feff9a9a.invalid,active,14971.12,2025-03-08T22:00:00Z
B000429,Green Valley Foods Limited,+1 555.014.5747,,262 Commerce Avenue,Madison,WI,,,inactive,250.91,2025-10-20T16:00:00Z
B000430,EVERGREEN ANALYTICS LLC,,accounts@evergreenanalytirsllc325.example,1705 River Road,Madison,WI,53703,evergreenanalyticsllc325.example,on_hold,4375.72,2025-02-14T07:00:00Z
B000431,Summit Analytics Incorporated 809,555-614-3413,,818 Commerce Avenue,Raleigh,NC,27601,legacy-ce061ed885ef.invalid,on_hold,11336.67,2025-12-27T22:00:00Z
B000432,Redwood Wholesale Corporation 598,555-013-7047,,2813 Main St,Denver,CO,80202,redwoodwholesalecorporat620.example,active,8452.06,2025-08-30T15:00:00Z
B000433,PIONEER FOODS LLC 737,,accounts@pioneerfordsllc737759.example,7958 Commerce Avenue,Raleigh,NC,27601,legacy-bcbfa128ac48.invalid,inactive,10404.96,2025-07-16T01:00:00Z
B000434,Summit Technology Ltd,,accounts@summittechnologylimited311.exdmple,1190 Market Street,Raleigh,NC,27601,www.summittechnologylimited311.example,active,4237.64,2025-02-03T03:00:00Z
B000435,Harbor Logistics Limited,555.019.2713,ACCOUNTS@harborlkgisticslimited266.example,9323 Main Street,Austin,TX,78701-0000,legacy-d28fe90efb48.invalid,on_hold,3634.38,2025-03-29T07:00:00Z
B000436,Harbor Packaging LLC 1174,,,4538 Main St,Denver,CO,80202,legacy-c9bda03b755e.invalid,active,16393.86,2026-05-07T01:00:00Z
B000437,Summit Manufacturing Incorporated 859,,accounts@summstmanufacturingincor881.example,2681 Market Street,Albany,NY,12208,legacy-d54b1750dabd.invalid,active,12076.31,2025-01-08T17:00:00Z
B000438,Harbor Manufacturing Limited 1054,,,9887 Main Street,Denver,CO,80202,,active,14734.57,2025-09-20T15:00:00Z
B000439,Harcor Technology Inc 484,,,8399 Main Street,Austin,TX,78701,,active,6936.19,2025-03-27T21:00:00Z
B000440,KEYSTONE FOODS LIMITED 1035,+1 555-010-2486,ACCOUNTS@keystonefoodslimited10351057.examkle,9194 River,Albany,NY,12207,legacy-c327509b16e7.invalid,active,14561.80,2026-01-27T20:00:00Z
B000441,Blue Ridge Foods LLC,,,2732  Market Street,Albany,NY,12207,,active,4802.11,2025-12-20T15:00:00Z
B000442,Blue Ridge Logistics Ltd 1041,,accounts@blueridgelogilticslimite1063.example,9420 River Rd,Raleigh,NC,27602,,on_hold,14624.70,2025-09-13T21:00:00Z
B000443,Pioneer Corqoration,,,4259 Commerce Avenue,Albany,NY,12207-0000,legacy-b2da7ad52540.invalid,on_hold,1647.53,2025-05-08T18:00:00Z
B000444,Blue Ridge Analytics Limited 1001,575.016.3266,,7927 Commerce,Raleigh,NC,27601,legacy-c735a924bdd8.invalid,inactive,14057.40,2026-05-11T22:00:00Z
B000445,Summit Equipment Limited,,,8766 Market Street,Columbus,OH,43216,legacy-8d3aa7ed6475.invalid,inactive,3359.77,2025-02-05T02:00:00Z
B000446,BLUE RIDGE LOGISTICS LLC 741,,accounts@blueridgetogisticsllc741763.example,8111 River,Columbus,OH,,,on_hold,10454.22,2026-06-11T16:00:00Z
B000447,Redwood Manufacturing Limited,,,9845 Industrial Rd,Richmond,VA,23219,,on_hold,3796.36,2025-08-31T07:00:00Z
B000448,Redwood Foods Inc 438,,ACCOUNTS@redwoodfoodsincirporated460.example,6704 Industrial Rd,Denver,CO,,,on_hold,6258.11,2026-07-16T07:00:00Z
B000449,PIONEER EQUIPMENT INCORPORATED 427,555.019.2300,,6299 Market Street,Albany,NY,12207,,active,6148.72,2025-03-11T12:00:00Z
B000450,SUMMIT FOODS LLC,555.014.7450,accounts@summitfoudsllc361.example,3028 River Road,Albany,NY,12207,,on_hold,4938.03,2025-05-15T00:00:00Z
B000451,Westfield Dental LLC,,accounts@westfielddentalllc342.example,2340 Oak Avenue,Portland,ME,04101,,active,4743.41,2025-02-02T13:00:00Z
B000452,Blue Ridge Office Supply Incorporated,555-016-1738,,2547 Market Street,Columbus,OH,43215-0000,legacy-c8742ffbc280.invalid,inactive,1014.86,2026-07-07T04:00:00Z
B000453,Blue Ridge Logistics Corp,555-016-5599,accounts@blueridgelogisticscorpor163.examcle,5504  River Road,Columbus,OH,,,on_hold,2216.96,2026-09-19T22:00:00Z
B000454,PIONEER LOGISTICS CORPORATION 947,+1 525-012-7157,accounts@pioneerlogisticscorpofat969.example,5931  Commerce Avenue,Albany,NY,12207,,inactive,13285.82,2025-09-19T17:00:00Z
B000455,PIONEER WHOLESALE LIMITED 1097,,accounts@pioneerwholesalelimited11119.examsle,1680 Commerce Avenue,Raleigh,NC,27601,,inactive,15382.61,2025-03-15T22:00:00Z
B000456,Keystone Dental LLC 715,,,7158 Market,Albany,NY,12207,legacy-b1ccea773cde.invalid,active,10126.72,2026-10-04T17:00:00Z
B000457,HARBOR OFFICE SUPPLY CORPORATION 564,555.017.7223,,1566 Industrial Rd,Austin,TX,78701,,on_hold,7981.21,2025-08-19T19:00:00Z
B000458,Evergreen Analytics Limited 603,,accounts@zvergreenanalyticslimite625.example,3009 River Road,Albany,NY,12207,,on_hold,8530.73,2025-03-09T20:00:00Z
B000459,Pioneer Analytics Limited 1007,,accounts@pioneeranalyticslimited11029.example,8150  Commerce Avenue,Madison,WI,53703,legacy-bde9de4f2d92.invalid,active,14170.96,2026-02-20T21:00:00Z
B000460,Maple Wholesale Inc 896,,accounts@maplewholesaleincorpolat918.example,4046  Oak Avenue,Portland,ME,04101,legacy-ba7cb5818631.invalid,active,12591.69,2025-08-13T23:00:00Z
B000461,EVERGREEN EQUIPMENT,,accounts@evergreenequipmentcorpor145.example,4841 River Road,Albany,NY,12207,,on_hold,1963.20,2025-01-05T20:00:00Z
B000462,Keystone Dental Limited 615,555-410-5910,ACCOUNTS@keystonqdentallimited615637.example,3450 River Road,Madison,WI,53703,legacy-aa773e026e58.invalid,on_hold,8753.09,2025-02-19T20:00:00Z
B000463,Westfield Technology LLC 790,555.013.5620,accounts@westfiqldtechnologyllc79812.example,124 Main St,Denver,CO,80202,,active,11098.28,2026-03-16T15:00:00Z
B000464,Cedar Manufacturing Corporation 952,555-017-1707,accounts@cedarmanufacturingcorpof974.example,6121 Main Street,Portland,ME,04101,legacy-cbb2922de938.invalid,active,13363.19,2026-01-10T21:00:00Z
B000465,Maple Equipment Limited 1026,,,8860 Industrial Road,Richmond,VA,23219,,inactive,14415.57,2026-05-23T08:00:00Z
B000466,Summit Dental Limited,,accounts@summitdentallimwted241.example,8396 River Road,Albany,NY,12207,legacy-7f14714ec221.invalid,on_hold,3240.14,2025-11-10T02:00:00Z
B000467,BLUE RIDGE EQUIPMENT LIMITED,,,8464 Commerce,Columbus,OH,43215,,inactive,3251.93,2025-01-02T22:00:00Z
B000468,WESTFIELD EQUIPMENT LLC 730,255-015-8217,,7701 Main Street,Richmond,VA,23219,,inactive,10280.44,2026-11-07T15:00:00Z
B000469,Westfield Office Supply Corporation 570,,,1788 Industrial Road,Richmond,VA,23219-0000,legacy-754bb137c1b0.invalid,inactive,8080.86,2025-05-04T23:00:00Z
B000470,Blue Ridge Dental Incorporated,+1 555.016.0597,accounts@blueridgedentahincorpora33.example,702 Commerce Avenue,Albany,NY,12207,legacy-8309c5de9750.invalid,on_hold,362.37,2025-02-24T03:00:00Z
B000471,Harbor Technology Corporation 984,555.019.3764,,7297 Industrial Rd,Portland,ME,04101,legacy-82d504386984.invalid,on_hold,13783.16,2026-10-07T17:00:00Z
B000472,Redwood Manufacturing LLC 1158,555-013-4624,accounts@redwoodmanufacturingqlc11180.example,3932 Industrial Rd,Denver,CO,80202,,on_hold,16206.50,2025-03-23T23:00:00Z
B000473,Harbor Manufacturing Limited 654,556-019-8985,accounts@harbormanufacturinmlimit676.example,4898  Industrial Road,Denver,CO,80202,legacy-92eb85fd6b34.invalid,on_hold,9222.01,2025-08-23T23:00:00Z
B000474,RedwoodAnalytics Inc 408,+1 555-013-4824,,5584 Industrial Road,Portland,ME,04101,legacy-8063b806bcc9.invalid,on_hold,5846.36,2025-04-02T17:00:00Z
B000475,Summit Technology Corporation 589,+1 555.014.7451,,2484 Market Street,Columbus,OH,43215,legacy-bd8f1aa357ea.invalid,active,8346.28,2025-08-01T18:00:00Z
B000476,Redwood Dental Limited 1018,,,8551  Main Street,Richmond,VA,23219,legacy-8496c3a87888.invalid,active,14312.09,2026-05-22T01:00:00Z
B000477,Pioneer Foods LLC 1137,+1 555-062-9403,accounts@pioneerfoodsllc11371159.exajple,3166  River Road,Raleigh,NC,27601,legacy-c0c82b52f014.invalid,on_hold,15894.91,2025-08-28T14:00:00Z
B000478,Keystone Equipment Incorporated 825,,,1410 River Road,Raleigh,NC,27601-0000,legacy-aa4548d587be.invalid,on_hold,11613.23,2025-03-20T14:00:00Z
B000479,Pioneer Technology LLC,,,4815 River Road,Albany,NY,12207,legacy-bac7ae2f1aa6.invalid,inactive,5533.10,2026-01-23T03:00:00Z
B000480,Keystone Logistics Corporation 945,555.010.9031,,5860 River Rd,Raleigh,NC,27601,legacy-a4bfdfa37966.invalid,on_hold,13292.19,2025-02-18T22:00:00Z
B000481,Keystone Equipment Limited 625,,,3817 Market Street,Raleigh,NC,27601-0000,,inactive,8882.28,2026-09-06T18:00:00Z
B000482,Evergreen Analytics Incorporated,555.018.2038,accounts@evergreenanalyticsoncorp25.example,405 River Road,Albany,NY,12207,legacy-998749e3cc53.invalid,on_hold,291.02,2026-10-06T20:00:00Z
B000483,Blue Ridge Wholesale LLC 791,,,168 Commerce Avenue,Madison,WI,53703,www.blueridgewholesalellc791813.example,inactive,11151.29,2025-04-20T16:00:00Z
B000484,Westfield Limited,,accounts@westfieldanalyticslimite232.example,8065  Industrial Road,Richmond,VA,23219,www.westfieldanalyticslimite232.example,on_hold,3094.29,2025-10-19T09:00:00Z
B000485,Harbor Technology Ltd,,accounts@harbortechnologylimited306.example,997 Oak Avenue,Austin,TX,78701,legacy-bb70ef09fbcf.invalid,active,4152.86,2026-03-27T13:00:00Z
B000486,BLUE RIDGE LOGISTICS CORPORATION 941,555.016.4971,accounts@blueridgelogisticscorpor963.ezample,5702 Commerce Ave,Columbus,OH,43215,legacy-904b5ac771f9.invalid,inactive,13224.44,2025-05-10T22:00:00Z
B000487,Maple Equipment Corporation 526,,,151 Main Street,Denver,CO,80202,,active,7480.74,2026-05-27T15:00:00Z
B000488,Summit Wholesale Incorporated 499,,accounts@summitwholesaleiacorpora521.example,8951 Market,Albany,NY,12207,legacy-cc6ea0d35560.invalid,active,7102.16,2025-06-17T18:00:00Z
B000489,Cedar Technology Corporation,,accounts@cedartechnologycorporati204.example,7032 Oak Avenue,Denver,CO,80203,legacy-be9b4d1ec53a.invalid,inactive,2764.78,2026-03-14T19:00:00Z
B000490,Redwood Analytics Corporation 508,,accounts@redwoodanalyticscorporat530.example,9294 Main,Austin,TX,78701,,active,7238.21,2026-05-31T21:00:00Z
B000491,Keystone Equipment Corporation,555.710.4588,,4926 Commerce,Columbus,OH,43215,keystoneequipmentcorpora147.example,on_hold,1933.63,2026-07-15T22:00:00Z
B000492,REDWOOD ANALYTICS CORPORATION 908,,,4484  Oak Avenue,Austin,TX,78701,www.redwoodanalyticscorporat930.example,active,12760.05,2025-07-28T13:00:00Z
B000493,Blue Ridge Wholesale Corporation 991,,,7571 Market Street,Madison,WI,53703,,active,13868.38,2026-08-02T21:00:00Z
B000494,PIONEER TECHNOLOGY LLC 1187,552.012.8931,accounts@pioneertechnologillc11871209.example,5013 Commerce Avenue,Albany,NY,12207,legacy-a692c5535e98.invalid,inactive,16594.20,2026-06-08T16:00:00Z
B000495,Evergreen Manufacturing LLC 753,555-018-1131,accounts@evevgreenmanufacturingll775.example,8552 River Road,Raleigh,NC,27601,,active,10581.00,2026-09-15T14:00:00Z
B000496,Westfield Analytics Corporation,,accounts@westfieldanalytictcorpor132.example,4368 Oak Avenue,Denver,CO,80202,,inactive,1726.62,2026-10-28T02:00:00Z
B000497,Redwood Packaging Corporation,,accounts@redooodpackagingcorporat200.example,6880 Main Street,Richmond,VA,23219,legacy-b061ba376016.invalid,inactive,2650.40,2025-01-15T15:00:00Z
B000498,Maple Analytics Limiued 606,,accounts@mapleanalyticslimited606628.example,3113 Industrial Rd,Denver,CO,80202,,on_hold,8572.57,2026-08-03T23:00:00Z
B000499,Harbor Analytics Limited 604,,,3044 Main Street,Austin,TX,78701,,inactive,8562.93,2025-12-02T21:00:00Z
B000500,Westfield Manufacturing Limited 1060,,,309 Main St,Austin,TX,78701,,on_hold,14859.73,2026-03-08T21:00:00Z
B000501,EVERGREEN EQUIPMENT CORPORATION 923,,accounts@evergreenequipmentcprpor945.example,5044 Commerce Ave,Albany,NY,12207,,inactive,13000.49,2025-12-09T16:00:00Z
B000502,Summit Office Supply Incorporated,,accounts@summitovficesupplyincorp91.example,2839 River Road,Columbus,OH,43215,,inactive,1191.35,2026-11-30T18:00:00Z
B000503,Blue Ridge Wholesale LLC 1191,,accounts@blueridgewholesalzllc1191213.example,5156 River Road,Madison,WI,53703,legacy-8c1d7e9a2785.invalid,on_hold,16672.01,2026-09-30T20:00:00Z
B000504,BLUE RIDGE EQUIPMENT CORPORATION,+1 355-016-8822,,4776 Market Street,Raleigh,NC,27601,legacy-d51c2a5389e6.invalid,active,1932.73,2025-02-28T18:00:00Z
B000505,PIONEER WHOLESALE INCORPORATED 897,,ACCOUNTS@pimneerwholesaleincorpor919.example,4084 River Road,Raleigh,NC,27601,,on_hold,12581.51,2026-01-13T14:00:00Z
B000506,Blue Ridge Dental LLC,,,2003 Commerce Avenue,Madison,WI,53703,legacy-b2bc60543e1c.invalid,inactive,4533.35,2026-03-06T16:00:00Z
B000507,Redwood Logistics Incorporated 848,555-013-9379,,2267  Oak Avenue,Portland,ME,04101,legacy-902824ee055a.invalid,inactive,11920.75,2025-08-08T13:00:00Z
B000508,Cedar Equipment Incorporated 422,,accounts@cedarequipmentinczrporat444.example,6114 Oak Avenue,Denver,CO,80202,legacy-bc0513d0136d.invalid,inactive,6089.72,2025-04-05T19:00:00Z
B000509,CEDAR TECHNOLOGYINCORPORATED,555.017.6507,,3325 Main Street,Richmond,VA,23219-0000,,on_hold,1358.15,2025-12-14T21:00:00Z
B000510,MAPLE PACKAGING INCORPORATED,+1 555-911-3765,,3110 Main Street,Austin,TX,78701-0000,legacy-d5d843b59dbe.invalid,inactive,1280.21,2026-02-03T21:00:00Z
B000511,Pioneer Wholesale Limited 1097,,accounts@pioneerwholesalflimited11119.example,1680 Commerce Avenue,Raleigh,NC,27601,www.pioneerwholesalelimited11119.example,inactive,15382.61,2025-03-15T22:00:00Z
B000512,Evergreen Office Supply LLC 1163,,,4121 Commerce Avenue,Albany,NY,12207,,inactive,16234.87,2025-01-16T16:00:00Z
B000513,Evergreen Office Supply Incorporated 863,755-018-8445,ACCOUNTS@evergreenofficmsupplyinc885.example,2816 Commerce Avenue,Madison,WI,53703,legacy-96dd202660e3.invalid,inactive,12147.82,2025-07-11T16:00:00Z
B000514,REDWOOD DENTAL INCORPORATED,555.093.3916,accounts@redwooddentalincorporate40.enample,965 Industrial Road,Richmond,VA,23219,legacy-d8eb6e007b90.invalid,on_hold,485.31,2026-05-21T03:00:00Z
B000515,KEYSTONE TECHNOLOGY CORPORATION 985,555-110-2173,accounts@keystonetechnologygorpor1007.example,7339  Market Street,Raleigh,NC,27601-0000,keystonetechnologycorpor1007.example,active,13842.33,2025-09-29T22:00:00Z
B000516,Harbpr Technology Corp,,,7100  Main Street,Portland,ME,04101,,active,2747.75,2026-09-08T03:00:00Z
B000517,Keystone Dental Limited,555-010-6716,accounts@keystonedentallimited237.exampwe,8243 Commerce Ave,Madison,WI,53703,legacy-d8d4a907b188.invalid,inactive,3194.43,2025-07-01T19:00:00Z
B000518,Keystone Wholesale Limited 695,,accounts@keystonewholesalelimited717.example,6400 Commerce Avenue,Madison,WI,53703,,inactive,9784.87,2026-02-08T16:00:00Z
B000519,PACKAGING LIMITED,555-010-4448,,666 Commerce Avenue,Albany,NY,,,inactive,4014.01,2025-05-30T19:00:00Z
B000520,REDWOOD ANALYTICS CORPORATION,,accounts@rednoodanalyticscorporat130.example,4283 Industrial Rd,Austin,TX,78701,,active,1792.59,2026-07-25T17:00:00Z
B000521,Keystone Wholesale Incorporated 895,,accounts@keystonewholesaleincorpo917.exbmple,4006 Market Street,Madison,WI,53703,,inactive,12556.91,2026-11-16T12:00:00Z
B000522,Maple Manufacturing Corp,,,6073 Industrial,Austin,TX,78701,legacy-aa8736fed5a0.invalid,on_hold,2408.30,2025-02-13T17:00:00Z
B000523,Maple Technology Limited 1086,555.011.1342,,1277 Industrial Road,Denver,CO,80202,,on_hold,15222.47,2026-03-08T23:00:00Z
B000524,Westfield Equipment Corp 530,555-015-8105,accounts@westfieldequipmentcorpor552.example,310 Oak Avenue,Richmond,VA,23219,legacy-bf1183ad6a17.invalid,inactive,7568.85,2026-01-28T19:00:00Z
B000525,Maple Foods LLC 1136,555.021.5264,,3120 Oak Avenue,Portland,ME,04101,legacy-adba3c40dfc2.invalid,on_hold,15998.72,2026-10-26T17:00:00Z
B000526,Cedar Manufacturing Corporation,556.017.2384,,5916 Oak Avenue,Portland,ME,04101,,on_hold,2279.60,2026-06-15T15:00:00Z
B000527,Redwood Office Supply Limited 1068,+1 659.013.2441,accounts@redwoodofficesupplklimit1090.example,617 Industrial Road,Austin,TX,78701,,on_hold,14967.44,2026-08-24T01:00:00Z
B000528,PIONEER DENTAL LIMITED,,accounts@pioneerdentallimited239.examplf,8330 Market St,Raleigh,NC,27601,www.pioneerdentallimited239.example,inactive,3171.59,2025-04-16T18:00:00Z
B000529,Green Valley Food Services Limited,,,291 Industrial Rd,Portland,ME,,legacy-7f6ddb9228bc.invalid,on_hold,259.49,2026-05-16T17:00:00Z
B000530,Blue Ridge Manufacturing Corporation,,accounts@blueridgemanufacturijgco173.example,5886 Market Street,Madison,WI,53703,legacy-7ad47b76f3d9.invalid,active,2294.75,2025-07-16T12:00:00Z
B000531,Summit Office Supply Incorporated 469,555-084-2455,accounts@summitofficesupplyincorp491.example,7849 Market,Columbus,OH,43215,www.summitofficesupplyincorp491.example,active,6710.06,2026-11-24T18:00:00Z
B000532,HASBOR PACKAGING LIMITED 1074,,accounts@harborpackaginglimited101096.example,835 Industrial Rd,Richmond,VA,23219,legacy-7af4bc0fae51.invalid,on_hold,15030.04,2025-05-03T03:00:00Z
B000533,BLUE RIDGE TECHNOLOGY INCORPORATED,555-016-7516,,3295 River,Raleigh,NC,27601,legacy-8c22fd545e11.invalid,on_hold,1375.78,2025-09-22T20:00:00Z
B000534,Summit Office Supply Corp 569,,,1754 Commerce Avenue,Raleigh,NC,27601,summitofficesupplycorpor591.example,inactive,8101.10,2025-05-27T07:00:00Z
B000535,Cedar Foods Limited 632,,accounts@cedarfoodslimited632654.examplc,4077 Oak Avenue,Portland,ME,04101,www.cedarfoodslimited632654.example,inactive,8920.87,2026-10-28T13:00:00Z
B000536,REDWOOD EQUIPMENT INCORPORATED 828,,accounts@redwoodequipmedtincorpor850.example,1531 Industrial Rd,Austin,TX,78701,,on_hold,11613.27,2026-06-02T23:00:00Z
B000537,Evergreen Foods Incorporated 433,555.048.5261,,6515 Market Street,Raleigh,NC,27601-0000,legacy-9f098e24895a.invalid,active,6167.97,2026-05-01T18:00:00Z
B000538,Keystone Packaging Limited 1075,555.010.3860,accounts@keystonepackaginglimited1097.excmple,873 Market Street,Albany,NY,12207,legacy-9ecb97fea03e.invalid,active,15071.85,2025-10-10T12:00:00Z
B000539,Pioneer Equipment Corporation 527,557-012-2506,,189 Commerce Ave,Madison,WI,53703,legacy-aa3cd433acb9.invalid,inactive,7530.28,2025-10-24T16:00:00Z
B000540,Summit Equipment Inc 429,,,6358 River,Columbus,OH,43215,legacy-87e2c69c4e42.invalid,on_hold,6115.14,2026-04-25T14:00:00Z
B000541,Redwood Packaging Inc,+8 555-013-2232,accounts@redwoodpackagingincorpor100.exjmple,3174 Industrial Road,Denver,CO,80202,www.redwoodpackagingincorpor100.example,on_hold,1328.90,2025-04-20T06:00:00Z
B000542,Cedar Logistics LLC,,accounts@cedarlogisticsllc364.examsle,3155 Industrial Road,Denver,CO,80202,www.cedarlogisticsllc364.example,on_hold,4952.70,2026-01-19T23:00:00Z
B000543,Leystone Logistics Corp,,,5666 Market Street,Raleigh,NC,27602,legacy-cec4076b6adc.invalid,inactive,2214.42,2026-01-12T20:00:00Z
B000544,Westfield Equipment Limited 630,,accounts@westfieldequipmentlimite652.ebample,4002 Industrial Road,Denver,CO,80202-0000,,on_hold,8944.81,2025-12-11T05:00:00Z
B000545,Harbor Wholesale LLC 1194,+1 955-019-1755,ACCOUNTS@harborwholesalellc11941216.example,5275 Industrial Rd,Richmond,VA,23219,legacy-c80914bf38b1.invalid,on_hold,16667.62,2025-12-14T23:00:00Z
B000546,Keystone Foods Limited 1035,558-010-2483,,9194 River Road,Albany,NY,12207,legacy-aa3ac2dc2c39.invalid,inactive,14561.80,2026-01-27T20:00:00Z
B000547,BLUE RIDGE TECHNOLOGY CORPORATION 981,558-016-6334,,7183 River Road,Columbus,OH,43215,,active,13789.99,2025-12-23T14:00:00Z
B000548,Evergreen Packaging LLC,555-028-6563,,4299  Market Street,Columbus,OH,43215,,on_hold,5385.19,2025-08-30T18:00:00Z
B000549,Blue Ridge Foods Limited,555-016-7629,,8847 River Road,Madison,WI,53703,,on_hold,3389.97,2026-03-12T20:00:00Z
B000550,EvergreenWholesale Corporation,,,7427 Market St,Raleigh,NC,27601,legacy-7e82a01d39d3.invalid,active,2882.36,2025-03-14T05:00:00Z
B000551,Maple Dental Limited 1016,555.081.4468,ACCOUNTS@mapledentallimited10161038.example,8489 Oak Ave,Portland,ME,04101,www.mapledentallimited10161038.example,inactive,14225.64,2025-12-15T17:00:00Z
B000552,EVERGREEN DENTAL CORPORATION 513,555.013.8742,accounts@eveugreendentalcorporati535.example,9469 River Road,Raleigh,NC,27601,legacy-8fd8605dfae5.invalid,on_hold,7341.77,2025-09-23T14:00:00Z
B000553,Evergreen Analytics Corporation,,accounts@evergrecnanalyticscorpor125.example,4097 Market Street,Madison,WI,53703,,active,1654.24,2025-04-23T00:00:00Z
B000554,SUMMIT INCORPORATED 889,,,3780 Market St,Raleigh,NC,27601,,active,12489.10,2026-07-11T05:00:00Z
B000555,PIONEER LOGISTICS CORPORATION,855.012.7701,accounts@pioneerlogisticscorporat169.exxmple,5742 River Road,Albany,NY,12207,legacy-a4602080cc0f.invalid,active,2236.58,2025-11-17T08:00:00Z
B000556,Blue Ridge Wholesale Inc 491,555.013.5805,,8659 Commerce Avenue,Albany,NY,12207,,on_hold,7076.59,2026-01-29T21:00:00Z
B000557,Maple Analytics LLC,555.011.7366,accounts@mapleanafyticsllc328.example,1811 Industrial Rd,Richmond,VA,23219,legacy-a0d4e06566dd.invalid,inactive,4426.38,2025-12-13T23:00:00Z
B000558,Harbor Manufacturing Incorporated 854,,,2498 Oak Avenue,Denver,CO,80202,legacy-8893198135ac.invalid,inactive,12008.67,2025-08-05T19:00:00Z
B000559,Cedar Manufacturing Incorporated,,accounts@cedaemanufacturingincorp74.example,2224 Main Street,Austin,TX,,,inactive,951.09,2025-10-22T01:00:00Z
B000560,Cedar Manufacturing LLC,555-017-2141,,3513 Main Street,Portland,ME,04101,legacy-8cf85cc4b50e.invalid,on_hold,5101.23,2025-06-01T21:00:00Z
B000561,Redwood Analytics LLC,155-013-4699,ACCOUNTS@redwbodanalyticsllc330.example,1897 Oak Avenue,Austin,TX,78701,www.redwoodanalyticsllc330.example,inactive,4463.49,2025-02-03T13:00:00Z
B000562,Summit Foods Incorporated 439,,ACCOUNTS@summitfoodsincorporated4461.example,6733 Market Street,Madison,WI,53703,,active,6321.74,2025-11-16T12:00:00Z
B000563,Pioneer Analytics LLC 707,555.012.5797,,6844 Commerce Avenue,Albany,NY,12207,legacy-cb05addf9afa.invalid,on_hold,9917.99,2025-10-01T16:00:00Z
B000564,Harbor Dental Incorporated 414,,accounts@harbordentalincorporated436.exasple,5810 Industrial Rd,Denver,CO,80202,legacy-d1648ae84546.invalid,on_hold,5957.51,2025-11-27T06:00:00Z
B000565,Evergreen Logistics Incorporated,,,1880 Market Street,Albany,NY,12207,legacy-85fbdbee2cce.invalid,active,803.29,2025-09-23T12:00:00Z
B000566,Harbor Analytics LLC,555-619-9642,accounts@harboranalyticsllc326.ezample,1749 Main Street,Portland,ME,04101,harboranalyticsllc326.example,active,4442.86,2026-03-25T21:00:00Z
B000567,Maple Analytics Limited,555-015-7168,accounts@mapleagalyticslimited228.example,7920 Oak Ave,Denver,CO,80202,,inactive,3062.35,2025-06-20T02:00:00Z
B000568,REDWOOD FOODS LLC,,,2994 Oak Avenue,Richmond,VA,23219,,inactive,4901.56,2026-06-17T19:00:00Z
B000569,Harbor Wholesale Corporation,655.019.7624,,7476 Oak Avenue,Richmond,VA,23219,legacy-a35383d2693a.invalid,inactive,2879.13,2025-06-18T19:00:00Z
B000570,Evergreen Logistics Corporation,+1 555.018.3651,accounts@evergrgenlogisticscorpor165.example,5580  Commerce Avenue,Madison,WI,53703,legacy-a85bcd648cb6.invalid,inactive,2197.05,2026-09-06T23:00:00Z
B000571,Blue Ridge Technology LLC,,accounts@blueridgetechnologyllc403.example,4589 River Road,Columbus,OH,43215,legacy-9fbe25f0457e.invalid,on_hold,5524.19,2026-09-30T21:00:00Z
B000572,Keystone Dental Corporation 915,,,4748 River Road,Albany,NY,12207,,on_hold,12837.96,2026-03-25T08:00:00Z
B000573,Summit Technplogy LLC 1189,555-014-7024,,5082 Market Street,Columbus,OH,43215,legacy-a76796d427e3.invalid,active,16615.00,2025-07-01T18:00:00Z
B000574,Blue Ridge Manufacturing LLC 751,+1 055.016.2816,ACCOUNTS@blueridgemanufactrringll773.example,8476 Market Street,Madison,WI,53703,,inactive,10662.23,2026-10-19T21:00:00Z
B000575,Blue Ridge Logistics Limited 641,555-016-4853,,4406 Commerce Avenue,Raleigh,NC,27601,legacy-9296fbb0129b.invalid,inactive,9101.48,2026-02-12T02:00:00Z
B000576,Pioneer Dental Corporation,+1 555-112-4514,accounts@pioneerdentalcorporation139.example,4626 River Road,Columbus,OH,43215,pioneerdentalcorporation139.example,on_hold,1876.60,2026-01-08T14:00:00Z
B000577,MAPLE FOODS CORPORATION,555-011-2432,accounts@mapjefoodscorporation158.example,5328 Main Street,Portland,ME,04101,,active,2083.44,2025-10-07T21:00:00Z
B000578,Harbor Dental Limited 614,,,3418  Oak Ave,Denver,CO,80202-0000,legacy-b33e64b060e3.invalid,inactive,8692.25,2025-01-25T04:00:00Z
B000579,MAPLE PACKAGING CORPORATION 576,,,2004 Industrial Road,Portland,ME,04101,legacy-c1ee91738dc6.invalid,on_hold,8196.51,2026-02-11T17:00:00Z
B000580,Maple Equipment Incorporated 826,,accounts@mapleequipkentincorporat848.example,1449 Main Street,Richmond,VA,23219,,active,11649.93,2025-09-01T01:00:00Z
B000581,Evergreen Technology Limited 1083,,accounts@evergreentechnolojylimit1105.exbmple,1160 River Road,Albany,NY,12207-0000,,on_hold,15173.42,2025-03-21T22:00:00Z
B000582,Harbor Foods Incorporated 834,,accounts@harborfoodsincorpoyated8856.example,1758 Industrial Road,Richmond,VA,23219,,inactive,11674.91,2025-09-26T01:00:00Z
B000583,Blue Ridge Manufacturing Limited,+1 555-016-3588,,9585  Commerce Avenue,Albany,NY,12207,blueridgemanufacturingli273.example,inactive,3677.08,2025-08-10T01:00:00Z
B000584,Cedar Office Supply Limited 662,,,5180 Oak Avenue,Denver,CO,80202,legacy-c8b6b808920d.invalid,inactive,9337.59,2025-04-07T19:00:00Z
B000585,Westfield Analytics Limited 610,,,3269 Main Street,Richmond,VA,23219,westfieldanalyticslimite632.example,inactive,8621.43,2026-05-04T01:00:00Z
B000586,Evergreen Anamytics LLC 703,,,6699 Market Street,Madison,WI,53703,,active,9956.01,2026-10-04T12:00:00Z
B000587,Maple DentalCorporatioo 516,,accounts@mipledentalcorporation51538.example,9582 Industrial Rd,Austin,TX,78701,mapledentalcorporation51538.example,on_hold,7374.07,2026-11-04T05:00:00Z
B000588,Keystone Dental LLC,,,2149 River Road,Albany,NY,12207,,on_hold,4555.85,2026-10-03T20:00:00Z
B000589,Redwood Packaging Ltd,555.013.1739,accounts@redwoodpackaginglimited300.example,782  Oak Ave,Denver,CO,80202,redwoodpackaginglimited300.example,inactive,4104.45,2025-03-04T19:00:00Z
B000590,Summit Manufacturing Corp,,,6168  River Road,Madison,WI,53703,,on_hold,2426.69,2026-08-24T20:00:00Z
B000591,Keystone Dental LLC 1115,,accounts@keysfonedentalllc11151137.example,2356 Commerce Avenue,Albany,NY,12207,www.keystonedentalllc11151137.example,on_hold,15579.86,2026-10-12T01:00:00Z
B000592,Harbor Manufacturing LLC 754,555.019.9301,accounts@hlrbormanufacturingllc75776.example,8592 Main St,Richmond,VA,23219,,active,10638.03,2026-03-05T17:00:00Z
B000593,SUMMIT PACKAGING LIMITED,+1 515.014.9562,accounts@summiipackaginglimited301.example,808 River Road,Madison,WI,53703-0000,,on_hold,4119.50,2025-03-27T20:00:00Z
B000594,Blue Ridge Manufacturing LLC,555-014-3860,accounts@bluvridgemanufacturingll373.example,3478 River Rd,Madison,WI,53703,,inactive,5126.50,2026-04-10T04:00:00Z
B000595,Summit Technology Limited 689,,,6183 Commerce Ave,Raleigh,NC,27601,,inactive,9714.67,2026-03-15T22:00:00Z
B000596,Westfield Packaging LLC 780,555-015-9716,,9547 Industrial Road,Austin,TX,78701-0000,legacy-8754682ca318.invalid,on_hold,10966.47,2026-10-20T03:00:00Z
B000597,Harbor Dental Incorporated 814,955-019-6918,accounts@parbordentalincorporated836.example,1011 Main St,Denver,CO,80202,legacy-baa0405d8f4d.invalid,active,11497.01,2026-04-12T15:00:00Z
B000598,Pioneer Logistics Limited,,,9630 River Rd,Madison,WI,53703,legacy-87c1e02bc535.invalid,active,14741.59,2025-09-26T22:00:00Z
B000599,Redwood Technology Incorporated 888,,accounts@redwoodtechnologyincorpo910.example,3747 Industrial Road,Portland,ME,04101,,on_hold,12499.80,2026-08-06T05:00:00Z
B000600,Harbor Foods Limited 634,,ACCOUNTS@hanborfoodslimited634656.example,4156 Main Street,Richmond,VA,23219,,active,8954.07,2026-10-20T15:00:00Z
B000601,Cedar Logistics LLC 742,555-017-3747,accounts@cedirlogisticsllc742764.example,8155 Main St,Denver,CO,80202-0000,legacy-b8c00fbd4fbe.invalid,active,10459.17,2025-02-04T15:00:00Z
B000602,Evergreen Manufacturing Limited,555-018-1474,accounts@evergreenmanufacturingli275.example,9647 Market Street,Columbus,OH,43215-0000,evergreenmanufacturingli275.example,active,3699.94,2025-08-24T18:00:00Z
B000603,Harbor Equipment LLC 724,555.019.5929,accounts@uarborequipmentllc724746.example,7489 Main Street,Austin,TX,78701,legacy-b9020a356fa8.invalid,inactive,10216.43,2025-05-12T21:00:00Z
B000604,Harbor Wholesale LLC,+1 555-049-2395,,5081 Main Street,Richmond,VA,23219,www.harborwholesalellc416.example,on_hold,5690.63,2025-10-19T20:00:00Z
B000605,Cedar Logistics Limited 1042,555-012-3323,,9442 Main Street,Richmond,VA,23219,,active,14598.10,2026-04-13T15:00:00Z
B000606,Cedar Manufacturing Ltd,555.417.2793,,9620 Industrial Road,Austin,TX,78701-0000,,on_hold,3731.15,2026-05-19T04:00:00Z
B000607,HARBOR CORPORATION 574,555-029-5578,ACCOUNTS@harborpackagingcorporati596.example,1925  Main Street,Denver,CO,80202,,active,8182.59,2025-03-26T15:00:00Z
B000608,Cedar Wholesale Incorporated 892,,accounts@cedarwholesaleincorporat914.ayample,3905 Main Street,Austin,TX,78701,legacy-797abe725c97.invalid,active,12513.40,2026-03-02T21:00:00Z
B000609,Evergreen Dental Limited 1013,,,8367 Commerce,Columbus,OH,43215,legacy-9cac0c031ee4.invalid,inactive,14170.80,2025-06-04T00:00:00Z
B000610,Blue Ridge Analytics Corp,,,4034 Commerce,Columbus,OH,43215,legacy-86ef1599e3e5.invalid,inactive,1617.46,2025-09-29T10:00:00Z
B000611,Westfield Logistics Corp 550,555-015-4857,accounts@westfieldlogisticfcorpor572.example,1048 Main Street,Denver,CO,80202,westfieldlogisticscorpor572.example,inactive,7858.05,2025-05-13T15:00:00Z
B000612,Maple Logistics Limited 1046,555-311-8606,,9605 Oak Avenue,Denver,CO,80202,,inactive,14660.47,2025-04-27T20:00:00Z
B000613,Evergreen Wholesale LLC 1193,585.018.2048,accounts@evergreenwholesalellc1191215.exajple,5232 Commerce Ave,Raleigh,NC,27601,legacy-79aabe8ca7c7.invalid,active,16701.27,2026-01-03T22:00:00Z
B000614,Evergreen Packaging Ltd 673,555-018-6543,,5591 Market,Raleigh,NC,27601,legacy-a50249f1f3e3.invalid,active,9542.51,2025-07-07T18:00:00Z
B000615,Redwood Manufacturing Limited 658,,ACCOUNTS@redwoodmanufacturinglimi680.example,5040 Main,Richmond,VA,23219,legacy-c7118d173dc6.invalid,active,9306.47,2025-11-08T15:00:00Z
B000616,Keystone Manufacturing Limited,555.070.8727,,9735  River Road,Madison,WI,53703-0000,legacy-a5e6da88959d.invalid,on_hold,3782.56,2025-11-11T01:00:00Z
B000617,BLUE RIDGE MANUFACTURING LLC 1151,555.016.2857,accounts@klueridgemanufacturingll1173.example,3686 Commerce Avenue,Madison,WI,53703,legacy-c781e913caa2.invalid,inactive,16104.02,2026-11-21T16:00:00Z
B000618,Evergreen Analytics Incorporated 403,555-018-1131,,5401 Market Street,Albany,NY,12207,legacy-a6060006d4bc.invalid,active,5801.44,2025-10-16T19:00:00Z
B000619,Blue Ridge Packaging Corp,555.012.9569,accounts@blueridgepackagingcorpor193.etample,6621 River Road,Albany,NY,12207,,active,2653.67,2026-04-25T04:00:00Z
B000620,EVERGREEN DENTAL CORPORATION,+1 551.018.8565,,4491 Commerce Avenue,Raleigh,NC,27601,,inactive,1755.01,2026-09-26T22:00:00Z
B000621,Maple Manufacturing LLC 1156,+4 555.011.6747,accounts@maplemanufacturingllc1151178.exawple,3879 Main,Austin,TX,78701,maplemanufacturingllc1151178.example,active,16135.89,2025-07-08T21:00:00Z
B000622,Blue Ridge Wholesale Incorporated,+1 535-016-5986,,3661 Market St,Albany,NY,12207,blueridgewholesaleincorp113.example,active,1509.49,2026-03-29T20:00:00Z
B000623,Westfield Packaging Corporation,+3 555.015.8826,,6950 Industrial Road,Austin,TX,78701,legacy-c372842e22b0.invalid,on_hold,2708.77,2026-10-21T17:00:00Z
B000624,Summit Manufacturing Ltd 1059,,ACCOUNTS@summitmanufacturinglimii1081.example,273 River Rd,Albany,NY,12207,legacy-9a79be8ee86e.invalid,active,14846.02,2026-05-12T20:00:00Z
B000625,Summit Logistics Corporation,,,5811 Commerce Avenue,Columbus,OH,43215,legacy-ad58c81de920.invalid,inactive,2249.93,2025-11-15T03:00:00Z
B000626,Westfield Packaging LLC 1180,555.015.7421,accounts@westfieldpaqkagingllc1181202.example,4751 Main Street,Austin,TX,78702,,active,16497.78,2026-05-12T21:00:00Z
B000627,Westfield Manufacturing Limited 660,555.015.2592,,5105  Industrial Road,Austin,TX,78701,legacy-d515a658b7a9.invalid,on_hold,9334.45,2026-02-13T00:00:00Z
B000628,Summit Analytics LLD 1109,355-014-3320,accounts@summmtanalyticsllc11091131.example,2129 Commerce Avenue,Columbus,OH,43215,,inactive,15513.96,2026-04-24T22:00:00Z
B000629,Pioneer Manufacturing Corporation,555.012.6668,,6094 Market St,Columbus,OH,43215,,on_hold,2436.05,2025-02-08T02:00:00Z
B000630,Summit Analytics LLC 709,555.014.3193,accounts@summitanalyhicsllc709731.example,6931 Market Street,Columbus,OH,43215,legacy-b6713ea63625.invalid,active,10037.41,2026-06-16T18:00:00Z
B000631,Harbor Logistics Iocorporated 844,555-219-1882,,2124 Main Street,Austin,TX,78701,,on_hold,11889.96,2026-04-27T21:00:00Z
B000632,PIONEER MANUFACTURING INCORPORATED 857,553.012.5809,,2606  Commerce Avenue,Raleigh,NC,27601,,inactive,12065.37,2026-01-12T22:00:00Z
B000633,SUMMIT MANUFACTURING LLC 759,,,8784 River,Madison,WI,,,inactive,10721.45,2026-11-03T05:00:00Z
B000634,Blue Ridge Packaging Limited671,,accounts@blueridgepackaginglimite693.example,5525  Commerce Avenue,Madison,WI,53703,,active,9452.96,2026-02-28T16:00:00Z
B000635,Evergreen Packaging LLC 1173,,ACCOUNTS@evergreenpackagingllv1171195.example,4494 River,Columbus,OH,43215,evergreenpackagingllc1171195.example,active,16397.90,2026-05-18T14:00:00Z
B000636,Harbor Equipment Ltd 1024,555-419-5333,,8784 Main Street,Portland,ME,04101,legacy-ceb88faee903.invalid,active,14374.40,2026-06-21T21:00:00Z
B000637,Harbor Equipment Inc 824,+1 555-015-5064,accounts@harborequipmentinporpora846.example,1388 Oak Ave,Portland,ME,04101,,inactive,11629.28,2025-02-15T13:00:00Z
B000638,Summit Office Supply LLC 1169,555.514.1505,,4338 Commerce Ave,Raleigh,NC,27601,,inactive,16391.74,2026-06-27T23:00:00Z
B000639,Pioneer Analytics Incorporated 807,555.012.5727,,758 River Road,Madison,WI,,legacy-a442f7c62f41.invalid,on_hold,11401.73,2025-11-23T01:00:00Z
B000640,MAPLE FOODS LIMITED 1036,555-011-6122,accounts@mapjefoodslimited10361058.example,9227 Main Street,Austin,TX,78701,legacy-73991a94a35d.invalid,inactive,14530.79,2026-02-23T21:00:00Z
B000641,Blue Ridge Office Supply Limited 1061,555-016-1575,accounts@blueridgeofficesupplylim1083.exfmple,353 Commerce Avenue,Columbus,OH,43215-0000,legacy-768bf638a3bc.invalid,inactive,14867.16,2026-07-28T23:00:00Z
B000642,Maple Equipment Limited,,accounts@mapleequipmentlimited248.eeample,8651 Main St,Richmond,VA,23219,legacy-b42830bf268d.invalid,inactive,3433.56,2026-11-30T21:00:00Z
B000643,PIONEER FOODS CORPORATION 537,555-012-9396,,560 River Road,Raleigh,NC,27601,www.pioneerfoodscorporation5559.example,on_hold,7641.91,2025-08-13T18:00:00Z
B000644,REDWOOD EQUIPMENT CORPORATION 928,555-013-1312,ACCOUNTS@redwoodequipmentcorplrat950.example,5228 Main Street,Portland,ME,04101,,on_hold,13077.62,2026-07-31T03:00:00Z
B000645,Summit Equipment Incorporated 829,555.014.8067,,1574 Market St,Columbus,OH,43215,,active,11685.99,2026-07-04T18:00:00Z
B000646,HARBOR OFFICE SUPPLY LIMITED 664,+1 555-019-7602,,5256 Main Street,Portland,ME,,,active,9359.66,2025-10-25T21:00:00Z
B000647,Westfield Manufacturing Ltd,555.015.2829,,121 Oak Avenue,Austin,TX,78701-0000,legacy-89a8115f6185.invalid,inactive,3836.78,2026-06-01T13:00:00Z
B000648,Westfield Foods Corporation 940,,accounts@westfieldftodscorporatio962.example,5673 Main Street,Austin,TX,78701,legacy-8708ea638906.invalid,on_hold,13147.38,2026-08-31T21:00:00Z
B000649,Keystone Foods Incorporated 435,555.010.3059,ACCOUNTS@keystonefwodsincorporate457.exanple,6588  River Road,Albany,NY,12207,legacy-89fd469a9484.invalid,on_hold,6254.46,2025-01-26T20:00:00Z
B000650,Summit Analytics LLC,,,1919 River Rd,Columbus,OH,43215,,on_hold,4515.28,2025-12-25T18:00:00Z
B000651,Blue Ridge Packaging LLC,555.016.9196,accounts@bluerwdgepackagingllc393.example,4217 Commerce Ave,Albany,NY,12207,www.blueridgepackagingllc393.example,inactive,5342.07,2026-11-14T16:00:00Z
B000652,Summit Logistics Incorporated 449,,accounts@summitlogisticsincorpora471.example,7109 Commerce Avenue,Raleigh,NC,27601,www.summitlogisticsincorpora471.example,inactive,6433.97,2026-03-29T10:00:00Z
B000653,Maple Office Supply Incorporated 866,+1 555-011-3096,ACCOUNTS@mapleofficesupplyinsorpo888.example,2939  Oak Avenue,Richmond,VA,23219-0000,,on_hold,12178.91,2026-03-30T05:00:00Z
B000654,Harbor Equipment Cosporation 924,,accounts@harborequipmentcorpoeati946.example,5078 Industrial Rd,Austin,TX,78701,www.harborequipmentcorporati946.example,inactive,12910.93,2026-06-28T17:00:00Z
B000655,Westfield Equipment Corp,555.018.8978,,5111 Main Street,Richmond,VA,23219,,active,2027.12,2026-03-14T15:00:00Z
B000656,Maple Dental Corp,,accounts@mapledentalcorporatmon138.example,4580 Oak,Austin,TX,78701,legacy-9759f3766dcf.invalid,active,1851.04,2025-10-05T14:00:00Z
B000657,Keystone Technology LLC 1185,,accounts@keystonmtechnologyllc1181207.example,4932 River Rd,Raleigh,NC,27601,,on_hold,16582.31,2026-12-13T22:00:00Z
B000658,Evergreen Packaging LLC 773,555-018-6672,,9299 Commerce Avenue,Columbus,OH,,,inactive,10883.96,2026-05-02T10:00:00Z
B000659,BLUE RIDGE FOODS 631,555-056-6528,,4044 Market Street,Madison,WI,53703,legacy-a8c0f1e1da33.invalid,active,8903.05,2025-04-06T13:00:00Z
B000660,Pioneer Logistics Ltd 647,+1 555.012.2944,,4628 Commerce Avenue,Madison,WI,53703,,inactive,9130.72,2025-07-13T16:00:00Z
B000661,Keystone Office Supply Corp 565,555.010.5966,,1601 Market Street,Columbus,OH,43215,legacy-b1d5a18c05ab.invalid,active,8002.95,2025-09-21T21:00:00Z
B000662,Keystone Foods Limited 635,555.190.2256,accounts@keystonefoodslimited635657.exjmple,4187 Commerce Avenue,Albany,NY,12207,www.keystonefoodslimited635657.example,active,9033.00,2025-06-15T20:00:00Z
B000663,Summit Dental Incorporated 419,,,5990  Commerce Avenue,Albany,NY,12207-0000,legacy-c4befb5e8d3a.invalid,inactive,5991.22,2025-02-17T16:00:00Z
B000664,Keystone Technology Corporation,555-010-3535,,7131 Commerce Ave,Raleigh,NC,27601,legacy-b178af41d88a.invalid,inactive,2817.22,2025-10-23T23:00:00Z
B000665,Westfield Foods Incorporated 840,555.015.5818,accounts@westfieldfoodsincorporat862.eximple,1966 Industrial,Portland,ME,04101,,on_hold,11845.83,2025-05-08T03:00:00Z
B000666,Redwood Manufacturing Corporation 558,555-013-4619,accounts@redwoodmanlfacturingcorp580.example,1343 Industrial Rd,Denver,CO,80202,legacy-a789ca37e56e.invalid,inactive,7881.84,2026-04-12T01:00:00Z
B000667,Northstar Medical Supply Incorporated,555-011-9876,,147 Oak Avenue,Austin,TX,78701,www.northstarmedicalsupplyin18.example,inactive,158.54,2025-01-04T15:00:00Z
B000668,Pioneer Manufacturing Incorporaued,,ACCOUNTS@pponeermanufacturinginco79.example,2398 River Road,Raleigh,NC,27601,,active,992.69,2025-06-27T14:00:00Z
B000669,Summit Dental Ltd 1019,,,8592 Commerce Avenue,Albany,NY,12207,www.summitdentallimited10191041.example,inactive,14314.54,2025-02-21T16:00:00Z
B000670,Evergreen Office Supply Corporation,555.018.9029,ACCOUNTS@evergreenofficesupplycor185.example,6328 Market Street,Albany,NY,12207,,active,2464.01,2025-08-07T12:00:00Z
B000671,REDWOOD OFFICE SUPPLY INCORPORATED,,accounts@redwoodofficesupplyincor90.example,2804 Oak Avenue,Austin,TX,78701,,inactive,1179.57,2026-12-07T13:00:00Z
B000672,Blue Ridge Equipment Incorporated,,,1072 River Road,Columbus,OH,43215,legacy-ad5bfbd8d344.invalid,on_hold,512.23,2026-04-28T15:00:00Z
B000673,Pionfer Equipment Limited,555.012.2236,ACCOUNTS@pioneexequipmentlimited249.example,8688 Commerce Avenue,Albany,NY,12207-0000,www.pioneerequipmentlimited249.example,inactive,3376.73,2025-12-25T22:00:00Z
B000674,Keystone Technology Incorporated 485,,accounts@keystknetechnologyincorp507.example,8432 Commerce Ave,Columbus,OH,43215,www.keystonetechnologyincorp507.example,inactive,6896.80,2026-06-27T01:00:00Z
B000675,WESTFIELD MANUFACTURING LLC 760,,accounts@westfieldmanufacturingll782.exampee,8814 Main Street,Portland,ME,04101,westfieldmanufacturingll782.example,on_hold,10648.41,2025-12-15T02:00:00Z
B000676,Maple Foods Limited 636,,,4229 Industrial Road,Austin,TX,78701,legacy-b74dc12feefe.invalid,on_hold,8981.65,2025-06-14T00:00:00Z
B000677,Harbor Logistics Corporation 544,,accounts@harborlogisticscorporati566.exampre,827  Main St,Portland,ME,04101,legacy-bd26b560adca.invalid,active,7771.35,2025-09-02T22:00:00Z
B000678,HARBOR PACKAGING INCORPORATED 474,555-019-5647,accounts@harborpackagingincorpora496.exampbe,8028 Industrial Road,Richmond,VA,23219,legacy-7f1d1965ce2e.invalid,on_hold,6735.50,2025-03-24T23:00:00Z
B000679,Cedar Analytics Ltd,,,7771 Main Street,Richmond,VA,23219,,active,2982.72,2026-05-05T00:00:00Z
B000680,Blue Ridge Manufacturing Incorporated 851,,,2373 Commerce Avenue,Albany,NY,12207,legacy-c908db0f531f.invalid,inactive,11967.04,2026-11-20T16:00:00Z
B000681,Harbor LLC 774,,,9330  Industrial Road,Denver,CO,80202,legacy-9eac424bbe1c.invalid,on_hold,10894.25,2026-03-09T23:00:00Z
B000682,Redwood Packaging Corporation 978,,ACCOUNTS@redwoodpackagingcorporat1000.example,7082 Industrial Rd,Richmond,VA,23219,legacy-9d02f02427b0.invalid,on_hold,13754.73,2025-07-09T23:00:00Z
B000683,Redwood Equipment Corporation,555.013.2204,,5021 Oak Avenue,Portland,ME,04101-0000,,inactive,2011.44,2026-08-07T14:00:00Z
B000684,Harbor Office Supply Corporation 964,,,6573 Main Street,Austin,TX,78701,,inactive,13565.39,2026-04-13T01:00:00Z
B000685,Maple Dental Corporation 916,,,4777 Main Street,Austin,TX,78701,legacy-bc05ead3fae7.invalid,active,12891.04,2025-02-23T21:00:00Z
B000686,Sedwood Dental Incorporated 818,,,1163 Oak Avenue,Richmond,VA,23219,redwooddentalincorporate840.example,inactive,11488.25,2026-04-24T00:00:00Z
B000687,Cedar Equipment LLC,,accounts@cedarequipmentllc344.exampie,2405 Main Street,Richmond,VA,23219,,active,4639.12,2025-05-15T15:00:00Z
B000688,Pioneer Technology Incorporated 487,555.012.1109,accounts@pioneertechnologyincorpo509.example,8520 Market Street,Madison,WI,53703,,active,6927.93,2026-01-30T12:00:00Z
B000689,Ridge Office Suqply Inc 861,855-016-1525,accounts@blueridgeofficesupplyinc883.exampne,2748 River Road,Columbus,OH,43215,www.blueridgeofficesupplyinc883.example,active,12114.66,2025-06-22T14:00:00Z
B000690,Wholesale Incorporated,555-011-2308,,3853 Industrial Road,Portland,ME,04101,,active,1608.26,2026-10-29T18:00:00Z
B000691,Acme Industrial Services LLC,+1 555.013.7344,accounts@acmeindustrialservicesel20.example,226 Main St,Denver,CO,80202,,active,216.29,2026-02-16T15:00:00Z
B000692,Cedar Foods LLC 1132,,ACCOUNTS@cedarfoodsllc11321154.exacple,2976 Main St,Austin,TX,78701,,active,15832.29,2026-05-30T22:00:00Z
B000693,Westfield Equipment LLC 1130,555-015-7476,,2904 Oak,Richmond,VA,23219,,inactive,15811.06,2025-08-25T01:00:00Z
B000694,Redwood Office Supply Corporation,555.013.9910,,6503 Industrial Road,Portland,ME,04101,,on_hold,2567.82,2026-09-10T05:00:00Z
B000695,Redwood Logistics LLC 1148,,ACCOUNTS@redpoodlogisticsllc11481170.example,3565 Oak Ave,Austin,TX,78701,,inactive,16078.02,2026-07-08T00:00:00Z
B000696,Redwood Analytics LLC 708,555-023-4780,accounts@redwoodanalyticsllc708730.example,6895 Industrial Road,Austin,TX,78701,redwoodanalyticsllc708730.example,on_hold,10026.57,2026-08-26T22:00:00Z
B000697,Summit Equipment Limited 629,,accounts@summiteqdipmentlimited62651.example,3978 Commerce Avenue,Columbus,OH,43215-0000,www.summitequipmentlimited62651.example,inactive,8926.08,2025-02-01T09:00:00Z
B000698,Pioneer Packaging Corporation,555.512.2587,,6834 River Road,Raleigh,NC,27601,legacy-cc9e9a3da1cd.invalid,on_hold,2675.32,2026-11-25T14:00:00Z
B000699,Maple Wholesale LLC,,,5140 Industrial,Austin,TX,78701,legacy-c771a418c0c5.invalid,on_hold,5697.15,2026-08-26T17:00:00Z
B000700,Westfield Logistics Ltd,755-015-4632,,9551  Main Street,Richmond,VA,,legacy-9d961b1a880f.invalid,active,3666.91,2025-03-15T15:00:00Z
B000701,Redwood Manufacturing Inc 858,+1 555-013-4728,accounts@redwoodmanufactubinginco880.example,2643 Industrial Road,Richmond,VA,23219,legacy-82bdd17639a4.invalid,on_hold,12062.51,2025-01-27T23:00:00Z
B000702,CEDAR ANALYTICS LIMITED 602,+1 155.017.2352,accounts@cedaranalyticilimited602624.example,2965 Oak Ave,Richmond,VA,23219,legacy-79928c1dcbcc.invalid,inactive,8546.40,2026-10-15T05:00:00Z
B000703,Redwood Dental LLC,,accounts@redwoojdentalllc340.example,2261 Industrial Road,Denver,CO,80202,legacy-84abed34805b.invalid,active,4654.74,2026-11-19T04:00:00Z
B000704,Redwood Limited 1088,,,1354 Oak Ave,Portland,ME,04101-0000,,on_hold,15314.33,2026-11-26T13:00:00Z
B000705,CEDAR FOODS LIMITED,,accounts@cedarfoodslimited254.exampue,8883 Main Street,Portland,ME,04101,,on_hold,3519.76,2025-10-13T08:00:00Z
B000706,KEYSTONE ANALYTICS INCORPORATED,,,480 Commerce Avenue,Columbus,OH,43215,legacy-b0588890c725.invalid,inactive,321.94,2025-05-23T23:00:00Z
B000707,MANUFACTURING LLC 1153,,accounts@evergreenmanufacturiigll1175.example,3760  Market St,Raleigh,NC,27601-0000,legacy-7637fe7c5962.invalid,active,16167.78,2025-04-19T18:00:00Z
B000708,KEYSTONE ANALYTICS INCORPORATED 805,+1 555.310.7935,accounts@keystoneanalyticsincorpo827.exampae,678 Market Street,Columbus,OH,43215,,active,11365.70,2026-04-25T18:00:00Z
B000709,PIONEER DENTAL LLC 717,551.012.4497,,7214  River Road,Columbus,OH,43215,,on_hold,10090.84,2025-04-03T22:00:00Z
B000710,Blue Ridge Logistics Limited,,accounts@bluxridgelogisticslimite263.example,9215 Market Street,Raleigh,NC,27601,,active,3577.27,2026-03-16T18:00:00Z
B000711,SUMMIT MANUFACTURING LLC,+1 555-014-4297,,3771 Commerce Avenue,Madison,WI,53703,,inactive,5153.48,2026-12-19T18:00:00Z
B000712,Keystone Manufacturing Corporation 555,555-010-7752,,1227 River,Albany,NY,12207,keystonemanufacturingcor577.example,on_hold,7885.10,2025-12-18T20:00:00Z
B000713,Evergreen Office Supply Limited 663,,accounts@evergreenoffjcesupplylim685.example,5231 River Road,Madison,WI,53703,www.evergreenofficesupplylim685.example,on_hold,9372.89,2026-07-26T20:00:00Z
B000714,Pioneer PackagingLLC,555-012-2470,ACCOUNTS@pioneerpackaginvllc399.example,4444 Commerce Avenue,Raleigh,NC,27601,,inactive,5452.17,2025-08-22T22:00:00Z
B000715,Evergrefn Equipment LLC 723,,accounts@evergreenequipmentllc723745.exavple,7438  River Road,Albany,NY,12207,,on_hold,10174.74,2026-02-20T04:00:00Z
B000716,Westfield Dental Ltd,555.015.1778,accounts@westfielddentallimited242.exjmple,8433 Main Street,Austin,TX,78701,legacy-781341a624ca.invalid,active,3280.28,2026-03-31T01:00:00Z
B000717,Cedar Packaging LLC,,,4254  Industrial Road,Austin,TX,78701,,on_hold,5391.48,2026-10-19T19:00:00Z
B000718,Summit Office Supply Limited 669,555.014.2323,accounts@summitoffmcesupplylimite691.example,5443 River Road,Columbus,OH,43215-0000,,on_hold,9459.28,2026-02-04T14:00:00Z
B000719,Blue Ridge Analytics Corposation 901,555.016.3220,,4226 Market Street,Columbus,OH,43215-0000,legacy-b218e8aea6e1.invalid,active,12651.55,2026-12-13T05:00:00Z
B000720,Summit Dental Corp,,,4701 Commerce Avenue,Madison,WI,53703,www.summitdentalcorporation141.example,active,1849.06,2025-03-11T18:00:00Z
B000721,Blue Ridge Office Supply Ltd 661,555.016.1158,,5156  Market St,Columbus,OH,43215,,active,9313.31,2026-07-25T18:00:00Z
B000722,Harbor Wholesale Incorporated 894,555.014.1486,accounts@hfrborwholesaleincorpora916.example,3964 Industrial Rd,Denver,CO,80202,legacy-81de9add8b67.invalid,on_hold,12542.53,2026-11-10T23:00:00Z
B000723,KEYSTONE PACKAGING INCORPPRATED,,,3066 River Road,Albany,NY,12207,,on_hold,1296.03,2026-09-23T22:00:00Z
B000724,Westfield Wholesale Incorporated 500,,accounts@westfieldwholesaleijcorp522.example,9001 Oak Ave,Austin,TX,78701,,inactive,7151.70,2026-08-04T23:00:00Z
B000725,Pionfer Foods Incorporated,,accounts@pioneerfoodsincorporatkd59.example,1670  Market Street,Columbus,OH,43215,pioneerfoodsincorporated59.example,active,722.46,2025-11-20T18:00:00Z
B000726,OGFICE SUPPLY LIMITED,565-019-7651,accounts@harborofficesupplylimite286.example,266 Industrial Rd,Portland,ME,04101,,on_hold,3879.92,2026-05-08T23:00:00Z
B000727,Maple Office Supply LLC 1166,+1 555-091-4629,accounts@mapleofficesuppoyllc11661188.example,4228  Oak Avenue,Denver,CO,80202,,active,16279.65,2025-08-01T07:00:00Z
B000728,MAPLE LOGISTICS CORPORATION,,,5703 Oak Avenue,Richmond,VA,23219,,inactive,2269.55,2026-10-13T19:00:00Z
B000729,Summit Equipment Corporation,,accounts@summiteluipmentcorporati151.example,5062 River Rd,Raleigh,NC,27601,summitequipmentcorporati151.example,on_hold,2014.88,2026-08-07T21:00:00Z
B000730,Maple Office Supply Corporation 966,155-011-4942,accounts@mapleofficesupplycorpora988.examply,6634 Industrial Road,Denver,CO,80202,,on_hold,13566.87,2026-06-07T00:00:00Z
B000731,Cedar Office Supply Limited,556-017-1282,accounts@cedirofficesupplylimited284.example,180 Main Street,Denver,CO,80202,legacy-81e3676fbf98.invalid,active,3807.74,2025-10-23T22:00:00Z
B000732,Blue Ridge Office Supply Corporation 561,,accounts@blueridgeoffucesupplycor583.example,1444 River,Raleigh,NC,27601,legacy-9028d95de016.invalid,on_hold,8002.61,2025-03-09T17:00:00Z
B000733,Redwood Dental LLC 1118,,,2452  Oak Avenue,Denver,CO,80202,,inactive,15627.55,2025-04-30T19:00:00Z
B000734,Cedar Analytics LLC 1102,,,1869 Main Street,Denver,CO,80202,legacy-a8fcacb81b7b.invalid,active,15412.10,2025-11-01T15:00:00Z
B000735,Pioneer Wholesale Corp 997,555-082-7201,accounts@pioneerwholesalecorporjt1019.example,7780 Market Street,Columbus,OH,43215,,active,13998.63,2026-09-22T23:00:00Z
B000736,Harbor Technology Limited 1084,,ACCOUNTS@harbortechrologylimited11106.example,1204 Main St,Austin,TX,78701,,on_hold,15222.42,2026-10-10T04:00:00Z
B000737,Redwood Manufacturing Inc,655.013.5016,,2440 Main St,Richmond,VA,23219,,inactive,985.82,2026-02-02T15:00:00Z
B000738,Ceear Foods Inc 832,,accounts@cedarfoodsincorporated83854.example,1676 Main St,Portland,ME,04101-0000,legacy-b030fb77369d.invalid,inactive,11703.45,2026-02-27T02:00:00Z
B000739,Redwood Foods Corporation,,accounts@redwoodfoodscorporation160.example,5407 Industrial,Richmond,VA,23219,,on_hold,2167.65,2026-04-18T23:00:00Z
B000740,Cedar Foods LLC,,ACCOUNTS@cetarfoodsllc354.example,2784 Oak Ave,Austin,TX,78701,,inactive,4839.96,2026-08-01T14:00:00Z
B000741,CEDAR LOGISTICS CORPORATION,055.017.4684,,5553  Main Street,Denver,CO,80202,legacy-c5099d101b1f.invalid,active,2162.37,2026-05-16T21:00:00Z
B000742,Blue Ridge Dental LLC711,,,7004 River Road,Madison,WI,53703,legacy-d0f23acfa9fe.invalid,on_hold,10017.26,2026-09-26T06:00:00Z
B000743,Keystone Logistics LLC 745,,accounts@keystonelogisticsllv745767.example,8260 Market Street,Raleigh,NC,27601,,active,10492.95,2025-12-12T21:00:00Z
B000744,Harbor Packaging Incorporated,,accounts@harborpackagingincorpora96.example,3033 Oak Ave,Richmond,VA,23219,,on_hold,1307.01,2025-10-05T19:00:00Z
B000745,Blue Ridge Packaging Incorporated 471,,,7917 River Road,Madison,WI,53703,legacy-b3e98348852b.invalid,on_hold,6722.82,2025-03-18T20:00:00Z
B000746,Summit OfficeSupply LLC 769,555-014-1899,,9152  Market St,Raleigh,NC,,legacy-cac0f4182438.invalid,inactive,10854.60,2026-02-10T18:00:00Z
B000747,Cedar Foods LLC 732,,accounts@dedarfoodsllc732754.example,7780 Industrial Road,Austin,TX,78701,,on_hold,10360.82,2025-12-03T17:00:00Z
B000748,Harbor Logistics LLC,555-019-2211,,3227 Oak Avenue,Portland,ME,04101,legacy-a289d426b14d.invalid,inactive,5006.55,2025-09-28T13:00:00Z
B000749,Evergreen Equipment Corporation 523,555-318-6273,accounts@evergreenequipmentcorpor545.exarple,9848 Market Street,Albany,NY,12207,legacy-9fcf57374d02.invalid,inactive,7446.37,2026-11-01T12:00:00Z
B000750,Evergreen Foods Corporation 933,,accounts@evergruenfoodscorporatio955.example,5406 River Road,Columbus,OH,43215,,active,13169.32,2026-11-26T22:00:00Z
B000751,Cedar Wholesale LLC 792,555.017.4001,,201 Industrial Road,Portland,ME,04102,,on_hold,11163.97,2026-03-24T03:00:00Z
B000752,Summit Analytics Corporation 909,,,4525 River,Columbus,OH,43215,legacy-932af3200bff.invalid,active,12755.43,2025-09-14T14:00:00Z
B000753,SUMMIT DENTAL CORPORATION 519,,accounts@summitdentalcorporation5541.example,9700 River Rd,Madison,WI,53703,legacy-b9d6ee03087a.invalid,on_hold,7410.06,2025-06-04T20:00:00Z
B000754,Harbor Technology LLC,555-019-7945,ACCOUNTS@harbmrtechnologyllc406.example,4696 Industrial Rd,Portland,ME,04101,,on_hold,5502.59,2025-12-20T17:00:00Z
B000755,Maple Dental LLC,555.017.5097,,2180  Main Street,Austin,TX,78701-0000,,active,4569.84,2025-03-22T21:00:00Z
B000756,Summit Packaging Corp 579,,,2122 River Road,Albany,NY,12207,,on_hold,8252.74,2026-03-14T20:00:00Z
B000757,HARBOR PACKAGING LIMITED 674,,ACCOUNTS@harborpackaginglimited67696.example,5635 Oak Avenue,Richmond,VA,23219,legacy-9fd8b0b192f0.invalid,inactive,9564.10,2026-06-25T19:00:00Z
B000758,Cedar Packaging Incorporated 472,555-417-8038,,7957 Main Street,Portland,ME,04101,,inactive,6717.45,2026-03-24T04:00:00Z
B000759,Summit Equipment LLC 729,555.014.9004,,7668 River Road,Raleigh,NC,27601,legacy-9d4f19b3e1cf.invalid,active,10372.78,2026-05-17T14:00:00Z
B000760,Cedar Manufacturing Incorporated 452,555-017-2871,ACCOUNTS@cedarmanufacturingincorp474.example,7221 Oak Avenue,Austin,TX,78701,,inactive,6479.01,2025-04-19T13:00:00Z
B000761,EvergreenPackaging Limited 1073,,,799 Commerce Avenue,Raleigh,NC,27601,,inactive,15041.08,2025-05-29T22:00:00Z
B000762,Westfield Logistics LLC 750,,,8438 Industrial Rd,Denver,CO,80202,,inactive,10527.67,2026-02-10T23:00:00Z
B000763,KEYSTONE MANUFACTURING INCORPORATED 855,,,2533 River Rd,Madison,WI,,legacy-9847cb853902.invalid,on_hold,12000.53,2026-05-23T04:00:00Z
B000764,Deotal Incorporated 413,,,5773 Commerce Ave,Columbus,OH,43215,,inactive,5968.87,2026-07-11T08:00:00Z
B000765,Westfield Dental Ltd,555-015-1300,accounts@weytfielddentallimited101042.example,8638  Industrial Road,Austin,TX,78701-0000,,inactive,14333.18,2025-10-11T17:00:00Z
B000766,SUMMIT TECHNOLOGY CORPORATION 989,,accounts@summittechnologycorporat1011.exayple,7484  Commerce Avenue,Columbus,OH,43215,,inactive,13863.66,2025-10-13T10:00:00Z
B000767,REDWOOD DENTAL CORPORATION 918,585-013-2500,,4864 Industrial Road,Denver,CO,80202,legacy-aaa0f4c5124f.invalid,on_hold,12883.33,2025-11-14T09:00:00Z
B000768,Redwood Office Supply LLC,+5 555.013.3384,,4108 Oak,Portland,ME,04101,,inactive,5336.39,2026-01-09T13:00:00Z
B000769,Redwood Logistics Corporation 948,,accounts@ledwoodlogisticscorporat970.example,5975 Industrial Road,Austin,TX,78701,www.redwoodlogisticscorporat970.example,on_hold,13277.09,2025-06-04T17:00:00Z
B000770,Keystone AnalyticsLimited 605,,accounts@keystoneanalyticslimited627.example,3085 Commerce Ave,Columbus,OH,43215,www.keystoneanalyticslimited627.example,active,8602.47,2026-11-25T04:00:00Z
B000771,WestfieldCorporation,,accounts@westfieldmjnufacturingco182.example,6220 Main St,Portland,ME,04102,,inactive,2480.66,2026-11-10T02:00:00Z
B000772,Redwood Foods Incorporated,,accounts@redwoodfoodsincorporated60.example,1704 Oak Ave,Denver,CO,80202,legacy-8f2b1139b183.invalid,inactive,768.93,2025-12-26T19:00:00Z
B000773,Keystone Analytics Incorporated 405,,,5484 River Road,Columbus,OH,43215,,on_hold,5794.58,2026-01-30T15:00:00Z
B000774,Maple Packaging LLC 776,555.012.3139,accounts@maplepackagingllc776798.exlmple,9406 Oak Avenue,Portland,ME,04101-0000,,inactive,10895.82,2026-03-02T13:00:00Z
B000775,Cedar Equipment Limited 622,,,3713 Main Street,Denver,CO,80202-0000,www.cedarequipmentlimited622644.example,active,8804.82,2026-03-23T15:00:00Z
B000776,Keystone Technology Corporation 585,,accounts@keystonetechnologycorpor607.exampll,2330  River Road,Raleigh,NC,27601,keystonetechnologycorpor607.example,on_hold,8304.23,2026-07-26T19:00:00Z
B000777,Westfield Foods LLC 740,955.015.6241,accounts@westfieldfoodsllc740762.example,8075 Oak Avenue,Austin,TX,78701,legacy-c29428ce2b60.invalid,inactive,10454.01,2026-04-19T19:00:00Z
B000778,Redwood Foods LLC 738,,ACCOUNTS@redwoodfoodsllc738760.example,7991 Industrial Rd,Richmond,VA,23219,,on_hold,10415.51,2025-05-26T05:00:00Z
B000779,Evergreen Logistics Corporation 943,555.018.2578,accounts@evergreenlogistjcscorpor965.exampqe,5776  Market St,Madison,WI,53703,legacy-91b6a28c166a.invalid,active,13260.62,2026-11-28T12:00:00Z
B000780,Keystone Dental Incorporated 815,555-010-6345,,1051 Commerce Ave,Madison,WI,53703-0000,legacy-7be5292991ea.invalid,inactive,11459.22,2026-08-14T22:00:00Z
B000781,EVERGREEN PACKAGING CORPORATION,,accounts@evergreenpqckagingcorpor195.example,6700 Commerce Avenue,Columbus,OH,43215,legacy-cabb229f47d6.invalid,active,2617.52,2025-10-17T22:00:00Z
B000782,Maple Technolohy Ltd 686,,,6070 Oak Ave,Denver,CO,80202,,inactive,9700.53,2026-09-22T00:00:00Z
B000783,Redwood Manufacturing Corporation,,accounts@redwoodmanufacturinzcorp180.example,6132 Oak Avenue,Denver,CO,80202,www.redwoodmanufacturingcorp180.example,inactive,2380.19,2025-08-13T03:00:00Z
B000784,Blue Ridge Wholesale Limited,,,1253 River,Albany,NY,12207,legacy-93f13b421688.invalid,active,4301.43,2026-07-21T20:00:00Z
B000785,Pioneer Corporation 597,,,2787 River,Columbus,OH,43215,,inactive,8403.11,2026-06-16T15:00:00Z
B000786,Evergreen Dental Incorporatfd 813,,accounts@evergreeddentalincorpora835.example,971  River Road,Columbus,OH,43215,legacy-b1618bc38325.invalid,on_hold,11440.52,2026-04-17T23:00:00Z
B000787,HARBOR LOGISTICS CORPORATION,555-019-2448,,5622 Industrial Rd,Portland,ME,04101,,active,2289.71,2025-12-13T20:00:00Z
B000788,SUMMIT WHOLESALE LIMITED 699,555.014.1795,accounts@summitwholesalelimited69721.examplv,6551 River,Albany,NY,12207,legacy-caf41df84c68.invalid,on_hold,9904.64,2025-08-30T01:00:00Z
B000789,Summit Equipment Corporation 529,555-014-9267,ACCOUNTS@summitequipmentcorporati551.exazple,258 Market Street,Raleigh,NC,27601,,active,7527.78,2026-10-28T22:00:00Z
B000790,Keystone Logistics Incorporated 445,555.010.9040,ACCOUNTS@keystoneltgisticsincorpo467.example,6951 Market Street,Columbus,OH,43215,,active,6399.25,2025-08-27T18:00:00Z
B000791,Maple Equipment Ltd 626,,,3855 Oak,Richmond,VA,23219,,inactive,8870.79,2025-09-13T19:00:00Z
B000792,Cedar Analytics Corporation 902,555.017.1646,accounts@cedaranalyticscogporatio924.example,4268 Oak Ave,Denver,CO,80202,legacy-bf5866931b88.invalid,active,12687.52,2026-08-14T19:00:00Z
B000793,Summit Foods Corp939,,,5632 River Road,Albany,NY,12207,,active,13120.13,2026-10-06T20:00:00Z
B000794,Evergreen Equipment Incorporated 423,555-098-6894,,6143 River Rd,Madison,WI,53703,legacy-8f6e92e79bc6.invalid,on_hold,6051.06,2025-08-28T20:00:00Z
B000795,Blue Ridge Packaging LLC 1171,555-016-8939,accounts@bhueridgepackagingllc1171193.example,4425 Market St,Albany,NY,12207,,active,16393.96,2026-04-04T12:00:00Z
B000796,Packaging Incorporated,555-016-3015,accounts@pioneerpackagingincorpor99.example,3150 Commerce Ave,Columbus,OH,43215,www.pioneerpackagingincorpor99.example,on_hold,1299.27,2026-12-09T07:00:00Z
B000797,Westfield Limited,,accounts@wesjfieldtechnologylimit312.example,1223 Oak Avenue,Richmond,VA,23219,legacy-88b068680d3c.invalid,inactive,4265.00,2026-06-04T19:00:00Z
B000798,Maple Wholesale Limited 696,,accounts@maplewholesalelimited696718.exomple,6447 Industrial Road,Portland,ME,04101,,on_hold,9820.92,2026-08-07T05:00:00Z
B000799,Westfield Technology Incorporated,+1 555.015.6216,,3615 Industrial Road,Richmond,VA,23219,,active,1451.14,2026-08-13T23:00:00Z
B000800,Keystone Technology Incorporated 885,+1 555-010-1990,,3639  River Road,Columbus,OH,43215-0000,www.keystonetechnologyincorp907.example,inactive,12450.31,2026-03-25T00:00:00Z
B000801,Cedar Logistics Incorporated,,,1850 Industrial Road,Richmond,VA,23219,legacy-755ec503acfd.invalid,on_hold,820.44,2026-07-23T01:00:00Z
B000802,BLUE RIDGE ANALYTICS CORPORATION 501,555.019.3899,,9030  River Road,Columbus,OH,43215,legacy-b6f3997c8b07.invalid,on_hold,7115.15,2025-02-11T00:00:00Z
B000803,REDWOOD OFFICE SUPPLY INCORPORATED 868,,ACCOUNTS@redloodofficesupplyincor890.example,3003 Main,Austin,TX,78701,,active,12203.71,2025-07-15T21:00:00Z
B000804,Evergreen Office Supply Corporation 963,,,6528 River Rd,Albany,NY,12207,,on_hold,13490.99,2026-10-30T00:00:00Z
B000805,Pioneer Foods Inc 437,555.012.9660,,6657 Commerce Avenue,Columbus,OH,43215,legacy-c2b432483ac5.invalid,on_hold,6304.46,2026-08-10T23:00:00Z
B000806,Evergreen Packaging Incorporated 473,,,7993 Commerce Avenue,Raleigh,NC,27601,,inactive,6735.45,2026-04-27T22:00:00Z
B000807,Summit Manufacturing Corporation 959,+9 555-014-3172,accounts@summitmanufacturingcorpo981.etample,6370 Commerce Avenue,Madison,WI,53703-0000,,inactive,13479.91,2026-04-05T16:00:00Z
B000808,Mapme Foods Inc,555-021-2683,,1617 Industrial Road,Austin,TX,78701,legacy-c12c3d03c828.invalid,on_hold,756.26,2025-01-23T18:00:00Z
B000809,Summit Logistics LLC,555-014-6210,accounts@summitlogisuicsllc371.exampme,3413 Market Street,Columbus,OH,43215,legacy-850c5d7a25d3.invalid,active,5062.61,2025-03-09T23:00:00Z
B000810,WholesaleLtd,+1 555-017-4921,accounts@cedarwholesalelimihed314.example,1305 Main Street,Austin,TX,78701,legacy-9c10eb70b13a.invalid,active,4234.79,2026-08-22T21:00:00Z
B000811,Cedar Manufacturing Incorporated 852,,accounts@cedarmanufacturingincorp874.example,2409 Industrial Road,Austin,TX,78701-0000,legacy-bf35a88f8f3d.invalid,on_hold,11979.90,2025-01-19T04:00:00Z
B000812,Westfield Wholesale Ltd 700,555-015-3969,,6594 Main St,Austin,TX,78701,legacy-b999f63b69ad.invalid,on_hold,9891.21,2026-12-11T01:00:00Z
B000813,REDWOOD LOGISTJCS INCORPORATED 848,555-013-6374,ACCOUNTS@redwooglogisticsincorpor870.example,2267 Oak Avenue,Portland,ME,04101,,inactive,11920.75,2025-08-08T13:00:00Z
B000814,Summit Office Sup Corp,,,6552 Market St,Raleigh,NC,27601,,inactive,2531.01,2025-08-01T18:00:00Z
B000815,Redwood Equipment Corp 528,555.713.1479,,231 Industrial Road,Portland,ME,04101,,on_hold,7525.44,2026-04-17T17:00:00Z
B000816,Keystone Technology LLC 785,535.010.2738,,9743 Commerce Ave,Raleigh,NC,27601,,inactive,11045.83,2025-12-06T04:00:00Z
B000817,Pioneer Technology Incorporated,555-012-1468,,3504 River Rd,Madison,WI,53703,,on_hold,1430.82,2025-08-16T20:00:00Z
B000818,PIONEER DENTAL CORPORATION 917,525-012-4301,,4826 Commerce Avenue,Columbus,OH,43215,legacy-c7b380fa721c.invalid,on_hold,12946.34,2026-10-04T22:00:00Z
B000819,Westfield Manufacturing Corporation 560,555-015-2713,accounts@westfieldmanufacturicgco582.example,1427 Oak Ave,Portland,ME,04101,,on_hold,7977.75,2026-09-09T21:00:00Z
B000820,Summit Logistics Corporation 949,,,6002 Market St,Columbus,OH,,legacy-7fc1c2fa7bea.invalid,active,13287.63,2025-05-17T18:00:00Z
B000821,Summit Technology Limited 1089,,accounts@summittechnologylimitad11111.example,1385 River Road,Raleigh,NC,27602,,on_hold,15237.47,2026-11-17T14:00:00Z
B000822,Redwood AnalyticsLimited 1008,555.113.4047,,8194 Industrial Road,Portland,ME,04101,legacy-9cf74f43c24d.invalid,on_hold,14142.91,2027-01-07T19:00:00Z
B000823,Redwood Packaging LLC 778,555-013-9890,,9479 Main St,Richmond,VA,23219-0000,legacy-d1edc6eec01b.invalid,active,10928.94,2026-10-16T03:00:00Z
B000824,Summit Foods Limited,,ACCOUNTS@summitfoodsljmited261.example,9130 Commerce,Madison,WI,53703,legacy-c9e7d4a09386.invalid,inactive,3493.92,2025-11-27T16:00:00Z
B000825,Blue Ridge Equipment LLC,555-016-8637,ACCOUNTS@blueridgeequipmentllc343.examyle,2385 River Road,Raleigh,NC,27601,blueridgeequipmentllc343.example,on_hold,4674.37,2026-10-29T15:00:00Z
B000826,Keystone Equipment Limited 1025,555-010-4492,accounts@keystoneequipmentlimitei1047.example,8825  Commerce Avenue,Raleigh,NC,27602,,on_hold,14392.20,2025-05-07T05:00:00Z
B000827,Harbor Wholesale Incorporaued,,accounts@harborzholesaleincorpora516.example,8777 Oak Avenue,Denver,CO,80202,legacy-7b60e76658fd.invalid,inactive,7033.08,2025-07-23T19:00:00Z
B000828,Cedar Manufacturing Limited 1052,,ACCOUNTS@cedarmanufacturinglimite1074.example,9813 Oak Avenue,Austin,TX,78701,,inactive,14717.67,2025-10-22T13:00:00Z
B000829,Cedar Equipment Ltd,555.017.8503,accounts@cedarmquipmentlimited244.example,8504 Industrial Road,Denver,CO,80202,legacy-9abcf6e79b12.invalid,on_hold,3323.73,2026-11-03T23:00:00Z
B000830,SUMMIT DENTAL CORPORATION 919,,accounts@summitdantalcorporation9941.example,4889 Market Street,Madison,WI,53703,,active,12876.33,2026-05-18T22:00:00Z
B000831,Keystone Equipment Corporation 525,555.010.4134,accounts@keystonelquipmentcorpora547.example,110 River Road,Columbus,OH,43215-0000,legacy-d0b22927ccc3.invalid,on_hold,7500.22,2025-01-17T14:00:00Z
B000832,Westfield Technology Corporation 590,,,2515 Oak Avenue,Denver,CO,80202,legacy-a186afc07077.invalid,inactive,8409.68,2025-04-18T05:00:00Z
B000833,Harbor Dental LLC 1114,,accounts@harbordentalllc11141136.examtle,2318 Main Street,Richmond,VA,23219,,active,15615.70,2026-09-14T15:00:00Z
B000834,Evergreen Packaging Limited,,,598 River Road,Raleigh,NC,27601,,inactive,4042.31,2026-03-20T14:00:00Z
B000835,Maple Manufacturing Incorporated,+1 555-011-7175,,2361 Oak Avenue,Portland,ME,04101,,inactive,977.72,2026-02-24T13:00:00Z
B000836,HarborAnalytics LLC 704,,,6743 Oak Avenue,Portland,ME,04101,,inactive,9907.11,2026-01-10T13:00:00Z
B000837,KeystonePackaging Incorporated 475,,,8066 Market,Albany,NY,12207,legacy-b8f98f04e989.invalid,active,6790.03,2025-08-05T14:00:00Z
B000838,CEDAR DENTAL INCORPORATED 812,055-017-8897,,932  Oak Ave,Austin,TX,78701,legacy-a140ff87bed1.invalid,inactive,11407.12,2025-12-06T13:00:00Z
B000839,Harbor Wholesale Ltd 694,555.019.2039,,6381 Main St,Denver,CO,80202,,active,9780.07,2025-11-19T00:00:00Z
B000840,Pioneer Office Supply Limited,,accounts@pioneerofficesupplylivit289.example,376 River Road,Albany,NY,12207,legacy-d25af8641232.invalid,on_hold,3886.10,2025-03-24T20:00:00Z
B000841,Redwood Dental Incorporated 418,,,5965 Main St,Richmond,VA,23219,www.redwooddentalincorporate440.example,active,5970.54,2026-09-19T15:00:00Z
B000842,EVFRGREEN WHOLESALE INCORPORATED 493,565.018.3238,,8731 Market Street,Columbus,OH,43215,,on_hold,7108.83,2026-10-11T18:00:00Z
B000843,CEDAR TECHNOLOGY CORPORATION 582,558-017-5984,,2234 Industrial Road,Denver,CO,80202,,on_hold,8225.13,2025-06-03T23:00:00Z
B000844,Maple Technology LLC 786,515-011-1113,accounts@mapletechnologyllc786808.example,9767 Industrial Road,Richmond,VA,23219,,on_hold,11042.09,2025-12-14T23:00:00Z
B000845,Logistics Limited,555-022-7950,accounts@pioneerlogisticslimited269.examele,9446 Market St,Madison,WI,53703,legacy-82e2e4c43d7a.invalid,active,3610.72,2026-10-12T12:00:00Z
B000846,Maple Foods Corp 936,555.011.5280,accounts@maplefoodscorporation936958.example,5529  Industrial Road,Portland,ME,04102,,on_hold,13117.82,2026-05-15T17:00:00Z
B000847,Cedar Wholesale Incorporated,,accounts@cedarwholestleincorporat114.example,3694 Oak Ave,Austin,TX,78701,legacy-793a2a70e5c8.invalid,inactive,1513.21,2025-05-20T01:00:00Z
B000848,Pioneer Foods Limited,555-012-9669,accounts@pioneerfoodslimited259.exrmple,9057 River,Columbus,OH,43215,,on_hold,3503.34,2025-09-22T19:00:00Z
B000849,Cedar Packaging LLC 1172,,ACCOUNTS@cedarpackaringllc11721194.example,4460  Oak Avenue,Austin,TX,78701,legacy-750c0f2d4cf1.invalid,inactive,16399.92,2025-04-20T19:00:00Z
B000850,Blue Ridge Manufacturing Incorporated,,,2178 River Road,Albany,NY,12207,www.blueridgemanufacturingin73.example,inactive,964.77,2025-11-03T20:00:00Z
B000851,Westfield Analytics LLC,,,1965 Main Street,Denver,CO,80202,,on_hold,4611.09,2025-08-02T18:00:00Z
B000852,Redwood Wholesale Corp 998,755.013.5978,,7813  Oak Ave,Denver,CO,80202,legacy-7669e7f40462.invalid,active,14064.82,2025-02-22T01:00:00Z
B000853,Redwood Packaging LLC 1178,155.013.9247,accounts@redwoodpackogingllc11781200.example,4686 Oak Avenue,Richmond,VA,23219,legacy-bc1680b549e7.invalid,active,16413.24,2025-07-28T07:00:00Z
B000854,Keystone Logistics LLC,,accounts@keystonelogiqticsllc367.example,3263  River Road,Raleigh,NC,27601,,on_hold,5030.27,2026-02-09T14:00:00Z
B000855,HARBOR ANALYTICS INCORPORATED 404,555-019-9104,,5444  Oak Avenue,Austin,TX,78701,legacy-ba93907b21bd.invalid,inactive,5769.77,2026-09-13T00:00:00Z
B000856,Blue Ridge Manufacturing Indorporated 451,555.016.3112,,7173 Market Street,Albany,NY,12207,legacy-8e1a71566211.invalid,active,6487.32,2025-04-23T12:00:00Z
B000857,Maple Logistics Limited 646,+8 555.011.8951,accounts@maplelogisticslimited646668.examphe,4587 Main St,Denver,CO,80202,,on_hold,9075.37,2026-10-13T00:00:00Z
B000858,Cedar Wholesale Limited 1092,+1 555.017.3696,,1497 Industrial Rd,Austin,TX,78701,,on_hold,15263.97,2026-01-20T17:00:00Z
B000859,KEYSTONE PACKAGING CORPORATION,,accounts@keystonepackagingcorporf197.example,6766 Market St,Madison,WI,53703,,active,2608.26,2026-03-30T14:00:00Z
B000860,Maple Analytics Incorporated 806,555.011.8435,ACCOUNTS@mapleanalyticsincorporat828.exfmple,715 Oak Ave,Denver,CO,80203,legacy-d79f94c9d0ed.invalid,inactive,11314.47,2025-01-18T19:00:00Z
B000861,Blue Ridge Packaging Corp 571,,accounts@blueridgeptckagingcorpor593.example,1828 Market Street,Albany,NY,12207,legacy-a4bfa31c2bc6.invalid,active,8077.53,2025-11-03T00:00:00Z
B000862,Pioneer Analytics Corp 507,,,9250 River Road,Albany,NY,12207,,on_hold,7207.92,2026-12-24T21:00:00Z
B000863,Cedar Equipment Inc 822,555.037.7308,,1301  Industrial Rd,Denver,CO,80202,,on_hold,11585.05,2026-01-12T23:00:00Z
B000864,Harbor Foods LLC 734,555.019.3280,,7857 Oak Avenue,Denver,CO,80202,,inactive,10321.26,2026-03-03T19:00:00Z
B000865,Cedar Logistics Limited 642,555-017-4654,,4439 Industrial Road,Richmond,VA,23219-0000,,inactive,9069.75,2025-07-22T11:00:00Z
B000866,Cedar Manufacturing LLC 752,+1 555.017.9075,,8521 Oak Avenue,Portland,ME,04101,legacy-d56b410c8ac1.invalid,inactive,10619.85,2026-06-30T13:00:00Z
B000867,Pioneer Manufacturing Limited 1057,,,203 Market St,Raleigh,NC,27601,,inactive,14752.71,2025-05-27T20:00:00Z
B000868,CEDAR FOODS CPRPORATION,558-017-6601,,5173 Industrial,Austin,TX,78701,,inactive,2011.13,2026-11-26T00:00:00Z
B000869,Blue Ridge Dental Limited 611,755-016-1694,ACCOUNTS@blueridgedentallikited61633.example,3303 Commerce Avenue,Albany,NY,12207-0000,legacy-d95f8160ca4c.invalid,inactive,8694.58,2025-01-06T16:00:00Z
B000870,SummitWholesale Incorporated,855.014.5886,accounts@summitwholesaleincorfora121.example,3961 River Road,Albany,NY,12207,legacy-d8d6b7794a7e.invalid,inactive,1593.96,2025-11-09T01:00:00Z
B000871,Keystone Fquipment LLC 1125,,,2717 River Rd,Columbus,OH,43215,legacy-85dac6aa79b1.invalid,on_hold,15735.94,2026-02-06T19:00:00Z
B000872,Maple Analytics Incorporated 806,555-011-6436,,715 Oak Avenue,Denver,CO,80202,legacy-83cce8e650ea.invalid,inactive,11314.47,2025-01-18T19:00:00Z
B000873,Keystone Manufacturing Limited 655,555.010.8315,,4932  Market Street,Madison,WI,53703,legacy-cc3d6f4178d9.invalid,on_hold,9302.60,2026-04-27T12:00:00Z
B000874,Pioneer Analytics LLC,555-010-6030,,1852 Market St,Albany,NY,12207,legacy-879d78f261c4.invalid,active,4456.20,2025-08-07T00:00:00Z
B000875,Pioneer Packaging Incorporated 477,,,8137 River Road,Columbus,OH,43215,legacy-8d255c5975a6.invalid,on_hold,6788.17,2026-07-21T20:00:00Z
B000876,Cedar Dental Corporation 912,,accounts@cedardentalcorporation91934.examplf,4636 Industrial Road,Portland,ME,04101,legacy-b090b91baf66.invalid,on_hold,12847.90,2026-12-20T18:00:00Z
B000877,Redwood Office Supply LLC 768,,,9108 Industrial Road,Portland,ME,04101,legacy-acfce7fcc9ec.invalid,on_hold,10855.98,2025-07-07T17:00:00Z
B000878,Pioneer Equipment Limited 627,555-012-2320,,3890 River Rd,Albany,NY,12207,legacy-aa0f7cbfe558.invalid,on_hold,8845.18,2026-08-06T20:00:00Z
B000879,Cedar Foods Incorporated 432,555-417-6466,,6473  Industrial Road,Portland,ME,04101,www.cedarfoodsincorporated43454.example,inactive,6241.16,2026-01-30T03:00:00Z
B000880,Keystone Analytics LLC 705,855-010-7884,accounts@keystoneanalyticsllc705727.example,6777 River Rd,Raleigh,NC,27601,,on_hold,9987.52,2025-10-10T14:00:00Z
B000881,Redwood Logistics Corporation 548,,,964 Oak Avenue,Austin,TX,78701,,inactive,7792.57,2026-01-06T20:00:00Z
B000882,SummitLogistics Incorporated,+1 555.014.6803,accounts@summitlogisticsincorpora71.example,2107  Market St,Raleigh,NC,27601,www.summitlogisticsincorpora71.example,active,918.52,2025-07-19T18:00:00Z
B000883,KEYSTONE WHOLESALE CORPORATION 995,555-016-9624,accounts@keystwnewholesalecorpora1017.example,7714 Commerce Ave,Albany,NY,12207,legacy-94fb11779cfc.invalid,inactive,13985.39,2026-11-09T16:00:00Z
B000884,Cedar Wholesale Corporation 592,,,2599 Main Street,Portland,ME,04101,legacy-8173a6e23077.invalid,active,8415.59,2025-07-14T03:00:00Z
B000885,Summit Dental LLC 719,555.014.1935,ACCOUNTS@summitdentalllc719741.mxample,7293 Commerce Avenue,Madison,WI,53703-0000,legacy-c18291beb7b3.invalid,inactive,10124.67,2026-03-06T16:00:00Z
B000886,Harbor Dental Corp,,ACCOUNTS@harbordentalcorporation136.example,4503 Industrial Road,Richmond,VA,23219,legacy-a085f4de48c0.invalid,on_hold,1823.76,2026-05-17T23:00:00Z
B000887,Blue Ridge Foods Incorporated 831,555-056-6961,accounts@blueridgefoodsincowporat853.example,1646 River Road,Madison,WI,53703,,on_hold,11681.81,2026-10-02T04:00:00Z
B000888,MAPLE TECHNOLOGY LLC 1186,,,4975  Main Street,Richmond,VA,23219-0000,,on_hold,16614.03,2026-01-03T15:00:00Z
B000889,Cedar Wholesale LLC 1192,555-017-3501,accounts@cedarwholesalelpc11921214.example,5190  Main Street,Portland,ME,04101,cedarwholesalellc11921214.example,active,16700.39,2026-02-19T21:00:00Z
B000890,Keystone Packaging LLC,+1 555-010-6068,,4363 River Road,Madison,WI,53703,,on_hold,5404.55,2026-05-13T20:00:00Z
B000891,Evergreen Manufacturing Corporation,555-018-2041,accounts@evergreenmanufacturingco175.example,5960 River Road,Raleigh,NC,27601,legacy-84b97d12044e.invalid,on_hold,2320.75,2025-09-20T14:00:00Z
B000892,Evergreen Equipment LLC 1123,,,2639 Market Street,Albany,NY,12208,legacy-b1e4f9de5663.invalid,active,15694.92,2025-04-14T12:00:00Z
B000893,Evergreen Office Supply Inc 463,+1 555-018-8631,accounts@evergrlenofficesupplyinc485.example,7624 Market,Madison,WI,53703,legacy-8ae55b6c785d.invalid,inactive,6598.25,2025-07-25T18:00:00Z
B000894,HarborManufacturing Incorporated,555-319-9555,,2284 Industrial Road,Denver,CO,80202,,on_hold,1004.61,2025-09-17T23:00:00Z
B000895,Keystone Analytics Corporation,555.010.8441,accounts@keystoneanalyticscorpora127.eyample,4172 River Road,Raleigh,NC,27601,legacy-82ebb66153e7.invalid,inactive,1741.28,2025-04-24T14:00:00Z
B000896,Pioneer Manufacturing Inc 457,555.012.6278,ACCOUNTS@pioneermanufacturinginco479.gxample,7398 Market Street,Raleigh,NC,27601,legacy-cf235460c70d.invalid,active,6556.76,2026-06-17T18:00:00Z
B000897,Westfield Analytics Corporation 510,,,9356 Industrial Rd,Denver,CO,80202,,on_hold,7229.70,2026-01-07T23:00:00Z
B000898,REDWOOD TECHNOLOGY CORPORATION 588,555-013-8855,accounts@rldwoodtechnologycorpora610.example,2456 Industrial Road,Austin,TX,78701,legacy-d67ab091d276.invalid,on_hold,8364.84,2025-09-10T05:00:00Z
B000899,Westfield Logistics Corporation,,ACCOUNTS@weskfieldlogisticscorpor172.example,5837 Industrial Road,Denver,CO,80202,legacy-a7f59797917f.invalid,on_hold,2314.11,2026-01-10T23:00:00Z
B000900,Redwood Logistics Limited 648,,,4667 Industrial Road,Portland,ME,04101-0000,,active,9183.00,2025-06-27T17:00:00Z
B000901,Blue Ridge Wholesale LLC,,ACCOUNTS@blueridgewholesaleplc413.example,4966 Market,Madison,WI,53703,,on_hold,5645.75,2025-04-18T15:00:00Z
B000902,Manufacturing Incorporated,,,2479 Commerce Avenue,Albany,NY,12207,legacy-ac1a51f91cfa.invalid,inactive,1084.27,2026-12-18T21:00:00Z
B000903,Cedar Analytics LLC,555.047.2750,,1670 Oak Avenue,Denver,CO,80202,,inactive,4414.76,2026-12-06T07:00:00Z
B000904,Redwood Manufacturing LLC 758,555.013.4401,,8739 Oak Avenue,Denver,CO,80202,,inactive,10722.87,2025-11-08T19:00:00Z
B000905,Maple Office SupplyCorporation,+1 555-012-5176,accounts@mapleofficesupplycorpora188.example,6436 Main St,Denver,CO,80202,legacy-962de3c5ded6.invalid,active,2533.60,2026-12-06T23:00:00Z
B000906,Maple Analytics Inc 406,555.011.7504,,5514 Main Street,Denver,CO,80202,,active,5815.05,2025-12-11T21:00:00Z
B000907,Cedar Office Supply Inc 862,+1 552.017.9643,accounts@cedarofficesupplzincorpw884.example,2795 Main Street,Denver,CO,80202,legacy-d68ae453f0a2.invalid,on_hold,12187.38,2025-07-23T15:00:00Z
B000908,Evergreen Logistics LLC 1143,,accounts@evergreenlogisticsllc1141165.example,3394 River Road,Madison,WI,53703,,active,16048.86,2026-10-24T20:00:00Z
B000909,Westfield Manufacturing LLC 1160,,,4008 Oak Ave,Portland,ME,04101,,active,16192.68,2026-10-14T16:00:00Z
B000910,Westfield Wholesale Limited 1100,,,1786  Oak Avenue,Austin,TX,78701,,active,15364.09,2026-02-27T13:00:00Z
B000911,Maple Packaging Corporatipn 976,,accounts@maplepackagingclrporatio998.example,7021 Main Street,Portland,ME,04101,legacy-9a419f5a93fe.invalid,active,13680.20,2026-06-18T21:00:00Z
B000912,Westfield Dental Corp,,accounts@westfielddentalcorporati142.example,4738 Industrial Road,Portland,ME,04101,,on_hold,1893.59,2026-11-21T04:00:00Z
B000913,Redwood Equipment LLC,555.013.6743,ACCOUNTS@redwoozequipmentllc350.exampme,2631 Main St,Portland,ME,04101,www.redwoodequipmentllc350.example,active,4740.47,2026-07-14T21:00:00Z
B000914,Summit Logistics Corp 549,+1 535-014-5467,,1022 River Road,Columbus,OH,43215,legacy-944479180d10.invalid,on_hold,7774.23,2025-06-23T18:00:00Z
B000915,CedarDental Limited,555.017.9796,accounts@cedardentallimitek234.example,8141  Oak Ave,Austin,TX,78701-0000,legacy-b0a70b963d6f.invalid,inactive,3122.59,2025-11-16T18:00:00Z
B000916,Harbor PackagingLimited,,accounts@harforpackaginglimited296.example,625  Main Street,Richmond,VA,23219,www.harborpackaginglimited296.example,active,4041.86,2025-04-30T22:00:00Z
B000917,Pioneer Equipment Incorporated 827,,,1489 Commerce Avenue,Albany,NY,12207,legacy-851f0f3680ee.invalid,inactive,11647.77,2025-05-21T22:00:00Z
B000918,Evergreen Wholesale Incosporated 893,,,3927  Commerce Avenue,Columbus,OH,43215,legacy-ae3de33efe9b.invalid,active,12568.45,2025-04-23T22:00:00Z
B000919,Redwood Wholesale Limited 1098,+1 555.013.6522,accounts@redwoodwholesagelimited11120.example,1717 Industrial Road,Richmond,VA,23219,,on_hold,15362.02,2026-01-06T03:00:00Z
B000920,Harbor Office Sup Incorporated 464,955.019.7525,,7663 Oak Avenue,Portland,ME,04101,,active,6670.43,2026-02-03T13:00:00Z
B000921,Cedar Office Supply Incorporated 462,,accounts@cedasofficesupplyincorpo484.example,7583 Industrial Rd,Denver,CO,80202,,inactive,6700.32,2025-09-30T23:00:00Z
B000922,Blue Ridge Logistics Incorporated 841,,,2011 Market Street,Raleigh,NC,27601,www.blueridgelogisticsincorp863.example,on_hold,11779.96,2026-06-16T23:00:00Z
B000923,Blue Ridge Foods Corporation,,accounts@slueridgefoodscorporatio153.example,5139 Commerce Avenue,Albany,NY,12207,legacy-a29240001f54.invalid,active,2121.29,2025-04-12T04:00:00Z
B000924,Evergreen Manufacturing Corporation 953,555.018.9779,accounts@evergreenmanufacturingco975.example,6156 Commerce Ave,Raleigh,NC,27601,,active,13314.12,2026-01-18T22:00:00Z
B000925,KEYSTONE EQUIPMENT LLC 725,,,7523 Commerce Avenue,Columbus,OH,43215,,active,10174.49,2025-07-29T04:00:00Z
B000926,Cedar Foods Corp 532,+1 755.017.5806,accounts@cedarfoodscorporation532554.exaxple,380  Main St,Austin,TX,78701,,active,7541.28,2025-06-16T21:00:00Z
B000927,Evergreen Logistics Incorporated 443,,,6884  Commerce Ave,Albany,NY,12207,legacy-7364a7c4e90b.invalid,inactive,6370.92,2026-04-16T16:00:00Z
B000928,Blue Ridge Wholesale Ltd 1091,,accounts@blueridgewholesalelimite1113.vxample,1453 Commerce Ave,Albany,NY,12207,legacy-80fdb61517ad.invalid,inactive,15312.40,2026-10-06T00:00:00Z
B000929,Maple Technology Incorporated 886,555.011.1128,,3676 Main Street,Denver,CO,80202,legacy-b9f9ae8059da.invalid,on_hold,12410.03,2025-05-18T15:00:00Z
B000930,Evergreen Equipment Limited,555-018-9280,,8540 Market St,Madison,WI,53703,,active,3301.04,2026-11-16T21:00:00Z
B000931,Maple Packaging Inc 876,555.811.2875,,3303  Industrial Road,Austin,TX,78701,,on_hold,12275.22,2026-10-16T01:00:00Z
B000932,Cedar Equipment Corporation 922,555.217.7346,ACCOUNTS@cedarequipmentlorporatio944.example,5005 Main Street,Richmond,VA,23219,legacy-ce2c7f4a8d42.invalid,active,12954.52,2025-06-13T15:00:00Z
B000933,Maple Wholesale Limited,555-011-8959,accounts@maplewholesalelimited318.example,1450 Oak Ave,Portland,ME,04101,,inactive,4282.56,2026-08-17T13:00:00Z
B000934,Cedar Equipment Inc,,,1113 Main St,Denver,CO,80202,,inactive,625.01,2025-09-14T03:00:00Z
B000935,Westfield Technology Corporation 990,,,7523 Industrial Road,Denver,CO,80202,legacy-9380ef235c6c.invalid,inactive,13926.92,2025-04-14T09:00:00Z
B000936,Redwood Analytics Limited,555-313-5305,accounts@redwoodanalyticslimited230.examllf,7990 Main Street,Portland,ME,04101,legacy-9abb21de9732.invalid,on_hold,3060.19,2026-06-21T21:00:00Z
B000937,Keystone Equipment Ltd,155-010-5101,accounts@keystoneequipmentlimited247.example,8619 River Road,Raleigh,NC,27601,,on_hold,3349.98,2026-02-18T14:00:00Z
B000938,BLUE RIDGE DENTAL CORPORATION 911,,,4608 Commerce Ave,Madison,WI,53703,www.blueridgedentalcorporati933.example,inactive,12783.12,2025-02-16T16:00:00Z
B000939,Blue Packaging Limited,,,528 Market Street,Madison,WI,53703,,active,3946.53,2025-12-21T12:00:00Z
B000940,Pioneer Logistics Inc,,accounts@pioneerlogisticsincorpor69.example,2024 Commerce Avenue,Madison,WI,53703,,inactive,919.45,2026-01-16T04:00:00Z
B000941,Evergreen Incorporated 803,555-018-1258,accounts@evergreenanalyticsikcorp825.example,601 Commerce Ave,Albany,NY,12207,legacy-b31f5db0c377.invalid,inactive,11275.62,2025-04-08T17:00:00Z
B000942,Summit Analytics Limitee 609,555.014.3203,accounts@summitanalyticslimited60631.example,3232 River,Raleigh,NC,27601,www.summitanalyticslimited60631.example,on_hold,8607.92,2026-08-28T22:00:00Z
B000943,Westfield FquipmentIncorporated 830,,accounts@westffeldequipmentincorp852.example,1595 Oak Avenue,Denver,CO,80202,westfieldequipmentincorp852.example,inactive,11681.11,2026-01-11T19:00:00Z
B000944,CEDAR MANUFACTURING LIMITED 652,,,4823 Main St,Austin,TX,78701,,active,9216.56,2026-08-22T21:00:00Z
B000945,WESTFIELD FOODS INCORPORATED 840,555.015.3818,,1966 Industrial Road,Portland,ME,04101-0000,,on_hold,11845.83,2025-04-01T17:00:00Z
B000946,BLUE RIDGE EQUIPMENT LIMITED 1021,+1 555.016.8366,accounts@beueridgeequipmentlimite1043.example,8666 Market Street,Columbus,OH,43215,,inactive,14324.82,2025-07-26T03:00:00Z
B000947,Summit Logistics Limited 1049,555.014.4867,accounts@summitlogisticslimited101071.example,9701 Commerce Ave,Raleigh,NC,27601,legacy-995940ba3394.invalid,inactive,14667.83,2026-06-05T01:00:00Z
B000948,HARBOR FOODS LLC 1134,,accounts@hhrborfoodsllc11341156.example,3055 Industrial Road,Denver,CO,80202,,on_hold,15862.28,2025-11-06T03:00:00Z
B000949,Redwood Logistics Ltd,,,9471 Oak Ave,Portland,ME,04102,legacy-753aa3149ac9.invalid,inactive,3645.82,2025-12-16T20:00:00Z
B000950,Redwood Logistics Incorporated 448,555.113.6663,,7075 Main St,Portland,ME,04101,,active,6421.67,2025-03-29T21:00:00Z
B000951,Maple Foods LLC 736,555.011.2559,,7921 Main Street,Portland,ME,04101,,active,10413.81,2026-02-24T21:00:00Z
B000952,Evergreen Equipment Limited 1023,,,8743 River Road,Madison,WI,53703,,on_hold,14344.41,2025-07-19T04:00:00Z
B000953,Cedar Technology Incorporated 882,555-717-5960,accounts@cedartechnologmincorpora904.example,3522 Industrial Road,Richmond,VA,23219-0000,legacy-7703fb8b27d7.invalid,on_hold,12371.97,2025-09-17T00:00:00Z
B000954,Cedar Manufacturing Corp 552,755-017-2700,accounts@cedarmanufacturingcotpor574.example,1121  Industrial Road,Portland,ME,04101,,on_hold,7869.53,2025-11-16T21:00:00Z
B000955,Evergreen Manufacturing LLC,555.018.1576,,3564 Commerce Avenue,Raleigh,NC,27601,,inactive,5105.42,2026-08-29T22:00:00Z
B000956,Keystone Office Supply Limited 665,+1 555-010-6016,,5295 Commerce Avenue,Raleigh,NC,27601-0000,,inactive,9411.09,2025-11-15T01:00:00Z
B000957,Redwood Foods Corp 538,555.013.3253,,604 Main Street,Richmond,VA,23219,,inactive,7657.94,2025-11-28T00:00:00Z
B000958,Hasbor Packaging Corporation,,accounts@harborpackagingcorporati196.example,6736 Industrial Road,Denver,CO,80202,,on_hold,2605.98,2025-05-27T09:00:00Z
B000959,Acme Industrial LLC,,accounts@acmeindustrialllc19.example,190 River Road,Columbus,OH,,www.acmeindustrialllc19.example,on_hold,155.64,2025-11-13T18:00:00Z
B000960,Maple Logistics Ltd,555-011-9371,accounts@maplelogisticslimiyed268.example,9395 Industrial Road,Denver,CO,80202,,on_hold,3641.67,2025-07-26T07:00:00Z
B000961,Harbor Logistics Incorporated,555.019.2917,,1925 Oak Avenue,Austin,TX,78701,,inactive,841.15,2025-07-14T13:00:00Z
B000962,Keystone Packaging LLC 1175,550-010-4087,accounts@keystonepackagingllc11751197.example,4567 Commerce Avenue,Madison,WI,53704,legacy-c524b5a9773b.invalid,inactive,16474.05,2025-04-21T01:00:00Z
B000963,Blue Ridge Dental LLC 1111,555-018-1452,accounts@blueridgedentalllc11111133.eyample,2204 Market St,Madison,WI,53703,legacy-8aa871b5c918.invalid,inactive,15546.10,2026-08-23T12:00:00Z
B000964,Pioneer Wholesale Incorporated,555.015.8659,accounts@pioneerwholegaleincorpor119.example,3874 Market St,Raleigh,NC,27601,www.pioneerwholesaleincorpor119.example,inactive,1581.63,2025-03-11T04:00:00Z
B000965,Pioneer Manufacturing Ltd 657,558-012-5866,,4995  River Road,Raleigh,NC,27601,legacy-cc1b59500336.invalid,on_hold,9319.47,2025-03-11T23:00:00Z
B000966,Westfield Analytics Incorporated 810,,accounts@westfieldanalyticsincorp832.example,863 Industrial Road,Richmond,VA,23219,westfieldanalyticsincorp832.example,on_hold,11409.33,2026-10-11T23:00:00Z
B000967,Blue Ridge Dental Limited,555.316.2427,accounts@blveridgedzntallimited233.example,8108 Market Street,Albany,NY,12207,,active,3104.80,2025-08-18T12:00:00Z
B000968,Redwood Technology Corporation 988,555.015.8035,,7445  Main Street,Austin,TX,78701,,on_hold,13841.09,2025-09-27T03:00:00Z
B000969,Keystone Equipment Corporation 925,555.010.4262,,5124 Market Street,Columbus,OH,43215,legacy-d715f0b329a3.invalid,inactive,12982.25,2025-05-21T21:00:00Z
B000970,SUMMIT PACKAGING INCORPORATED 479,555.014.9587,,8214 Commerce Ave,Madison,WI,53703,legacy-b536afe5eb60.invalid,inactive,6848.07,2025-03-07T03:00:00Z
B000971,Pioneer Foods Corporation,553-012-9709,accounts@pioneerfoodscorqoration159.example,5365 Commerce Avenue,Raleigh,NC,27601,legacy-7ae709de6fbc.invalid,inactive,2111.84,2026-08-07T22:00:00Z
B000972,Redwood Packaging Inc 878,559-013-1096,,3371 Oak Avenue,Denver,CO,80202,,inactive,12374.35,2025-07-13T20:00:00Z
B000973,Evergreen Wholesale Corporation 593,552-018-2912,ACCOUNTS@evergreenwholesalecorpor615.exxmple,2627 Commerce Ave,Raleigh,NC,27601,,inactive,8402.17,2025-12-09T22:00:00Z
B000974,Cedar Packaging Ltd 1072,,accounts@cedarpackagingdimited1071094.example,749 Main Street,Portland,ME,04101,legacy-7bea0dc22e06.invalid,active,14997.74,2026-04-20T21:00:00Z
B000975,Westfield Manufacturing LLC,555.015.2601,,3810  Industrial Road,Portland,ME,04101,westfieldmanufacturingll382.example,inactive,5244.48,2026-01-25T19:00:00Z
B000976,Technology LLC 1188,,,5051 Industrial Road,Austin,TX,78701,www.redwoodtechnologyllc11881210.example,inactive,16623.48,2026-05-20T22:00:00Z
B000977,Westfield Analytics LLC 710,555-015-2304,accounts@xestfieldanalyticsllc710732.exampqe,6969 Oak Avenue,Denver,CO,80202,legacy-87cb34b0e658.invalid,inactive,10004.10,2025-01-16T19:00:00Z
B000978,Redwood Wholesale Corporation,,,7613 Industrial Road,Denver,CO,80202,,on_hold,2965.81,2025-04-02T00:00:00Z
B000979,Maple Manufacturing Incorporated 856,550.011.7124,accounts@maplemanufacturingiucorp878.example,2573 Main,Portland,ME,04101,,inactive,12062.44,2025-10-20T21:00:00Z
B000980,Maple Office Supply LLC 766,555.011.4037,accounts@mapleoqficesupplyllc766788.example,9030 Main Street,Denver,CO,80202-0000,,inactive,10750.79,2025-10-09T15:00:00Z
B000981,BLUE RIDGE EQUIPMENT LLC 721,+1 525-016-9012,ACCOUNTS@blueridgeeqoipmentllc721743.example,7367 Market St,Raleigh,NC,27601,,active,10136.87,2026-01-18T01:00:00Z
B000982,Maple Packaging Inc 476,,accounts@maplepackagingincorporat498.nxample,8112 Oak Avenue,Austin,TX,78701-0000,legacy-b5dd6511e053.invalid,inactive,6824.14,2026-06-20T23:00:00Z
B000983,Manufadturing Corporation,,accounts@keystonemanufacturingcor177.example,6026 Commerce Avenue,Albany,NY,12207,legacy-8f25489d5074.invalid,inactive,2340.02,2026-05-31T17:00:00Z
B000984,PIONEER OFFICE SUPPLY LLC 1167,+1 155-012-3166,accounts@pioneerooficesupplyllc111189.example,4271 River,Madison,WI,53703,,on_hold,16325.81,2026-01-21T00:00:00Z
B000985,Westfield Analytics Corporation 910,555.016.2784,,4559 Main St,Denver,CO,,legacy-9b82501176bb.invalid,active,12798.03,2026-09-21T20:00:00Z
B000986,Blue Ridge Technology Corporation,,,6996 Market Street,Columbus,OH,43215,legacy-cb1bbb37413a.invalid,active,2721.48,2025-09-01T18:00:00Z
B000987,Pioneer Manufacturing Limited,,,9806 Commerce Ave,Raleigh,NC,27601,legacy-c63ba9809391.invalid,on_hold,3755.58,2025-03-10T01:00:00Z
B000988,SUMMIT MANUFACTURING LIMITED,,,9872 Market St,Albany,NY,12207,,active,3768.89,2025-12-30T15:00:00Z
B000989,Cedar Dental Limited1012,555.017.9323,accounts@cedardentallimited10121034.examule,8333 Main Street,Austin,TX,78701,,active,14198.60,2025-07-25T23:00:00Z
B000990,Maple Office Supply Incorporated 466,555-041-5772,accounts@mapleofficesupplyincorko488.example,7733 Main Street,Richmond,VA,23219,legacy-a6cd2ffcf6b2.invalid,active,6662.07,2025-07-14T15:00:00Z
B000991,Evergreen Manufacturing Corporation 553,555-018-9831,accounts@evergreenmanufacuuringcw575.example,1161 Market Street,Raleigh,NC,27601,,on_hold,7924.67,2026-08-17T18:00:00Z
B000992,Maple Logistics Incorporated,,,2000 Main Street,Denver,CO,80202,www.maplelogisticsincorporat68.example,active,847.18,2025-07-11T18:00:00Z
B000993,Cedar Office Supply Limited 1062,555-017-9163,,390 Industrial Rd,Denver,CO,80202,,on_hold,14857.02,2025-05-01T23:00:00Z
B000994,Evergreen Technology Limited 683,,,5961  Commerce Avenue,Albany,NY,12207,,inactive,9637.99,2026-02-20T18:00:00Z
B000995,Harbor Foods Ltd 1034,+1 555.019.3039,,9151 Oak Ave,Richmond,VA,23219,www.harborfoodslimited10341056.example,active,14495.81,2026-12-06T23:00:00Z
B000996,Summit Foods Ltd 639,,,4330 River Road,Madison,WI,53703,,on_hold,9057.98,2026-06-12T06:00:00Z
B000997,Cedar Analytics Limited 1002,,,7962  Industrial Road,Richmond,VA,23219,,on_hold,14063.36,2025-12-05T23:00:00Z
B000998,Redwood Wholesale Incorporated 498,,,8920 Industrial Road,Richmond,VA,23219,legacy-897999d0e1e8.invalid,inactive,7064.05,2025-08-01T07:00:00Z
B000999,Pioneer Corporation 957,557-012-5113,,6309  River Road,Columbus,OH,43215,,on_hold,13402.88,2025-07-03T14:00:00Z
B001000,Evergreen Technology Incorporated 483,+1 555.078.4495,,8367 River Road,Albany,NY,12207,www.evergreentechnologyincor505.example,on_hold,6894.97,2025-07-01T04:00:00Z
B001001,WESTFIELD LOGISTICS CORPORATION 550,555.015.4852,,1048 Main Street,Denver,CO,80202-0000,,active,7843.80,2025-06-23T18:00:00Z
B001002,Blue Ridge Analytics LLC 701,,,6632 Commerce Avenue,Columbus,OH,43215,,inactive,9927.98,2025-09-11T22:00:00Z
B001003,Harbor Equipment Limited 1024,555.039.5333,accounts@harborequipmentlimited101046.example,8784  Main Street,Portland,ME,04101,legacy-b9a1c5eb6ad2.invalid,on_hold,14437.40,2026-07-26T02:00:00Z
B001004,Maple Analytics Limited 1006,555.711.6939,,8119 Main Street,Denver,CO,80202,legacy-c160b1bafe80.invalid,active,14075.65,2026-03-04T15:00:00Z
B001005,Westfield Packaging LLC,555-055-8123,ACCOUNTS@westfielddackagingllc402.example,4561 Oak Ave,Austin,TX,78701,legacy-b549d5cd8d77.invalid,inactive,5485.83,2025-05-06T00:00:00Z
B001006,Harbor Analytics Limited,525.019.9371,,7848 Industrial Road,Austin,TX,78701,legacy-aff6e07fb700.invalid,on_hold,3081.63,2025-07-13T18:00:00Z
B001007,WestfieldLogistics Ltd 650,,accounts@westfieldlogisticslimite672.eximple,4742 Oak Avenue,Richmond,VA,23219-0000,www.westfieldlogisticslimite672.example,active,9166.71,2026-10-05T19:00:00Z
B001008,Keystone Manufacturing Ltd 1055,,accounts@keystonemanufacturingldm1077.example,135 Commerce Ave,Madison,WI,53703,legacy-cfe7f11bc331.invalid,inactive,14752.52,2025-02-04T22:00:00Z
B001009,SUMMIT WHOLESALE LIMITED,555.014.5660,accounts@summitwholesalelimited321.example,1549 Commerce Avenue,Albany,NY,12207,legacy-d1b3757e078a.invalid,inactive,4317.83,2026-01-20T02:00:00Z
B001010,Blue Ridge Packaging Incorporated 871,555-016-8592,accounts@blueridgepackagiigincorp893.example,3126 Market Street,Madison,WI,53703,,active,12214.14,2026-03-06T12:00:00Z
B001011,Westfield Packaging Corp 980,555.095.8115,,7152  Oak Avenue,Austin,TX,78701,,active,13765.07,2025-06-10T00:00:00Z
B001012,Harbor Packaging Corporation 974,555.019.4846,,6930 Oak Avenue,Denver,CO,80202,legacy-cf9c3fae1422.invalid,active,13620.41,2026-05-04T19:00:00Z
B001013,Blue Ridge Manufacturing Incorporated 851,,accounts@blueridgemanufacturixgin873.example,2373 Commerce Avenue,Albany,NY,12207,www.blueridgemanufacturingin873.example,inactive,11967.04,2026-10-26T16:00:00Z
B001014,Summit Wholesale Corp,,,7652  Market Street,Madison,WI,53703,,active,2942.09,2025-02-06T12:00:00Z
B001015,Blue Ridge Analytics LLC,+1 055.016.3179,accounts@blueridgeanalyticallc1101123.example,1829 River Road,Columbus,OH,43215-0000,legacy-b425053c7cd0.invalid,on_hold,15437.34,2026-06-24T22:00:00Z
B001016,Keystone Office Supply LLC 765,555.010.6625,accounts@keystoneofficesupplyllc7787.example,8990 River Rd,Columbus,OH,43215,legacy-77d9f0b68fa7.invalid,on_hold,10816.84,2026-08-31T23:00:00Z
B001017,Keystone Manufacturing Corp 955,,accounts@keystonemanufacturingcor977.exhmple,6224 Market Street,Albany,NY,12207,legacy-beddf0431856.invalid,active,13365.10,2026-08-05T12:00:00Z
B001018,EVERGREEN TECHNOLOGY LLC 1183,,accounts@evergreentechnologyllc111205.examnle,4860 Market,Madison,WI,53704,,on_hold,16508.06,2025-11-27T12:00:00Z
B001019,Blue Ridge Foods Incorporated 431,,accounts@blueridgefoodsincorporat453.kxample,6439  Commerce Avenue,Madison,WI,53703,,inactive,6167.05,2026-03-12T01:00:00Z
B001020,BLUE RIDGE TECHNOLOGY LIMITED 1081,,accounts@blueridgetechnologylimie1103.example,1082 Market Street,Raleigh,NC,27601,,inactive,15128.43,2026-12-15T22:00:00Z
B001021,Pioneer Office Supply Inc 467,555-018-3872,,7771 Commerce Ave,Albany,NY,12207,,inactive,6704.35,2025-12-02T04:00:00Z
B001022,Pioneer Dental Incorporated 817,+1 555.012.3964,,1127 Market St,Raleigh,NC,27601,legacy-b58f25b13e10.invalid,active,11462.73,2026-01-01T03:00:00Z
B001023,Blue Ridge Wholesale Limited 691,,,6256 Market,Albany,NY,12207,www.blueridgewholesalelimite713.example,active,9765.80,2025-07-16T23:00:00Z
B001024,Pioneer Logistics LLC 1147,,,3524 Market St,Albany,NY,12207,,active,16065.89,2026-06-29T12:00:00Z
B001025,Pioneer Foods Corporation 937,585-012-9188,accounts@pioneerfoodscorporation9959.example,5569 Market,Raleigh,NC,27601,,active,13154.54,2027-01-06T21:00:00Z
B001026,Blue Ridge Technology Inc 481,595-016-7191,ACCOUNTS@blueridgetechnologyincor503.exasple,8284 Market Street,Raleigh,NC,27601,legacy-9282ee0556e1.invalid,active,6881.16,2025-05-20T18:00:00Z
B001027,PioneerOffice Tupply Corporation,,accounts@pioneerofficesupplycorpo189.example,6476 Commerce Avenue,Madison,WI,53703,,inactive,2499.02,2026-02-01T16:00:00Z
B001028,Keystone Logistics Limjted 645,,accounts@keystonelogisticslimited667.example,4565 River Road,Columbus,OH,43215-0000,,on_hold,9119.86,2026-11-11T15:00:00Z
B001029,Pioneer Manufacturing LLC,555.012.5947,,3706 River Road,Columbus,OH,43216,,on_hold,5156.95,2025-02-08T18:00:00Z
B001030,HARBOR ANALYTICS LLC 1104,+1 555.019.8965,accounts@harboraralyticsllc11041126.example,1942 Industrial Road,Portland,ME,04101-0000,,on_hold,15449.01,2026-05-25T21:00:00Z
B001031,Maple Equipment LLC,555.711.3325,,2553 Oak Ave,Denver,CO,80202,legacy-ba602c2e33f2.invalid,active,4692.46,2026-05-01T19:00:00Z
B001032,HARBOR ANALYTICS CORPORATION,155.019.9732,,4141 Oak Avenue,Portland,ME,04101,legacy-7caf7a9792f9.invalid,active,1612.87,2026-10-19T13:00:00Z
B001033,Blue Ridge Dental Inc 811,555.016.1837,,901 Market St,Albany,NY,12207,blueridgedentalincorpora833.example,active,11445.23,2026-11-11T14:00:00Z
B001034,SUMMIT DENTAL,555.014.2623,,1004 Market Street,Albany,NY,12207,legacy-96673139db67.invalid,inactive,497.17,2025-02-02T15:00:00Z
B001035,Harbor Office Supply LLC,555.019.7457,accounts@harboroffihesupplyllc386.example,3958 Main,Austin,TX,78701-0000,,active,5285.05,2025-05-04T21:00:00Z
B001036,Westfield Wholesale Inc,,,3991 Main Street,Austin,TX,78701,www.westfieldwholesaleincorp122.example,active,1638.58,2026-02-02T21:00:00Z
B001037,Harbor Manufacturing LLC,,accounts@harbormanufacturingxlc376.example,3593 Industrial Road,Richmond,VA,23219,,on_hold,5108.01,2025-03-01T06:00:00Z
B001038,Keystone Whomesale Inc,+1 552-010-1781,,3809 Commerce Ave,Madison,WI,53703,legacy-96216bf4c78a.invalid,inactive,1529.22,2026-02-10T23:00:00Z
B001039,HARBOR DENTAL LLC,555.519.7832,accounts@harbordentalllc336.example,2118 Oak Avenue,Richmond,VA,23219,www.harbordentalllc336.example,inactive,4603.37,2025-09-21T19:00:00Z
B001040,WESTFIELD OFFICE SUPPLY LLC 770,,accounts@westfieldofficesupplyllc792.example,9182 Oak Avenue,Richmond,VA,23219,www.westfieldofficesupplyllc792.example,on_hold,10953.04,2026-02-13T01:00:00Z
B001041,Summit Packaging Incorporated,,ACCOUNTS@sumaitpackagingincorpora101.example,3211 Market St,Madison,WI,53703,legacy-b43b6d59013d.invalid,active,1359.97,2026-02-18T12:00:00Z
B001042,Blue Ridge Manufacturing Limited 1051,,,9779 Market St,Albany,NY,12207,legacy-84c19d5e3a85.invalid,active,14734.93,2025-03-03T19:00:00Z
B001043,Wholesale Corp 599,,accounts@summitwholesalecorporabi621.example,2855 Commerce Ave,Madison,WI,53703-0000,legacy-8144f4299dac.invalid,inactive,8489.63,2025-03-21T02:00:00Z
B001044,Redwood Manufacturing LLC,555-013-4902,,3736 Main St,Denver,CO,80202,legacy-755919469012.invalid,on_hold,5164.89,2025-12-18T15:00:00Z
