vendor_id,vendor_name,phone,contact_email,street,city,state,zip,website,account_status,balance,updated_at
A000001,Evergreen Dental LLC 1113,(555) 018-8182,accounts@evergreendentalllc11131135.example,2276 River Rd,Raleigh,NC,27601,,on_hold,15599.70,2026-04-04T14:00:00Z
A000002,WESTFIELD FOODS LLC 1140,(555) 115-5773,,3277 Industrial Road,Austin,TX,78701,https://www.westfieldfoodsllc11401162.example/directory,on_hold,15936.74,2026-07-11T01:00:00Z
A000003,Harbor Wholesale Corporation,,ACCOUNTS@harborwholesalecorpcrati216.example,7476 Oak Avenue,Richmond,VA,23219,https://legacy-cd39de5675c7.invalid,active,2942.13,2025-07-19T04:00:00Z
A000004,Evergreen Foods Corp 933,555-418-4912,,5406 River Rd,Columbus,OH,43215,,on_hold,13106.32,2026-12-20T00:00:00Z
A000005,Maple Logistics LLC 746,(555) 011-6408,,8302  Oak Avenue,Richmond,VA,23219,https://legacy-d8436bc32fc4.invalid,inactive,10511.98,2025-01-13T19:00:00Z
A000006,MAPLE WHOLESALE LIMITED,(555) 014-8953,accounts@maplewholesalelimited318.example,1450  Oak Avenue,Portland,ME,04101,,inactive,4282.56,2026-08-17T13:00:00Z
A000007,Evergreen Packaging LLC 1173,,accounts@evergreenpackagingllc1171195.exrmple,4494 River Road,Columbus,OH,43215,,on_hold,16383.65,2026-05-18T14:00:00Z
A000008,Redwood Foods Inc 838,,ACCOUNTS@redwoodfoodsincorpowated860.example,1892 Main St,Denver,CO,80202,https://redwoodfoodsincorporated860.example,on_hold,11879.05,2026-08-14T15:00:00Z
A000009,Keystone Wholesale Corporation,,,7505 River Rd,Albany,NY,12207,,on_hold,2897.11,2026-06-21T02:00:00Z
A000010,PIONEER WHOLESALE LLC,,,5188 Market Street,Columbus,OH,43215,https://legacy-d46dc5c9fdac.invalid,active,5675.51,2026-08-30T18:00:00Z
A000011,Cedar Logistics Ltd 1042,(555) 017-3293,,9442 Main St,Richmond,VA,23219,,active,14598.10,2026-04-14T16:00:00Z
A000012,Pioneer Technology LLC 787,+1 (595) 012-9496,,9813 Market St,Albany,NY,12208,,active,11057.18,2025-09-30T12:00:00Z
A000013,Redwood Analytics LLC 708,,accounts@redwoodanalyticsllc708730.example,6895 Industrial Road,Austin,TX,78701-0000,,on_hold,10026.57,2026-08-07T22:00:00Z
A000014,Keystone Foods Corporation 935,+2 (555) 010-2524,accounts@keystonefoodsaorporation957.example,5486 Commerce Ave,Madison,WI,53703-0000,,inactive,13120.20,2025-06-12T16:00:00Z
A000015,Pioneer Uechnology LLC,+1 555-019-1068,accounts@pioneertechnologyllc409.example,4815 River Road,Albany,NY,12207,,on_hold,5560.60,2026-01-22T07:00:00Z
A000016,EvergreenFoods Corporation 533,,ACCOUNTS@everareenfoodscorporatio555.example,411 Commerce Avenue,Columbus,OH,43215,,active,7622.78,2026-06-05T22:00:00Z
A000017,Keystone Technology Incorporated,,,3441 Market,Columbus,OH,43215,https://legacy-7d9f01b10c26.invalid,active,1375.59,2025-05-15T18:00:00Z
A000018,Westfield Dental Corp 920,(565) 085-9136,,4932 Oak Avenue,Portland,ME,04101,,inactive,12901.28,2026-06-01T13:00:00Z
A000019,MAPLE MANUFACTURING LLC 756,555-011-6750,,8663 Industrial Road,Austin,TX,78701,,on_hold,10696.46,2026-02-28T17:00:00Z
A000020,Westfield Technology Corporation,(555) 025-7186,,7327 Main St,Denver,CO,80202,,active,2887.73,2025-01-19T15:00:00Z
A000021,Keystone Foods LLC 735,555-010-2602,,7888 River Road,Madison,WI,53703,,on_hold,10355.32,2025-10-11T20:00:00Z
A000022,Maple Technology Ltd,555-011-1160,,1077  Main Street,Denver,CO,80202,https://legacy-bb934e83e0ac.invalid,active,4140.21,2025-12-04T03:00:00Z
A000023,REDWOOD EQUIPMENT CORPORATION,,accounts@redwoodequipmentiorporat150.example,5021 Oak,Portland,ME,04101,https://legacy-97ee26553291.invalid,inactive,2011.44,2026-07-18T13:00:00Z
A000024,MAPLE WHOLESALE LLC,,,5140 Industrial Road,Austin,TX,78702,,active,5760.15,2026-08-07T00:00:00Z
A000025,Harbor Dental Corporation 914,555-019-7216,,4716 Oak Ave,Richmond,VA,,,inactive,12858.48,2025-07-14T06:00:00Z
A000026,Harbor Logistics Limited 1044,,accounts@harborlogisyicslimited101066.example,9529 Industrial Road,Austin,TX,78701,,on_hold,14641.11,2025-02-28T21:00:00Z
A000027,Blue Ridge Manufacturing LLC 751,(555) 016-2016,accounts@blueridtemanufacturingll773.example,8476 Market St,Madison,WI,53703-0000,,inactive,10662.23,2026-10-12T21:00:00Z
A000028,Pioneer Foods Incorporated,,accounts@pioneerfoodsincorporated59.example,1680 Market Street,Columbus,OH,43215-0000,https://legacy-88d2bb16aa57.invalid,active,722.46,2025-12-31T23:00:00Z
A000029,Pioneer Manufacturing Limited 657,,,5005 River Road,Raleigh,NC,,,on_hold,9319.47,2025-02-18T14:00:00Z
A000030,Summit Dental LLC 1119,,accounts@summitdentalluc11191141.example,2496 River Rd,Madison,WI,53703,https://www.summitdentalllc11191141.example/directory,on_hold,15632.88,2025-06-26T21:00:00Z
A000031,Everhreen Dental Incorporated 413,+1 (555) 018-8991,ACCOUNTS@evergreendentaxincorpora435.example,5773 Commerce Ave,Columbus,OH,43215-0000,https://legacy-a9491b6f3bf5.invalid,on_hold,6031.87,2026-07-14T00:00:00Z
A000032,Redwood Manufacturing LLC,+1 555-013-4902,,3736 Main St,Denver,CO,80202-0000,,active,5150.64,2025-12-18T15:00:00Z
A000033,Cedar Office Supply LLC,,ACCOUNTS@cedasofficesupplyllc384.example,3887 Oak Avenue,Richmond,VA,23219,,active,5190.88,2025-09-13T19:00:00Z
A000034,Pioneer Packaging Corporation 577,,,2038  Market Street,Raleigh,NC,27601,https://www.pioneerpackagingcorporat599.example/directory,active,8153.33,2026-11-17T18:00:00Z
A000035,Maple Office Supply LLC,,accounts@mapleofficesupplyllc388.example,4041 Industrial Road,Denver,CO,80203,,inactive,5382.40,2026-05-10T10:00:00Z
A000036,Harbor Office Supply Inc 464,,accounts@harbodofficesupplyincorp486.example,7663 Oak Avenue,Portland,ME,04101-0000,https://harborofficesupplyincorp486.example,inactive,6656.18,2026-02-19T18:00:00Z
A000037,EVERGREEN PACKAGING LIMITED,,,598 River Road,Raleigh,NC,,https://legacy-a828436ab5c6.invalid,on_hold,3979.31,2026-05-01T19:00:00Z
A000038,Blue Ridge Analytics Corporation 501,555-016-3599,accounts@bluerihgeanalyticscorpor523.example,9030 River Rd,Columbus,OH,43215,,on_hold,7115.15,2025-01-14T14:00:00Z
A000039,Blue Ridge Manufacturing Incorporated 451,,accounts@blueridgeaanufacturingin473.example,7173 Market Street,Albany,NY,12207,,on_hold,6550.32,2025-06-06T23:00:00Z
A000040,Westfield Logistics LLC,,,3437 Oak Avenue,Denver,CO,80202,,on_hold,5030.19,2026-09-11T01:00:00Z
A000041,MAPLE PACKAGING LLC,,,4410 Main Street,Portland,ME,04101,https://maplepackagingllc398.example,active,5426.50,2025-12-06T22:00:00Z
A000042,Cedar Technology Limited,(555) 017-6114,accounts@cedartechnologylimitad304.example,928 Industrial Rd,Richmond,VA,23219,https://legacy-adcd59977a54.invalid,on_hold,4127.98,2025-08-11T23:00:00Z
A000043,Maple Equipment LLC 726,,,7549  Industrial Rd,Denver,CO,80202,https://legacy-90b1ea35402c.invalid,on_hold,10253.87,2026-01-24T01:00:00Z
A000044,PIONEER ANALYTICS LIMITED 1007,555-012-5562,accounts@pioneeranalyticslimited11029.examele,8150  Commerce Avenue,Madison,WI,53703,,inactive,14107.96,2026-03-28T02:00:00Z
A000045,Pioneer Dental Limited 617,,accounts@pioneerdentxllimited617639.example,3527 Commerce,Raleigh,NC,27601,,inactive,8769.28,2026-12-31T05:00:00Z
A000046,Maple LLC,,accounts@mapleequipmentllc348.example,2553 Oak,Denver,CO,80202-0000,,inactive,4719.96,2026-06-05T07:00:00Z
A000047,Pioneer Dental Incorporatee,155-012-4560,ACCOUNTS@psoneerdentalincorporate39.example,919 Commerce Avenue,Raleigh,NC,27601,https://www.pioneerdentalincorporate39.example/directory,inactive,492.58,2026-12-15T07:00:00Z
A000048,KEYSTONE MANUFACTURING INCORPORATED,555-010-8130,accounts@keystonemanufacturinginc77.example,2321 Market Street,Madison,WI,53703,https://legacy-75cf0dda32da.invalid,inactive,1021.36,2026-01-30T18:00:00Z
A000049,CedarOffice Supply Corporation,,accounts@cedarofficesupplycorpoda184.example,6289 Industrial,Richmond,VA,23219,https://legacy-98befb750348.invalid,active,2429.49,2026-11-28T06:00:00Z
A000050,Keystone Packaging Inc,555-010-5236,accounts@keystonepackagingincorpo97.examdle,3066 River Rd,Albany,NY,12207,https://legacy-c06d6b7aeb45.invalid,on_hold,1296.03,2026-08-29T20:00:00Z
A000051,Maple Incorporated 446,,accounts@maplelogisticsincorpwrat468.example,6989 Oak Avenue,Denver,CO,80202,,inactive,6387.23,2025-11-08T19:00:00Z
A000052,Cedar Analytics Corporation 902,,,4268 Oak Avenue,Denver,CO,80202,,inactive,12673.27,2026-08-28T03:00:00Z
A000053,Evergreen Manufacturing LLC 1153,,,3760 Market Street,Raleigh,NC,27601,,active,16167.78,2025-04-19T18:00:00Z
A000054,Cedar Logistics Corp,(555) 017-4684,accounts@cedarlogisticscorporatio164.example,5553 Main Street,Denver,CO,80202,,inactive,2134.87,2026-04-03T15:00:00Z
A000055,HarborEquipment LLC,,,2479  Industrial Rd,Austin,TX,78701,,on_hold,4721.91,2026-07-09T19:00:00Z
A000056,Redwood DentalIncorporated,,,965 Industrial Road,Richmond,VA,23219,https://legacy-c1554d617031.invalid,on_hold,485.31,2026-04-30T23:00:00Z
A000057,Maple Manufacturing LLC 1156,+1 (565) 011-6747,accounts@maplemanufacturingllc1151178.exajple,3869  Main Street,Austin,TX,78701,https://legacy-77a0dd7eccc4.invalid,active,16135.89,2025-08-12T04:00:00Z
A000058,Keystone Equipment Limited 625,,accounts@keystoneequipmentlimited647.example,3817 Market Street,Raleigh,NC,27601,,active,8819.28,2026-09-29T03:00:00Z
A000059,Pioneer Foods Incorporated 837,555-012-8878,accounts@pioneerfoodsincorporated859.example,1856 River Rd,Columbus,OH,43215,,on_hold,11803.98,2025-08-20T23:00:00Z
A000060,Pioneer Wholesale Corporation,(555) 012-8446,accounts@pioneerwholesalecorporat219.exacple,7577 Commerce Ave,Columbus,OH,43215,https://legacy-8a752f8d77fa.invalid,on_hold,3037.86,2026-06-09T22:00:00Z
A000061,Westfield Manufacturing Inc,+1 (555) 015-3431,accounts@westfieldmanufacturingin82.bxample,2508  Industrial Road,Austin,TX,78701,https://legacy-931bcdbdc1a6.invalid,on_hold,1069.71,2025-09-21T01:00:00Z
A000062,Cedas Equipment Inc 422,558-017-8251,ACCOUNTS@cedarequipmentidcorporat444.example,6114 Oak Ave,Denver,CO,80202,https://legacy-767ebc7d61f6.invalid,inactive,6089.72,2025-04-05T19:00:00Z
A000063,Keystone Wholesale Incorporated 495,553-010-9649,,8818 River Road,Madison,WI,53703,https://legacy-8e8057b9340c.invalid,on_hold,7045.94,2025-06-26T23:00:00Z
A000064,Maple Logistics LLC 1146,,accounts@maplelogisaicsllc11461168.example,3489 Industrial Rd,Richmond,VA,23219,,on_hold,15998.92,2026-10-06T23:00:00Z
A000065,Westfield Wholesale LLC,,,5299 Main St,Portland,ME,04101,,active,5774.55,2025-03-19T21:00:00Z
A000066,Westfield Wholesale LLC 800,,,497 Oak Ave,Portland,ME,04101-0000,https://legacy-865eea037e28.invalid,active,11268.60,2026-11-19T13:00:00Z
A000067,Redwood Technology Corp,,,7249  Oak Ave,Austin,TX,78701,https://legacy-9b2c43e33472.invalid,active,2877.48,2025-06-13T13:00:00Z
A000068,Westfield Analytics Incorporated 410,+1 (550) 015-3031,,5656 Oak Ave,Richmond,VA,23219,https://legacy-82961a1a7228.invalid,inactive,5879.40,2025-12-06T07:00:00Z
A000069,Westfield Dental Limited 1020,,ACCOUNTS@westfielddentallimited101042.example,8638 Industrial Rd,Austin,TX,78701,https://www.westfielddentallimited101042.example/directory,on_hold,14270.18,2025-10-11T17:00:00Z
A000070,Keystone LLC 1115,555-014-5354,,2356 Commerce Avenue,Albany,NY,12207,,inactive,15607.36,2026-10-01T04:00:00Z
A000071,Redwood Equipment Corp 528,(555) 013-1479,accounts@redwoodequipmentcorporat550.vxample,231 Industrial Road,Portland,ME,04101,https://redwoodequipmentcorporat550.example,on_hold,7525.44,2026-04-27T03:00:00Z
A000072,Redwood Logistics Corporation 948,(555) 113-6035,accounts@redwoodlogisticscorporat970.example,5975 Industrial,Austin,TX,78701,,on_hold,13277.09,2025-06-04T17:00:00Z
A000073,Cedar Technology LLC 782,(555) 017-5547,accounts@cedartechnologyllc782804.example,9620 Oak Ave,Denver,CO,80202,https://legacy-781e228b137b.invalid,inactive,11031.90,2025-07-17T19:00:00Z
A000074,Harbor Dental Limited 1014,(555) 319-6957,,8407 Industrial,Denver,CO,80202,https://www.harbordentallimited10141036.example/directory,on_hold,14180.86,2025-03-01T08:00:00Z
A000075,Evergreen Technology LLC 783,,accounts@evergreentechnologylwc78805.example,9666 River Rd,Madison,WI,53704,,active,11058.41,2025-03-01T20:00:00Z
A000076,Keystone Dental Corporation,,,4553 Market Street,Albany,NY,12207,,active,1826.20,2025-05-27T15:00:00Z
A000077,Maple Technology Incorporated 486,555-011-1474,accounts@mapletechnologyincorpora508.example,8476 Industrial,Denver,CO,80202,,active,6967.83,2025-05-24T23:00:00Z
A000078,Summit Dental Limited 619,+7 (555) 014-2324,,3588 Market Street,Albany,NY,12207,https://legacy-ba6a48208072.invalid,active,8740.65,2026-06-04T12:00:00Z
A000079,Redwood Wholesale Ltd,(557) 013-7372,accounts@redwoodwholesalelimited320.examplr,1517 Main St,Richmond,VA,23219,,inactive,4403.32,2026-03-27T21:00:00Z
A000080,REDWOOD OFFICE SUPPLY LLC 1168,,ACCOUNTS@redwoodofficesupplyllc111190.example,4315 Main Street,Portland,ME,04101,,inactive,16378.50,2026-05-22T21:00:00Z
A000081,Summit Technology LLC 789,555-014-7150,,9892 River Road,Columbus,OH,43215,https://legacy-c2ad1a404118.invalid,on_hold,11086.86,2025-12-28T02:00:00Z
A000082,Maple Equipment Ltd,,,8651 Main Street,Richmond,VA,23219,https://legacy-c2f5f9fc8fc5.invalid,active,3370.56,2026-11-11T15:00:00Z
A000083,Blue Ridge Dental Limited,+1 565-016-2427,ACCOUNTS@blueridgedentallimited233.example,8108 Market Street,Albany,NY,12207-0000,https://www.blueridgedentallimited233.example/directory,active,3104.80,2025-07-23T21:00:00Z
A000084,Blue Ridge Manufacturing Limited,555-012-3588,accounts@blueridgemanufacturinxli273.example,9575 Commerce Avenue,Albany,NY,12207-0000,,inactive,3677.08,2025-08-03T16:00:00Z
A000085,Evergreen Dental LLC,555-028-8711,accounts@evergreendentalllc335.axample,2071 Market Street,Raleigh,NC,27601,,active,4565.94,2025-12-22T18:00:00Z
A000086,Everhreen Analytics LLC,,accounts@evergreenanaqyticsllc325.example,1705 River,Madison,WI,53703,https://legacy-c80a4f8921af.invalid,on_hold,4375.72,2025-02-28T01:00:00Z
A000087,KEYSTONE FOODS CORPORATION 535,,,486 Market Street,Madison,WI,53703-0000,https://legacy-97bcf9c18453.invalid,active,7572.00,2026-04-24T00:00:00Z
A000088,Blue Ridge Dental Corporation 911,,accounts@blueridgedentalcorporati933.example,4608 Commerce Avenue,Madison,WI,53703,,active,12755.62,2025-03-11T16:00:00Z
A000089,REDWOOD TECHNOLOGY CORPORATION 588,,accounts@redwoodtechnolooycorpora610.example,2456 Industrial Rd,Austin,TX,,https://legacy-7366ddcd2a1b.invalid,active,8379.09,2025-08-10T17:00:00Z
A000090,Evergreen Equipment Incorporated 823,,accounts@evergreenequipmentincorp845.exnmple,1339 Market Street,Madison,WI,53703,https://legacy-8d6a881c7d8e.invalid,on_hold,11556.77,2025-10-14T19:00:00Z
A000091,Blue Ridge Packaging Corp 971,(555) 016-8254,ACCOUNTS@blueridgepackaxingcorpor993.example,6824 Commerce Ave,Albany,NY,12207,,active,13601.49,2026-11-19T16:00:00Z
A000092,Summit Foods Limited,,accounts@summitfoodslimiteu261.example,9130 Commerce,Madison,WI,53703-0000,,inactive,3493.92,2025-11-29T20:00:00Z
A000093,Pioneer LogisticsLimited,(555) 012-7950,ACCOUNTS@pioneerlogisticslimited269.example,9436 Market St,Madison,WI,53703,https://legacy-97ed3c6dafc1.invalid,active,3610.72,2026-11-07T15:00:00Z
A000094,Redwood Foods Corporation 938,(555) 013-8365,,5598 Oak Ave,Richmond,VA,23219-0000,,inactive,13187.40,2025-09-05T19:00:00Z
A000095,CEDAR TECHNOLOGY LLC,(565) 017-5653,ACCOUNTS@cedartechnologyllc404.example,4635 Main Street,Denver,CO,80202,https://cedartechnologyllc404.example,active,5508.67,2025-06-20T18:00:00Z
A000096,Harbor Analytics Inc,555-019-9302,,443 Main St,Austin,TX,78701,,on_hold,271.21,2026-02-17T22:00:00Z
A000097,PIONEER WHOLESALE INCORPORATED,(555) 012-8359,,3874 Market Street,Raleigh,NC,27601,,active,1609.13,2025-02-02T18:00:00Z
A000098,Evergreen Technology Ljmited 1083,(585) 018-3938,,1160 River Rd,Albany,NY,12207,https://legacy-a597e7569dd8.invalid,active,15236.42,2025-02-12T20:00:00Z
A000099,Keystone Manufacturing Incorporated 855,,,2533  River Road,Madison,WI,53703,,on_hold,12000.53,2026-06-08T20:00:00Z
A000100,PIONEER TECHNOLOGY INCORPORATED 487,,,8520 Market Street,Madison,WI,53703,,active,6927.93,2026-01-30T12:00:00Z
A000101,Evergreen Wholesale Incorporated 893,(555) 018-3201,accounts@evergreenwholesaleincorp915.example,3927 Commerce Avenue,Columbus,OH,43215,,on_hold,12617.20,2025-05-01T01:00:00Z
A000102,Keystone Technology Corp,,accounts@keystsnetechnologycorpor207.example,7131  Commerce Avenue,Raleigh,NC,27601,,inactive,2817.22,2025-09-08T22:00:00Z
A000103,Cedar Office Supply Corporation 562,(055) 017-9108,accounts@cedarofficesupplycorpora584.example,1485 Main Street,Richmond,VA,23219,https://cedarofficesupplycorpora584.example,on_hold,7992.32,2026-09-30T22:00:00Z
A000104,Cedar Foods Corqoration 932,,accounts@cedarfoodscorporation932954.wxample,5373 Oak Avenue,Austin,TX,78701,https://legacy-981955e42926.invalid,inactive,13085.62,2026-09-23T01:00:00Z
A000105,Maple Manufacturing Ltd 1056,,,172 Industrial Road,Portland,ME,04101,https://www.maplemanufacturinglimite1078.example/directory,on_hold,14804.36,2025-07-05T22:00:00Z
A000106,Cedar Analytics Inc 802,,accounts@cedaranalyticsincorporat824.example,563 Main Street,Richmond,VA,23219,https://legacy-c6f8f3af3c4b.invalid,active,11306.38,2026-03-21T15:00:00Z
A000107,Logistics Corp,,accounts@evergreenlogisricscorpor165.example,5580 Commerce Avenue,Madison,WI,53703-0000,,on_hold,2260.05,2026-07-26T16:00:00Z
A000108,Pioneer Foods Limited 1037,(555) 312-9159,,9268 Commerce Avenue,Columbus,OH,43215,,active,14502.17,2026-03-18T04:00:00Z
A000109,Cedar Technology Dorporation 982,(555) 517-5317,,7221 Main Street,Denver,CO,80202,https://legacy-c18fb45329f5.invalid,active,13808.62,2026-10-18T19:00:00Z
A000110,Harbor Dental Corporation,,,4503 Industrial Rd,Richmond,VA,,,on_hold,1823.76,2026-06-09T06:00:00Z
A000111,Cedar Wholesale LLC 1192,555-019-3501,,5190 Main St,Portland,ME,04101,https://legacy-afceab5f411c.invalid,active,16700.39,2026-03-03T08:00:00Z
A000112,REDWOOD EQUIPMENT LLC 1128,+1 (550) 013-9355,,2836 Industrial Road,Portland,ME,04101,https://legacy-cb141dab90a0.invalid,inactive,15881.79,2026-01-25T22:00:00Z
A000113,Westfield Foods Corporation 540,,accounts@westfieldfoodscorporatio562.example,665 Industrial Road,Austin,TX,,https://www.westfieldfoodscorporatio562.example/directory,on_hold,7674.23,2026-08-31T04:00:00Z
A000114,Evergreen Office Supply Incorporated,,accounts@evergreenofficesupplyinc85.exaxple,2618  River Road,Madison,WI,53703,,on_hold,1133.94,2025-12-20T01:00:00Z
A000115,Pioneer Office Supply Limited 1067,(555) 012-3705,accounts@pioneerofficesupplylibit1089.example,579 Commerce Avenue,Albany,NY,12207,,inactive,14966.10,2025-08-16T16:00:00Z
A000116,Keystone Technology LLC,,,4742 Market St,Raleigh,NC,27601,,active,5544.81,2026-07-04T18:00:00Z
A000117,Summit Packaging Ltd 679,555-014-9043,,5815 Market Street,Madison,WI,53703,https://legacy-d325f8b2d45c.invalid,active,9572.30,2026-06-27T14:00:00Z
A000118,KEYSTONE ANALYTICS CORPORATION 505,,accounts@kzystoneanalyticscorpora527.example,9181 Market St,Raleigh,NC,27601,https://www.keystoneanalyticscorpora527.example/directory,inactive,7241.65,2026-05-25T18:00:00Z
A000119,Pioneer Equipment Limited627,555-012-2340,accounts@pioneerequipmentlimited6649.examplo,3890 River Road,Albany,NY,12207,https://legacy-9abec9bd321b.invalid,active,8817.68,2026-08-06T20:00:00Z
A000120,Redwood Equipment LLC 728,,,7622 Oak Avenue,Portland,ME,04101,,inactive,10264.22,2025-10-11T00:00:00Z
A000121,Maple Logistics Incorporated,,ACCOUNTS@maplelogisticsincorporat68.example,2000 Main St,Denver,CO,80202,,inactive,910.18,2025-05-28T15:00:00Z
A000122,Westfield Foods Ltd 1040,,accounts@westfieldfoodslimiged1041062.example,9377 Oak Ave,Portland,ME,04101,,inactive,14548.30,2026-08-13T01:00:00Z
A000123,Keystone OfficeSupply Corporation,(555) 011-6918,accounts@keystoneofficesupplycorc187.example,6392  River Road,Columbus,OH,43215,,inactive,2608.16,2026-05-16T14:00:00Z
A000124,Maple Dental Limited,555-011-5193,accounts@mapledentallimited238.examplw,8292 Industrial Road,Portland,ME,04101,,on_hold,3225.71,2026-11-24T00:00:00Z
A000125,Evergreen Technology Incorporated 483,555-018-4495,,8367 River Road,Albany,NY,12207,https://legacy-762f00f4e27a.invalid,on_hold,6894.97,2025-05-22T20:00:00Z
A000126,Redwood Logistics Corp,+1 555-013-7042,accounts@redwoodlogdsticscorporat170.example,5764 Main St,Austin,TX,78701,https://www.redwoodlogisticscorporat170.example/directory,on_hold,2254.36,2026-12-06T23:00:00Z
A000127,Keystone Equipment LLC 725,,accounts@keystonerquipmentllc725747.example,7523 Commerce Avenue,Columbus,OH,43215,https://legacy-b3c9b44432da.invalid,inactive,10201.99,2025-07-04T22:00:00Z
A000128,EvergreenLogistics LLC,,,3181  Market St,Madison,WI,53703,,active,4994.32,2025-02-06T12:00:00Z
A000129,Pioneer Office Supply Corporation 967,,,6678 Market Street,Madison,WI,53703-0000,https://legacy-9792937175a5.invalid,active,13604.32,2026-04-24T12:00:00Z
A000130,Pioneer Foods Corporation,+1 (555) 013-9709,accounts@pioneerfoodscorporatioq159.example,5375 Commerce Ave,Raleigh,NC,27601,https://legacy-aca679946ec1.invalid,inactive,2111.84,2026-07-31T22:00:00Z
A000131,Harbor Technology Corporation,,,7100 Main Street,Portland,ME,04101,https://www.harbortechnologycorporat206.example/directory,inactive,2720.25,2026-09-18T09:00:00Z
A000132,Redwood Logistics LLC 1148,+9 555-013-6384,,3565 Oak Avenue,Austin,TX,78701,https://legacy-adc9654abb49.invalid,inactive,16078.02,2026-06-16T13:00:00Z
A000133,Westfield Technology Incorporated 890,,accounts@westfieydtechnologyincor912.example,3826 Oak,Richmond,VA,23219-0000,,inactive,12503.91,2026-04-01T19:00:00Z
A000134,MAPLE DENTAL LIMITED 616,+1 556-011-4713,,3480 Main Street,Portland,ME,04101,https://legacy-b44cb3f435af.invalid,inactive,8667.99,2026-09-08T21:00:00Z
A000135,Redwood Technology Incorporated 888,,,3747 Industrial Road,Portland,ME,04101-0000,https://legacy-99553decc4c7.invalid,active,12472.30,2026-08-26T19:00:00Z
A000136,KEYSTONE FOODS LIMITED,555-010-2646,,8994 Market Street,Albany,NY,12207,,active,3489.59,2025-11-27T12:00:00Z
A000137,Redwooe Analytics LLC,,,1897 Oak Avenue,Austin,TX,78701,,active,4435.99,2025-02-03T13:00:00Z
A000138,Westfield Wholesale Limited 1100,555-015-3626,,1786 Oak Ave,Austin,TX,78701,https://legacy-87e6658e203e.invalid,on_hold,15405.84,2026-04-03T13:00:00Z
A000139,Maple Dental Incorporated 816,,,1081 Industrial Rd,Portland,ME,04101,,on_hold,11475.41,2025-11-07T17:00:00Z
A000140,Keystone Manufacturing Limited 1055,,accounts@weystonemanufacturinglim1077.example,135 Commerce Avenue,Madison,WI,53703,https://legacy-cab8073394f7.invalid,on_hold,14725.02,2025-01-24T16:00:00Z
A000141,Blue Ridge Wholesale LLC 791,555-017-5003,,168 Commerce Avenue,Madison,WI,53703,,on_hold,11214.29,2025-04-30T20:00:00Z
A000142,Blue Ridge Packaging LLC 771,,,9227 River Road,Albany,NY,12207,,on_hold,10875.89,2025-10-15T20:00:00Z
A000143,Pioneer Wholesale Limited 697,,accounts@pionefrwholesalelimited6719.example,6480 Market Street,Raleigh,NC,27601,https://legacy-a7d8accb0c3c.invalid,on_hold,9898.13,2025-10-22T18:00:00Z
A000144,Blue Ridge Equipment Corporation,555-016-1822,,4776 Market St,Raleigh,NC,27601,https://legacy-d5345c0ab0e9.invalid,active,1932.73,2025-03-20T23:00:00Z
A000145,Keystone Manufacturing Corporation 555,,,1237 River,Albany,NY,12207-0000,https://www.keystonemanufacturingcor577.example/directory,active,7948.10,2025-12-31T04:00:00Z
A000146,Maple Logistics Corporation,,,5703 Oak,Richmond,VA,23219,https://www.maplelogisticscorporatio168.example/directory,inactive,2269.55,2026-11-09T20:00:00Z
A000147,Keystone Equipment Corp,,,4926 Commerce Avenue,Columbus,OH,,,on_hold,1891.88,2026-08-19T08:00:00Z
A000148,Evergreen Manufacturing Incorporated 453,+1 (555) 018-1675,,7251 River Road,Columbus,OH,43215,https://legacy-bed8e13fd533.invalid,on_hold,6446.01,2026-08-20T23:00:00Z
A000149,Maple Analytics LLC 1106,(555) 711-7004,accounts@magleanalyticsllc11061128.example,2012 Oak Ave,Richmond,VA,23219,,inactive,15493.52,2026-06-07T01:00:00Z
A000150,Redwood Logistics Limited 648,555-017-6970,,4667 Industrial Rd,Portland,ME,04101,https://www.redwoodlogisticslimited6670.example/directory,inactive,9183.00,2025-06-27T17:00:00Z
A000151,Summit Equipment Corporation 929,,,5283 Commerce,Raleigh,NC,27601,https://www.summitequipmentcorporati951.example/directory,active,13090.80,2025-05-28T22:00:00Z
A000152,Blue Ridge Wholesale Incorporated,(555) 016-5906,,3661 Market Street,Albany,NY,12207,https://legacy-892f8bea3c35.invalid,on_hold,1481.99,2026-02-26T13:00:00Z
A000153,Summit Analytics LLC 1109,,ACCOUNTS@sumhitanalyticsllc11091131.example,2129 Commerce Ave,Columbus,OH,43215,https://legacy-aeffeb0dae65.invalid,inactive,15513.96,2026-04-24T22:00:00Z
A000154,MapleWholesale Limited 1096,,,1650 Main Street,Portland,ME,04102,https://legacy-7c8f21f99b61.invalid,active,15311.37,2026-10-15T08:00:00Z
A000155,Packaging Limited,(555) 011-3701,accounts@maplepackaginglimited298.example,708 Industrial Rd,Austin,TX,78701,,on_hold,4004.55,2025-12-18T21:00:00Z
A000156,Redwood Analytics LLC 708,,,6895 Industrial Road,Austin,TX,78701,,inactive,10089.57,2026-09-07T19:00:00Z
A000157,Pioneer Analytics Corporation 507,,accounts@pionearanalyticscorporat529.example,9250 River,Albany,NY,12207,,inactive,7180.42,2026-11-13T20:00:00Z
A000158,Cedar Technology LLC 1182,,accounts@cedartechnologyllc11821204.example,4822 Industrial Road,Denver,CO,80202,,on_hold,16520.97,2026-05-28T11:00:00Z
A000159,SUMMIT PACKAGING CORPORATION,555-014-9438,accounts@summitpackagingcorporati201.example,6913 Commerce Avenue,Albany,NY,12207,,inactive,2719.38,2026-01-02T16:00:00Z
A000160,Redwood Dental LLC 718,,,7256 Main St,Denver,CO,80202,,active,10130.02,2026-07-09T02:00:00Z
A000161,Evergreen Packaging Corporation 973,,accounts@evergreenpackaginscorpor995.example,6889  Market Street,Columbus,OH,43215,,on_hold,13754.40,2025-02-24T18:00:00Z
A000162,Maple Foods Corporation 536,,,527 Oak Ave,Portland,ME,04101,https://legacy-cab40c58b0d6.invalid,on_hold,7558.54,2026-03-29T13:00:00Z
A000163,CEDAR OFFICE SUPPLY INCORPORATED 862,,,2795 Main Street,Denver,CO,80202,,inactive,12138.63,2025-09-03T22:00:00Z
A000164,REDWOOEOFFICE SUPPLY CORPORATION 568,,,1702 Main Street,Portland,ME,04101,https://www.redwoodofficesupplycorpo590.example/directory,active,8073.92,2025-11-30T21:00:00Z
A000165,Summit Analytics Incorporated,+1 (555) 014-4163,,622 River Road,Raleigh,NC,27601,,inactive,333.43,2025-06-18T14:00:00Z
A000166,Keystone Technology Corporation 985,555-013-2173,accounts@keystonetechnvlogycorpor1007.example,7339 Market St,Raleigh,NC,27601-0000,https://legacy-c203090d579c.invalid,inactive,13905.33,2025-09-27T20:00:00Z
A000167,Blue Ridge Foods LLC,,,2732 Market Street,Albany,NY,12207,,active,4802.11,2026-01-24T22:00:00Z
A000168,BLUE RIDGE OFFICE SUPPLY LIMITED 1061,555-016-1577,accounts@blueridgeofficesupplylim1083.exumple,353 Commerce Avenue,Columbus,OH,43215,,inactive,14867.16,2026-08-05T23:00:00Z
A000169,Maple Packaging Corporation 976,559-011-3502,accounts@maplepackagingcorporahio998.example,7011 Main Street,Portland,ME,04101,https://legacy-928e81de4255.invalid,on_hold,13652.70,2026-07-28T23:00:00Z
A000170,KEYSTONE LOGISTICS INCORPORATED,,,1956 River Road,Columbus,OH,43215,,active,852.56,2025-12-24T14:00:00Z
A000171,Westfield Office Inc 470,+1 (555) 015-9994,accounts@westfieldofficesupplyinc492.exampue,7891 Oak Avenue,Denver,CO,80202,https://legacy-77e9ae587c62.invalid,active,6654.37,2026-03-04T21:00:00Z
A000172,Maple Manufacturing LLC,,accounts@maplemanufacturingllc378.example,3672 Oak Avenue,Austin,TX,78701,https://legacy-785e1655c3f5.invalid,inactive,5177.34,2026-12-13T16:00:00Z
A000173,Harbor Office Supply Corp,,,6374  Oak Avenue,Austin,TX,78701,https://www.harborofficesupplycorpor186.example/directory,on_hold,2523.36,2025-10-31T16:00:00Z
A000174,Pioneer Logistics Corporation 547,,accounts@pioneerlogisticscorporat569.example,930 Market Street,Albany,NY,12207,https://legacy-c12c851ecd93.invalid,inactive,7787.95,2026-06-19T12:00:00Z
A000175,Maple Goods Ltd 636,555-051-1570,accounts@maplefoodslimited636658.exampfe,4229 Industrial Road,Austin,TX,78701,,on_hold,8981.65,2025-05-12T17:00:00Z
A000176,Blue Ridge Analytics Corporation,,accounts@blueridgeanallticscorpor123.example,4034 Commerce Avenue,Columbus,OH,43215-0000,https://legacy-97dd136a2962.invalid,inactive,1617.46,2025-08-23T05:00:00Z
A000177,EVERGREEN OFFICE SUPPLY INCORPORATED 863,,accounts@evergreenofficosupplyinc885.example,2816 Commerce Avenue,Madison,WI,53703,https://legacy-778ca4075d3b.invalid,inactive,12147.82,2025-08-21T23:00:00Z
A000178,SUMMIT MANUFACTURING CORPORATION 559,+1 (555) 014-3601,,1381 Market,Madison,WI,53703,,active,7976.15,2026-03-21T16:00:00Z
A000179,HARBOR PACKAGINGLLC,+7 555-019-6251,,4333 Oak Avenue,Denver,CO,80202-0000,,inactive,5354.57,2026-11-20T04:00:00Z
A000180,Northstar Medical Group Incorporated,+1 555-010-3049,,114 Market Street,Albany,NY,12207,https://legacy-d262aa66ba34.invalid,inactive,133.43,2025-05-27T12:00:00Z
A000181,Summit FoodsLLC,255-014-7750,,3028  River Rd,Albany,NY,12207,,inactive,4952.28,2025-05-02T06:00:00Z
A000182,Cedar Office Supply Incorporated 462,,,7583 Industrial Road,Denver,CO,80202,https://legacy-76a28b364c5c.invalid,inactive,6700.32,2025-10-06T06:00:00Z
A000183,Westfield Foods Incorporated,,,1768 Main Street,Portland,ME,04101,https://legacy-9be034673a35.invalid,inactive,817.98,2026-09-18T02:00:00Z
A000184,Summit Logistics LLC,558-014-6210,,3413 Market Street,Columbus,OH,43215,https://legacy-75c9d90678d8.invalid,active,5062.61,2025-02-08T18:00:00Z
A000185,Keystone Foods LLC 1135,555-014-2366,accounts@keystonefoodsllc11351157.exauple,3090 Market Street,Madison,WI,,,active,15884.49,2025-02-09T12:00:00Z
A000186,BLUE RIDGE OFFICE SUPPLY LLC 761,,,8857 Commerce Avenue,Raleigh,NC,27601,,inactive,10694.13,2026-01-18T03:00:00Z
A000187,Blue Ridge Wholesale Corporation,,,7359 Commerce Avenue,Madison,WI,53703,https://legacy-7612faa4f6a7.invalid,inactive,2902.80,2026-07-27T16:00:00Z
A000188,Pioneer Office Supply Inc 867,,accounts@pioneyrofficesupplyincor889.example,2965 River Road,Albany,NY,12207,https://legacy-999eee2347da.invalid,on_hold,12217.24,2026-08-14T20:00:00Z
A000189,PIONEER LOGISTICS INCORPORATED 447,,accounts@pioneerlhgisticsincorpor469.example,7032 River Road,Madison,WI,53703,https://legacy-c146ebc7557a.invalid,on_hold,6364.71,2026-04-18T01:00:00Z
A000190,Summit Foods Corporation 539,555-814-7651,ACCOUNTS@summitfoodscorporation53561.example,629 Commerce Ave,Albany,NY,12207,https://legacy-b1c178155007.invalid,active,7645.05,2025-03-02T16:00:00Z
A000191,WESTFIELD LOGISTICS CORPORATION 950,255-015-3862,accounts@westfzeldlpgisticscorpor972.example,6043 Oak Avenue,Denver,CO,80202,https://legacy-abfe9812d23c.invalid,inactive,13316.44,2026-11-02T00:00:00Z
A000192,Harbos Packaging Incorporated 874,,,3237 Main St,Richmond,VA,,,inactive,12326.42,2026-05-05T01:00:00Z
A000193,Redwood Limited 1088,,,1354  Oak Avenue,Portland,ME,04101,https://legacy-ba528c988811.invalid,inactive,15251.33,2026-12-17T21:00:00Z
A000194,Summit Manufacturing Corporation,,,6168 River Road,Madison,WI,53703,https://summitmanufacturingcorpo181.example,on_hold,2426.69,2026-09-03T07:00:00Z
A000195,CEDARTECHNOLOGY INCORPORATED,,,3325 Main Street,Richmond,VA,23219,,on_hold,1399.90,2025-12-02T15:00:00Z
A000196,Redwood Ofgice Supply Incorporated 468,(555) 513-3639,,7817 Industrial,Austin,TX,78701,,on_hold,6711.92,2026-09-08T17:00:00Z
A000197,Cedar Manufacturing LLC,155-017-2140,,3513 Main St,Portland,ME,04101,,on_hold,5059.48,2025-07-09T02:00:00Z
A000198,Cedar Packaging LLC,,accounts@cedarpacragingllc394.example,4254 Industrial Rd,Austin,TX,78701,,on_hold,5391.48,2026-10-14T17:00:00Z
A000199,Blue Ridge Technology Incorporated 481,,accounts@blueridgetechnologyincor503.example,8284 Market St,Raleigh,NC,27601,https://legacy-830ce9e53177.invalid,on_hold,6853.66,2025-05-20T18:00:00Z
A000200,Keystone Office Supply Limited 665,(559) 010-6616,accounts@keystoneofficecupplylimi687.example,5295 Commerce Avenue,Raleigh,NC,27601,,on_hold,9474.09,2025-10-18T22:00:00Z
A000201,Harbor Dental Limited,,accounts@harbordentallimited236.examplw,8207 Main St,Denver,CO,80202,https://legacy-7679a037fc17.invalid,on_hold,3274.25,2026-02-12T15:00:00Z
A000202,Cedar Analytics LLC 702,565-017-2316,,6661 Industrial Rd,Denver,CO,80202,,on_hold,9918.21,2025-10-17T23:00:00Z
A000203,Pioneer Packaging Limited 677,,accounts@pioneerpackagijglimited6699.example,5741 Commerce Avenue,Columbus,OH,43215,https://legacy-7ed6f99d58eb.invalid,inactive,9531.56,2026-10-25T22:00:00Z
A000204,Maple Analytics Limited 606,555-051-6757,,3113 Industrial Road,Denver,CO,80202-0000,,on_hold,8572.57,2026-08-19T01:00:00Z
A000205,Cedar Manufacturing Corporation,,accounts@ledarmanufacturingcorpor174.example,5916 Oak Avenue,Portland,ME,04101,https://www.cedarmanufacturingcorpor174.example/directory,inactive,2307.10,2026-05-17T00:00:00Z
A000206,Harbor Analytjcs Corp 504,(555) 019-1301,,9135 Industrial Road,Portland,ME,04101,,on_hold,7174.38,2026-05-05T00:00:00Z
A000207,Westfield Logistics LLC 750,,accounts@westfieldlogisticsllc750772.example,8438 Industrial Road,Denver,CO,80202,https://legacy-7a7f19309d52.invalid,active,10618.17,2026-02-10T23:00:00Z
A000208,Westfield Wholesale Limited,557-015-5275,,1597 Industrial Rd,Austin,TX,78701-0000,https://legacy-7f14d4d90ffe.invalid,on_hold,4377.69,2025-02-03T03:00:00Z
A000209,Westfield Technology LLC,555-015-4189,,4918 Industrial Road,Denver,CO,80202,https://legacy-d5ac22f8b47b.invalid,inactive,5701.82,2026-01-15T23:00:00Z
A000210,Redwood Wholesale LLC 798,(555) 013-6478,ACCOUNTS@redwoodwholesalellc798820.exkmple,420 Industrial Rd,Denver,CO,80202,https://legacy-d6cd5dc509b9.invalid,on_hold,11235.04,2025-05-10T23:00:00Z
A000211,Summit Foods Corporation 939,595-014-7470,accounts@gummitfoodscorporation93961.example,5632 River Road,Albany,NY,12207,,on_hold,13147.63,2026-10-06T20:00:00Z
A000212,Green Valley Foods Limited,,accounts@greenvalleyfoodslimiied21.example,262 Commerce Avenue,Madison,WI,53704,,inactive,250.91,2025-10-10T20:00:00Z
A000213,Harbor Analytics Limited,555-019-9351,ACCOUNTS@harboranaeyticslimited226.example,7848 Industrial Road,Austin,TX,78701,,inactive,3054.13,2025-07-05T02:00:00Z
A000214,Keystone Logistics Inc 445,,,6951 Market St,Columbus,OH,43215,https://legacy-7f3fac8fde31.invalid,active,6399.25,2025-09-11T18:00:00Z
A000215,Harbor Wholesale LLC,(555) 039-2395,accounts@harborwholesalellc416.example,5071 Main,Richmond,VA,23219,https://legacy-c5985969d2da.invalid,active,5676.38,2025-09-26T15:00:00Z
A000216,Cedar Analytics Dorporation 502,555-017-2295,accounts@cedaranalyjicscorporatio524.example,9062 Main St,Denver,CO,80202,https://legacy-a6b9f5c62e50.invalid,active,7135.44,2025-03-23T00:00:00Z
A000217,Redwood Manufacturing LLC 1158,,,3932 Industrial Rd,Denver,CO,80202,https://legacy-d6c793024656.invalid,on_hold,16206.50,2025-03-23T23:00:00Z
A000218,Summit Logistics Corporation,575-014-5720,accounts@summitlogistisscorporati171.example,5811 Commerce Avenue,Columbus,OH,43215,,on_hold,2222.43,2025-11-12T22:00:00Z
A000219,Summit Dental Incorporated,555-054-2625,ACCOUNTS@summitduntalincorporated41.example,1004 Market Street,Albany,NY,12207,https://legacy-9fc18ee7470a.invalid,on_hold,497.17,2025-02-07T23:00:00Z
A000220,HARBOR WHOLESALE LLC 794,555-019-1982,,263 Oak Avenue,Richmond,VA,23219,https://legacy-7f0c5eccf9c5.invalid,inactive,11189.30,2025-06-12T20:00:00Z
A000221,Evergreen Manufacturing Limited 1053,,,9850 River Rd,Columbus,OH,43215-0000,https://legacy-b7b63257c622.invalid,active,14761.83,2025-02-21T23:00:00Z
A000222,Cedar Packaging Limited 1072,+1 555-017-7220,,749  Main Street,Portland,ME,04101,,active,14997.74,2026-05-26T01:00:00Z
A000223,Westfield Technology Inc 490,,,8631 Main,Richmond,VA,23219,,active,6998.74,2025-01-06T15:00:00Z
A000224,Cedar Wholesale LLC,(555) 012-4548,,4999  Oak Ave,Portland,ME,04101,https://legacy-b9b09883949b.invalid,inactive,5619.84,2026-09-25T17:00:00Z
A000225,Westfield Equipment Limited 1030,,ACCOUNTS@westfieldequipmentlimige1052.example,9000 Main Street,Denver,CO,80202,,active,14408.70,2026-05-16T21:00:00Z
A000226,HARBOR ANALYTICS INCOSPORATED 804,555-019-3664,ACCOUNTS@larboranalyticsincorpora826.example,636 Industrial Road,Austin,TX,78701,,active,11287.86,2025-05-17T17:00:00Z
A000227,Pioneer Manufacturing Limited,,accounts@pioneermanufacturinglimi279.example,9806 Commerce Avenue,Raleigh,NC,27601,https://legacy-9ca959e26703.invalid,inactive,3783.08,2025-03-17T01:00:00Z
A000228,Pioneer Wholesale Corporation,,,2787 River Road,Columbus,OH,43215,https://legacy-cea65d83c3cf.invalid,on_hold,8430.61,2026-06-12T22:00:00Z
A000229,Blue Ridge Foods Incorporated 831,(559) 016-6961,,1646 River,Madison,WI,53703,https://legacy-bf7c7f1da94c.invalid,on_hold,11681.81,2026-09-14T01:00:00Z
A000230,Westfield Foods Limited,555-155-6282,accounts@westfieldfoodslimited262.ejample,9178 Industrial Road,Portland,ME,04101,,on_hold,3546.99,2025-03-04T18:00:00Z
A000231,Redwood Analytics Incorporated 808,,,781 Main St,Portland,ME,04101,,active,11411.26,2025-03-17T00:00:00Z
A000232,CEDAR LOGISTICSLLC,+1 555-017-4643,,3155 Industrial Rd,Denver,CO,80202-0000,,on_hold,4952.70,2026-01-19T23:00:00Z
A000233,Pioneer Foods Corporation 537,(555) 012-9336,,560 River Road,Raleigh,NC,27601,https://legacy-b4670ba7cde1.invalid,on_hold,7641.91,2025-08-12T14:00:00Z
A000234,Pioneer Wholesale Corporation 997,(555) 012-7201,accounts@pnoneerwholesalecorporat1019.example,7780  Market Street,Columbus,OH,43215,https://legacy-c8cb12edf079.invalid,active,13998.63,2026-10-22T02:00:00Z
A000235,Pioneer Manufacturing LLC 1157,,accounts@pioneermanufacturingllc11179.example,3894 Commerce Avenue,Columbus,OH,43215,https://legacy-d2869ddec5c0.invalid,inactive,16225.26,2025-11-07T22:00:00Z
A000236,Keystone Technology Inc 885,,accounts@keystonetechnologyincorp907.exampxe,3639 River Road,Columbus,OH,43215,,on_hold,12477.81,2026-03-02T14:00:00Z
A000237,Blue Ridge Packaging LLC 771,,,9227 River Road,Albany,NY,12207,,on_hold,10875.89,2025-09-28T20:00:00Z
A000238,Harbor Technology LLC 784,(555) 019-3191,,9707  Main Street,Portland,ME,04101,,active,11071.65,2025-04-13T00:00:00Z
A000239,Cedar Office Supply Limited 1062,,,390 Industrial Road,Denver,CO,80202,,on_hold,14857.02,2025-05-21T03:00:00Z
A000240,Blue Ridge Office Supply Incorporated,,accounts@blueridgeofqicesupplyinc83.example,2547 Market Street,Columbus,OH,43215,,active,1042.36,2026-06-30T01:00:00Z
A000241,Maple Equipment Incorporated,,accounts@mapleequipmentincorporat48.example,1254 Oak Avenue,Richmond,VA,23219,,inactive,615.01,2026-01-24T19:00:00Z
A000242,EVERGREEN WHOLESALE CORPORATION 593,+1 755-018-2912,,2627 Commerce Avenue,Raleigh,NC,27601-0000,,on_hold,8416.42,2025-12-14T00:00:00Z
A000243,Evergreen Manufacturing Corporation,555-718-2041,,5960  River Rd,Raleigh,NC,27602,,active,2335.00,2025-09-20T14:00:00Z
A000244,Redwood Manufacturing Jncorporated,,,2440 Main Street,Richmond,VA,23219,,active,1013.32,2026-02-02T15:00:00Z
A000245,Maple Foods Limited 636,,,4229 Industrial Road,Austin,TX,78701,https://legacy-9efe9079ccd8.invalid,on_hold,8981.65,2025-05-12T17:00:00Z
A000246,Cedar DentalCorporation 512,(555) 017-1095,,9443 Oak,Portland,ME,04101,,active,7347.01,2026-02-02T13:00:00Z
A000247,MAPLE DENTAL INCORPORATEE,,accounts@maplededtalincorporated38.example,893 Main,Portland,ME,04101,,active,458.98,2025-05-02T05:00:00Z
A000248,Keystone Wholesale Corporation 595,(550) 010-9884,,2724 Market,Albany,NY,12207,,active,8428.41,2026-07-13T18:00:00Z
A000249,Cedar Office Supply Corporation 962,,,6481 Oak Avenue,Richmond,VA,23219,https://legacy-8df41c1f53ea.invalid,active,13576.93,2025-10-05T19:00:00Z
A000250,Cedar Packaging Corp 972,,,6856 Industrial Road,Austin,TX,78701,,on_hold,13644.47,2025-01-08T17:00:00Z
A000251,MAPLE PACKAGING INCORPORATED,555-011-3765,,3110 Main Street,Austin,TX,,,active,1307.71,2026-02-03T21:00:00Z
A000252,HARBOR WHOLESALE INCORPORATED 494,,ACCOUNTS@harbodwholesaleincorpora516.example,8777 Oak Avenue,Denver,CO,80202,https://harborwholesaleincorpora516.example,active,7005.58,2025-07-23T19:00:00Z
A000253,Redwood Office Supply LLC 768,(555) 073-2896,accounts@redwoodofficesupplyllc76790.example,9108  Industrial Rd,Portland,ME,04101-0000,https://www.redwoodofficesupplyllc76790.example/directory,on_hold,10855.98,2025-07-14T23:00:00Z
A000254,Keystone Dental Limited615,555-010-5910,,3440 River,Madison,WI,53703,https://legacy-769e411d0625.invalid,inactive,8816.09,2025-02-19T20:00:00Z
A000255,Summit Equipment Incorporated 429,(555) 015-9534,accounts@summitequipmentincorgora451.example,6358 River Rd,Columbus,OH,43215-0000,https://legacy-99ac8eb7b348.invalid,on_hold,6115.14,2026-04-25T14:00:00Z
A000256,Blue Ridge Office Supply Ltd,,accounts@blueridgeofyicesupplylim283.example,153 River Road,Columbus,OH,43215-0000,,on_hold,3801.15,2026-08-22T01:00:00Z
A000257,CEDAR OFFICE SUPPLY INCORPORATED,559-017-1421,,2592 Oak Avenue,Denver,CO,80202,https://cedarofficesupplyincorpo84.example,inactive,1082.27,2026-04-16T19:00:00Z
A000258,Westfield Equipment Corporation 530,+1 (555) 015-8305,accounts@westfieldequipmentcorpor552.example,310  Oak Ave,Richmond,VA,23219,https://www.westfieldequipmentcorpor552.example/directory,on_hold,7631.85,2026-01-28T19:00:00Z
A000259,Redwood Logistics LLC,(555) 013-7048,accounts@redwoodlogistiusllc370.example,3371 Industrial Road,Austin,TX,78701,https://legacy-8311b94e0df5.invalid,on_hold,5054.31,2025-01-29T21:00:00Z
A000260,Cedar Dental Limited 612,,accounts@cedardentallimiged612634.eyample,3343 Industrial Road,Austin,TX,78701,https://legacy-8d640d0bde80.invalid,on_hold,8650.12,2025-07-13T05:00:00Z
A000261,Westfield Technology Corporation 590,(555) 715-5949,,2515 Oak Avenue,Denver,CO,80202,https://legacy-894bb9ee0d07.invalid,inactive,8409.68,2025-04-21T05:00:00Z
A000262,Westfield Office Supply Ltd 670,,,5475 Main St,Denver,CO,80202,https://legacy-86a489272011.invalid,active,9497.62,2026-07-15T23:00:00Z
A000263,Cedar Dental Corporation 912,,,4636 Industrial Road,Portland,ME,04101,,on_hold,12847.90,2026-11-19T03:00:00Z
A000264,Pioneer Technology Corporation,555-012-1641,,7210 Market Street,Albany,NY,12207,,on_hold,2841.41,2025-07-05T12:00:00Z
A000265,Blue Ridge Foods Limited 631,,,4044 Market St,Madison,WI,53703,https://legacy-b9ed36a1d52d.invalid,inactive,8917.30,2025-03-02T12:00:00Z
A000266,Harbor Foods LLC,,accounts@harborfoodsllc356.example,2853 Main Street,Denver,CO,80202,,active,4878.80,2026-08-05T17:00:00Z
A000267,Cedar Corporation,555-017-6431,,7032 Oak Avenue,Denver,CO,80203,,inactive,2764.78,2026-03-14T19:00:00Z
A000268,HARBOR DENTAL LLC 714,(555) 019-7476,accounts@harbordentalllc714736.example,7115 Industrial Rd,Richmond,VA,23219,https://www.harbordentalllc714736.example/directory,on_hold,10048.86,2026-11-16T00:00:00Z
A000269,Summit LLC 1129,,accounts@summitequbpmentllc11291151.example,2859  Market Street,Raleigh,NC,,,active,15819.01,2026-06-08T18:00:00Z
A000270,Pioneer Manufacturing Corporation,(555) 012-7698,accounts@nioneermanufacturingcorp179.example,6094 Market Street,Columbus,OH,43215,https://legacy-abba35a46e85.invalid,active,2373.05,2025-01-22T18:00:00Z
A000271,Redwood Packaging Corp,(555) 013-1335,accounts@redwoodpackagingcorvorat200.example,6880 Main St,Richmond,VA,23219,https://legacy-7bff78619fe6.invalid,active,2677.90,2025-01-15T15:00:00Z
A000272,Keystone Foods Limited 1035,(555) 010-2883,accounts@keystokefoodslimited10351057.example,9194 River Road,Albany,NY,12207,https://legacy-b97450112051.invalid,on_hold,14498.80,2026-01-27T20:00:00Z
A000273,EVERGREEN TECHNOLOGY INCORPORATED,555-618-4932,,3362 Commerce Avenue,Albany,NY,12207,,inactive,1387.08,2026-09-14T19:00:00Z
A000274,Summit Dental Limited 1019,(559) 014-1389,accounts@bummitdentallimited10191041.example,8602 Commerce Avenue,Albany,NY,12207,,inactive,14314.54,2025-02-21T16:00:00Z
A000275,Pioneer Technology Ltd,(555) 012-1601,,1109 Commerce Avenue,Madison,WI,53703,https://legacy-d5b60f5535bd.invalid,inactive,4227.45,2025-08-21T22:00:00Z
A000276,Pioneer Manufacturing Incorporated 457,555-012-7271,,7398 Market Street,Raleigh,NC,27601,https://www.pioneermanufacturinginco479.example/directory,inactive,6619.76,2026-06-17T18:00:00Z
A000277,Analytics Corporation,,,4283 Industrial Rd,Austin,TX,78701,https://redwoodanalyticscorporat130.example,active,1702.09,2026-08-13T03:00:00Z
A000278,Cedar Wholesale Incorporated 892,555-010-3499,,3905 Main Street,Austin,TX,78701,https://www.cedarwholesaleincorporat914.example/directory,active,12513.40,2026-02-17T00:00:00Z
A000279,Harbor Wholesale Ltd 694,,accounts@harborwholesalelimited69716.example,6371  Main Street,Denver,CO,80202,https://legacy-9f9bdd8fae4b.invalid,active,9780.07,2025-10-18T15:00:00Z
A000280,Pioneer Packaging Corporation 977,555-112-1923,accounts@pioneerpackagingcorporat999.example,7040 Commerce Avenue,Raleigh,NC,27601,https://www.pioneerpackagingcorporat999.example/directory,inactive,13706.07,2026-10-10T05:00:00Z
A000281,Cedas Foods Corporation,+1 555-417-6601,accounts@cvdarfoodscorporation154.example,5173 Industrial,Austin,TX,78701,,on_hold,2038.63,2026-11-19T05:00:00Z
A000282,Ridge Wholesale LLC,(555) 011-5429,,4966 Market Street,Madison,WI,53703,,active,5631.50,2025-05-07T12:00:00Z
A000283,DENTAL LLC 720,,ACCOUNTS@westfielddenthlllc720742.example,7339 Industrial Road,Portland,ME,04101,https://legacy-795523514afd.invalid,active,10173.71,2025-09-25T17:00:00Z
A000284,Westfield Analytics Inc,535-015-2799,,670 Main St,Richmond,VA,23219,https://legacy-a3e276095083.invalid,active,342.71,2025-10-27T21:00:00Z
A000285,Summit Foods Incorporated 839,,accounts@summiefoodsincorporated8861.example,1943 Commerce Avenue,Madison,WI,53704,https://summitfoodsincorporated8861.example,on_hold,11787.23,2025-11-02T20:00:00Z
A000286,SUMMIT LOGISTICS LIMITED 1049,,accounts@summitlogisticslimited101071.exanple,9701 Commerce,Raleigh,NC,27601,,inactive,14667.83,2026-06-19T08:00:00Z
A000287,Summit Manufacturing LLC 759,(555) 014-3555,,8784  River Road,Madison,WI,53703,https://legacy-94a76d70d526.invalid,inactive,10770.20,2026-10-11T20:00:00Z
A000288,Westfield Logisuics Limited 1050,,ACCOUNTS@westfieldlogisticslimite1072.examplx,9736 Industrial Road,Richmond,VA,23219,,on_hold,14725.88,2026-11-18T04:00:00Z
A000289,SUMMIT TECHNOLOGY LLC,,,4881  Commerce Avenue,Columbus,OH,43215,,inactive,5634.04,2026-06-14T22:00:00Z
A000290,Evergreen Dental LLC 713,,,7087 Commerce,Raleigh,NC,27601-0000,,inactive,10046.32,2025-06-20T07:00:00Z
A000291,MAPLE DENTAL INCORPORATED 416,+1 555-016-5549,,5893 Oak Avenue,Portland,ME,04101,https://legacy-c7c6ce1fc90b.invalid,active,6070.24,2026-06-22T20:00:00Z
A000292,Maple Analytics LLC 706,+1 555-011-7356,,6822 Main Street,Richmond,VA,23219,,active,9945.93,2026-09-12T15:00:00Z
A000293,Evergreen Equipment Corporation,,accounts@evergreenequipmmntcorpor145.example,4841  River Rd,Albany,NY,,https://legacy-7d49196fa327.invalid,on_hold,1963.20,2025-01-05T20:00:00Z
A000294,Westfield Wholesale Limited 700,,accounts@westfieldwholesalelijite722.example,6604 Main Street,Austin,TX,78701,,active,9918.71,2026-12-18T04:00:00Z
A000295,Summit Analytics Limited 1009,555-054-3038,ACCOUNTS@sumbitanalyticslimited101031.example,8227 Market Street,Raleigh,NC,27601,https://legacy-ab3ae3f80176.invalid,active,14133.56,2026-07-26T18:00:00Z
A000296,Keystone Wholesale Incorporated,,,3809  Commerce Avenue,Madison,WI,53703,,on_hold,1592.22,2026-02-22T18:00:00Z
A000297,Keystone Dental LLC,,,2149 River Road,Albany,NY,12207,https://legacy-d2a1a44917df.invalid,on_hold,4555.85,2026-10-20T08:00:00Z
A000298,Summit Wholesale LLC,,accounts@summitwholesalelln421.example,5262 River Rd,Madison,WI,53703,,on_hold,5764.45,2025-05-24T20:00:00Z
A000299,Westfield Packaging Ltd 680,+3 555-015-7754,accounts@westfieldpackaggnglimite702.example,5849 Oak Ave,Portland,ME,04101,https://legacy-8b94925aeeeb.invalid,inactive,9594.41,2026-03-28T15:00:00Z
A000300,Maple Limited 656,,,4962  Oak Avenue,Portland,ME,04101,,inactive,9278.71,2025-05-30T13:00:00Z
A000301,Harbor Packaging Limited 674,355-019-5832,,5635 Oak Avenue,Richmond,VA,23219,,inactive,9564.10,2026-08-06T20:00:00Z
A000302,Blue Ridge Logistics LLC 1141,,,3307 Market Street,Columbus,OH,43215,,active,15979.12,2025-10-29T19:00:00Z
A000303,Redwood Technology Inc,595-013-8478,accounts@redwoodtechnclogyincorpo110.example,3544  Main St,Portland,ME,04101,,active,1449.65,2026-07-25T09:00:00Z
A000304,KEYSTONE LOGISTICS CORPORATION 545,,,860 Commerce Ave,Raleigh,NC,27601,https://keystonelogisticscorpora567.example,inactive,7728.18,2025-08-24T05:00:00Z
A000305,TECHNOLOGY LLC 1190,(553) 016-5676,,5119 Oak Avenue,Denver,CO,80202,https://legacy-9217bd27387b.invalid,active,16633.73,2025-08-04T19:00:00Z
A000306,Evergreen Logistics LLC 1143,(555) 018-2938,accounts@evergreenlogisticsllc1141165.exammle,3384 River,Madison,WI,53703,,on_hold,15985.86,2026-10-24T20:00:00Z
A000307,Keystone Logistics Limited,,,9360 Commerce,Columbus,OH,43215,https://legacy-7dcd261a2f1b.invalid,inactive,3625.55,2025-02-05T09:00:00Z
A000308,SUMMIT OFFICE SUPPLY CORPORATION 969,(555) 014-1267,ACCOUNTS@summitofficesupplycorpor991.example,6750 River Road,Raleigh,NC,27601,https://legacy-9cd042db01b3.invalid,on_hold,13633.86,2025-12-02T14:00:00Z
A000309,Westfield Logistics Inc,+1 535-015-4637,,7138 Industrial Road,Richmond,VA,23219,https://legacy-c6b7d8e8fa57.invalid,on_hold,6417.92,2025-07-27T23:00:00Z
A000310,CEDAR DENTAL LIMITED 1012,(555) 017-9323,,8333 Main Street,Austin,TX,78701,https://legacy-8814fa9ffe16.invalid,active,14198.60,2025-07-11T21:00:00Z
A000311,Westfield Foods Incorporated 440,,accounts@westfielsfoodsincorporat462.example,6781 Oak Ave,Portland,ME,04101,https://legacy-843467b64e36.invalid,inactive,6264.21,2025-08-01T13:00:00Z
A000312,Summit Technology Corporation 989,,accounts@aummittechnologycorporat1011.example,7484 Commerce Avenue,Columbus,OH,43215,https://legacy-89509552a992.invalid,active,13926.66,2025-09-04T22:00:00Z
A000313,PIONEER LOGISTICS CORPORATION,,accounts@nioneerlogisticscorporat169.example,5732 River Road,Albany,NY,12207,,on_hold,2264.08,2025-10-03T20:00:00Z
A000314,Westfield Wholesale Incorporated 500,,accounts@westlieldwholesalejncorp522.example,9001 Oak Avenue,Austin,TX,78701,,inactive,7151.70,2026-06-29T13:00:00Z
A000315,Summit Packaging Corporation 579,,accounts@summitpackagingcorporati601.examkle,2122 River Road,Albany,NY,12207,https://legacy-cf479c6baef2.invalid,on_hold,8252.74,2026-04-23T01:00:00Z
A000316,Cedar Analytics Limited 1002,,accounts@cedaranalyticslimited1001024.example,7962 Industrial,Richmond,VA,23219,https://legacy-b41496b47b8f.invalid,on_hold,14063.36,2025-12-10T07:00:00Z
A000317,Blue Ridge Analytics LLC 701,555-056-2880,accounts@bluebidgeanalyticsllc701723.example,6632 Commerce Ave,Columbus,OH,43215,,inactive,9927.98,2025-09-19T22:00:00Z
A000318,Harbor Technology Ltd 1084,,,1204 Main Street,Austin,TX,78701,,active,15159.42,2026-10-01T21:00:00Z
A000319,Blue Ridge Office Supply Corporation,+1 (255) 016-1767,,6245 Commerce Ave,Raleigh,NC,27601,https://legacy-ab036a0cc5b7.invalid,active,2502.15,2026-11-07T22:00:00Z
A000320,Summit Manufacturing Ltd 1059,,,273 River Road,Albany,NY,12207,https://legacy-ab7b19076e8f.invalid,on_hold,14873.52,2026-05-12T20:00:00Z
A000321,Westfield Office Sup LLC,,accounts@westfieldofficesupplyllc392.example,4178 Main Street,Richmond,VA,23219,,active,5376.03,2026-03-19T17:00:00Z
A000322,Summit Manufacturing Incorporated859,,,2671 Market,Albany,NY,12207,https://legacy-959018588c07.invalid,active,12076.31,2025-01-24T13:00:00Z
A000323,BLUE RIDGE FOODS INCORPORATED 431,555-316-7359,ACCOUNTS@blueridgefoomsincorporat453.example,6439 Commerce Avenue,Madison,WI,53703,,inactive,6167.05,2026-02-09T16:00:00Z
A000324,Redwood Foods LLC 738,,accounts@redwoodfoodsllz738760.example,7991  Industrial Road,Richmond,VA,23219,https://legacy-a945863ea5c6.invalid,inactive,10478.51,2025-04-20T23:00:00Z
A000325,EVERGREEN FOODS LIMITED,,accounts@evergreenfoodslimiteq255.example,8908 Commerce Avenue,Raleigh,NC,27601,https://legacy-a21e76fd38b5.invalid,on_hold,3442.72,2025-07-14T02:00:00Z
A000326,Maple Logistics Corporation 546,(555) 011-9044,accounts@mapleyogisticscorporatio568.example,893 Industrial Road,Richmond,VA,23219,https://www.maplelogisticscorporatio568.example/directory,on_hold,7757.17,2025-07-11T23:00:00Z
A000327,Westfield LLD 740,555-015-6241,,8075  Oak Avenue,Austin,TX,78701,,active,10468.26,2026-04-28T17:00:00Z
A000328,Pioneer Ltd,555-012-2266,,8688 Commerce Avenue,Albany,NY,12207,,inactive,3376.73,2025-12-08T16:00:00Z
A000329,EVERGREEN FOODS INCORPORATED 433,,,6515 Market Street,Raleigh,NC,27601,https://legacy-b9af473d5b10.invalid,on_hold,6230.97,2026-05-09T00:00:00Z
A000330,BLUE RIDGE DENTALINCORPORATED,555-096-2597,accounts@blueridgedentalincobpora33.example,702 Commerce,Albany,NY,12207,https://legacy-8e1d23dc21bb.invalid,inactive,389.87,2025-02-26T21:00:00Z
A000331,Summit Wholesale Incorporated 899,,,4155 Commerce Ave,Albany,NY,12207,https://www.summitwholesaleincorpora921.example/directory,on_hold,12627.08,2026-01-24T16:00:00Z
A000332,Westfield Corporation 930,655-015-7561,accounts@westfieldequipmentcorpor952.examplg,5308 Industrial Rd,Richmond,VA,23219,https://legacy-88545eb6e3ce.invalid,active,13158.40,2025-02-25T09:00:00Z
A000333,Pioneer Packaging Inc 877,,accounts@pioneewpackagingincorpor899.example,3351 Market Street,Columbus,OH,43215,,on_hold,12334.79,2025-05-15T23:00:00Z
A000334,HARBOR FOODS INCORPORATED 834,,ACCOUNTS@harborfoodeincorporated8856.example,1768 Industrial Road,Richmond,VA,23219-0000,,inactive,11674.91,2025-10-03T02:00:00Z
A000335,Ridge Foods Incorporated,,accounts@blueridgefoodsincorporat53.efample,1443 Market,Madison,WI,53703,https://blueridgefoodsincorporat53.example,active,646.20,2026-09-17T16:00:00Z
A000336,Redwood Equipment Corp 928,(555) 011-1317,,5228 Main Street,Portland,ME,04101,https://legacy-82187be12e61.invalid,active,13014.62,2026-07-01T21:00:00Z
A000337,Blue Ridge Logistics Incorporated 441,,,6807  River Road,Raleigh,NC,27601,,inactive,6298.00,2025-03-13T17:00:00Z
A000338,BLUE RIDGE EQUIPMENT LLC 1121,555-416-8332,accounts@blueridgeequipmentllc1121143.example,2565 Commerce Ave,Raleigh,NC,27601,,inactive,15658.25,2025-12-11T09:00:00Z
A000339,Maple Wholesale Limited 696,,accounts@maplewholmsalelimited696718.example,6447  Industrial Road,Portland,ME,04101,,on_hold,9820.92,2026-07-26T20:00:00Z
A000340,Evergreen Packaging Limited 673,555-218-6543,,5591 Market Street,Raleigh,NC,27601,,active,9542.51,2025-07-09T20:00:00Z
A000341,Keystone Dental Limited,,ACCOUNTS@keystonedentallimited237.exhmple,8243 Commerce Avenue,Madison,WI,53703,https://legacy-b536db7a7773.invalid,inactive,3194.43,2025-06-13T16:00:00Z
A000342,Maple Foods Limited,(557) 011-2261,accounts@maklefoodslimited258.example,9032 Oak Ave,Austin,TX,78701,,active,3484.69,2025-04-14T13:00:00Z
A000343,BLUE RIDGE EQUIPMENT CORPORATION 921,+1 (555) 036-8344,,4977 River Rd,Raleigh,NC,27601,,on_hold,12933.56,2025-05-15T23:00:00Z
A000344,Pioneer Analytics Incorporated 407,,ACCOUNTS@pioneeranalyticsincorpor429.example,5559 Commerce,Madison,WI,53703,https://legacy-bae36a84f719.invalid,on_hold,5825.57,2025-08-23T20:00:00Z
A000345,Keystone Office Sup Corporation 565,551-010-5966,accounts@keyptoneofficesupplycorp587.example,1601 Market Street,Columbus,OH,43215,https://www.keystoneofficesupplycorp587.example/directory,active,8002.95,2025-09-10T18:00:00Z
A000346,Blue Ridge Dental Corporation,555-616-1987,accounts@blueridgedentalcowporati133.example,4407 River Road,Madison,WI,53703,https://legacy-9bc40fee5341.invalid,active,1775.38,2026-02-28T20:00:00Z
A000347,Redwood Dental Incorporated 818,(555) 013-3036,,1163 Oak,Richmond,VA,23219,https://legacy-97433628aea6.invalid,inactive,11488.25,2026-03-16T04:00:00Z
A000348,Westfield Office Supply Corporation 570,,accounts@westfieldofficesuphlycor592.example,1788 Industrial Road,Richmond,VA,23219,https://legacy-bb8b2bfcc95c.invalid,on_hold,8066.61,2025-05-04T23:00:00Z
A000349,CEDAR LOGISTICS 942,(555) 017-3459,,5753 Industrial Rd,Denver,CO,80202,,on_hold,13243.34,2025-10-04T23:00:00Z
A000350,HarborEquipment Limited 1024,(555) 019-5333,,8784 Main St,Portland,ME,04101,,active,14374.40,2026-06-21T21:00:00Z
A000351,MAPLE LOGISTICS LIMITED,,,9395 Industrial Road,Denver,CO,80202,,active,3704.67,2025-06-11T23:00:00Z
A000352,CEDAR WHOLESALE CORPORATION,555-017-4658,,7394  Industrial Rd,Portland,ME,04101,,active,2983.33,2026-06-03T17:00:00Z
A000353,PIONEER LOGISTICSINCORPORATFD 847,,accounts@pioneerlogisticsincorpor869.exampce,2227 Market St,Madison,WI,,https://legacy-d601bd620826.invalid,active,11909.02,2025-01-10T12:00:00Z
A000354,Evergreen Packaging Limited 1073,555-018-6194,,799 Commerce,Raleigh,NC,27601,,inactive,15041.08,2025-05-29T22:00:00Z
A000355,Pioneer Manufacturing LLC,,accounts@pioneermanufacturingllc379.example,3706 River Road,Columbus,OH,43215,,active,5219.95,2025-01-10T17:00:00Z
A000356,Pioneer Equipment Limited,(655) 012-2236,accounts@pioneerequipmentlimited249.exabple,8688 Commerce Ave,Albany,NY,12207,,inactive,3376.73,2025-12-22T17:00:00Z
A000357,Blue Ridge Wholesale Inc 491,(555) 016-5805,,8659 Commerce,Albany,NY,12207,,inactive,7013.59,2026-01-04T18:00:00Z
A000358,Evergreen Logistics Inc,555-818-3691,accounts@evjrgreenlogisticsincorp65.example,1880 Market St,Albany,NY,12207,,inactive,775.79,2025-09-23T12:00:00Z
A000359,Blve Ridge Manufacturing Inc 851,(555) 046-3155,,2373 Commerce Ave,Albany,NY,,https://legacy-c2733f94b44d.invalid,inactive,11967.04,2026-10-26T16:00:00Z
A000360,Harbor Equipment Incorporated 424,555-019-6510,,6182 Main St,Portland,ME,04101,https://www.harborequipmentincorpora446.example/directory,inactive,6103.91,2025-10-25T07:00:00Z
A000361,Maple Foods Corp 936,(855) 011-1280,,5529 Industrial Road,Portland,ME,04101,https://www.maplefoodscorporation936958.example/directory,on_hold,13117.82,2026-05-15T17:00:00Z
A000362,Blue Ridge Wholesale Corporation991,,accounts@blufridgewholesalecorpor1013.example,7561 Market Street,Madison,WI,53703,https://legacy-c5f2e6be0076.invalid,active,13868.38,2026-07-26T12:00:00Z
A000363,Maple Equipment Incorporated 426,,accounts@mhpleequipmentincorporat448.example,6255  Industrial Road,Richmond,VA,23220,,on_hold,6140.46,2025-03-15T04:00:00Z
A000364,Harbor Foods Incorporated 434,555-019-4126,,6549 Oak Ave,Richmond,VA,,https://legacy-b0580baac02a.invalid,inactive,6228.75,2025-06-04T19:00:00Z
A000365,Keystone Wholesale Corporation 995,555-060-9624,accounts@keystjnewholesalecorpora1017.example,7724 Commerce Avenue,Albany,NY,12207,,inactive,13985.39,2026-11-09T16:00:00Z
A000366,Acme Industrial Services LLC,,accounts@acmeindustrialservlcesll20.example,226 Main St,Denver,CO,80202-0000,https://legacy-82cabf1d677a.invalid,active,216.29,2026-04-03T01:00:00Z
A000367,Redwood Analytics Inc 408,557-013-4824,accounts@redwoodanalyticsincorpor430.example,5584  Industrial Rd,Portland,ME,04101,https://www.redwoodanalyticsincorpor430.example/directory,on_hold,5846.36,2025-02-25T17:00:00Z
A000368,Maple Packaging Ltd 1076,,,912  Oak Avenue,Austin,TX,78701,https://legacy-a05fb89342ff.invalid,inactive,15092.25,2025-09-21T14:00:00Z
A000369,HarborDental Limited 614,,accounts@harbordentallimited614636.example,3418 Oak Avenue,Denver,CO,,,inactive,8692.25,2025-01-11T19:00:00Z
A000370,Redwopd Foods Ltd 1038,(155) 013-7599,,9301 Industrial Road,Denver,CO,80202,https://legacy-bc20863e376c.invalid,on_hold,14535.60,2025-02-11T23:00:00Z
A000371,Harbor Office Supply LLC 764,+1 (555) 019-7648,accounts@harborofficesupplyllc764786.example,8953 Oak Avenue,Austin,TX,78701,https://www.harborofficesupplyllc764786.example/directory,inactive,10780.81,2025-01-22T13:00:00Z
A000372,WESTFIELD FOODS CORPORATION 940,555-015-5651,,5673 Main Street,Austin,TX,78701,https://legacy-b05ad075cc14.invalid,active,13174.88,2026-09-08T03:00:00Z
A000373,Maple Packaging Corporation,555-011-3537,,6810 Oak Avenue,Portland,ME,04101,,on_hold,2658.18,2026-02-03T13:00:00Z
A000374,Cedar Packaging Corporation 572,+1 553-017-7981,accounts@cedarpackagingcorpzratio594.example,1856 Oak Avenue,Austin,TX,78701,https://www.cedarpackagingcorporatio594.example/directory,inactive,8120.46,2026-05-13T21:00:00Z
A000375,Westfield Analytics LLC,555-015-2935,,1965 Main Street,Denver,CO,80202,https://westfieldanalyticsllc332.example,active,4548.09,2025-08-07T00:00:00Z
A000376,Evergreen Wholesale Incorporated 493,558-018-3238,,8731 Market St,Columbus,OH,43215,https://legacy-7d32afd4a213.invalid,active,7045.83,2026-11-22T02:00:00Z
A000377,Blue Ridge Logistics Corporation,,,5504  River Road,Columbus,OH,43215,https://legacy-b21f68d157ae.invalid,on_hold,2216.96,2026-09-16T14:00:00Z
A000378,Pioneer Equipment Limited 1027,555-010-1536,accounts@pioneerequypmentlimited11049.example,8890 Market Street,Albany,NY,12207,https://legacy-86ed7239cf6e.invalid,active,14359.47,2026-06-22T12:00:00Z
A000379,Pioneer Packaging Incorqorated 477,,ACCOUNTS@piooeerpackagingincorpor499.exjmple,8137 River Road,Columbus,OH,43215-0000,,on_hold,6788.17,2026-08-07T22:00:00Z
A000380,Cedar Analytics LLC,,,1670  Oak Avenue,Denver,CO,80202,https://legacy-9573b625f016.invalid,inactive,4414.76,2026-11-23T19:00:00Z
A000381,Evergreen Logistics Ltd 643,,accounts@evergreenlogisticslirite665.example,4487 Market St,Albany,NY,12207-0000,,active,9090.69,2026-05-18T17:00:00Z
A000382,Westfield Packaging Incorporated,,,3251 Oak Avenue,Portland,ME,04101,https://legacy-b542101196dc.invalid,active,1277.95,2025-02-17T00:00:00Z
A000383,Keystone Office Supply Inc,(555) 010-6710,,2699 Commerce Avenue,Raleigh,NC,27601,,inactive,1092.56,2025-10-03T22:00:00Z
A000384,Evergreen Technology Corporation,(555) 018-5316,,2265 Market St,Madison,WI,53703,https://legacy-8a3106e7b9f9.invalid,active,8271.15,2026-01-23T12:00:00Z
A000385,Westfield Logistics Limited,,,9551 Main,Richmond,VA,23220,https://www.westfieldlogisticslimite272.example/directory,on_hold,3639.41,2025-02-13T15:00:00Z
A000386,Redwood Dental Corporation 518,(555) 013-3359,accounts@redwooddentalcorporation540.examlle,9666 Oak Avenue,Denver,CO,80202,,active,7419.00,2025-08-12T05:00:00Z
A000387,Evergreen Wholesale Incorporated,+1 553-018-3787,accounts@evergreenwholesaleincorp115.example,3738 River Road,Columbus,OH,43215,,on_hold,1529.54,2026-09-03T14:00:00Z
A000388,Summit Office Supply Corporation 569,,ACCOUNTS@summitofficesupplycorpor591.example,1754 Commerce Avenue,Raleigh,NC,27601,,active,8164.10,2025-05-21T06:00:00Z
A000389,Blue Ridge Dental LLC 1111,,,2204 Market Street,Madison,WI,53703,https://legacy-b3fca9beed1b.invalid,inactive,15594.85,2026-08-23T12:00:00Z
A000390,Blue Ridge Technology Limited 1081,,,1082  Market Street,Raleigh,NC,27601,https://legacy-8028ee02bd40.invalid,active,15114.18,2026-11-04T18:00:00Z
A000391,Westfield Manufbcturing Limited 660,,,5105 Industrial Road,Austin,TX,78701,https://legacy-d032446a6f90.invalid,on_hold,9334.45,2026-01-15T17:00:00Z
A000392,Harbor Manufacturing Limited 654,+1 555-019-8685,,4898 Industrial Road,Denver,CO,80202,https://legacy-846d01b1a986.invalid,active,9236.26,2025-09-06T10:00:00Z
A000393,Pioneer Foods LLC 737,+1 (555) 012-9717,accounts@pioneerfoodslls737759.example,7958 Commerce Avenue,Raleigh,NC,27601,https://legacy-ce5e0ef660df.invalid,inactive,10404.96,2025-08-11T08:00:00Z
A000394,Harbor Logistics Corporation,558-019-2443,,5622 Industrial,Portland,ME,04101,https://legacy-7e8a58014fe5.invalid,on_hold,2226.71,2025-12-01T17:00:00Z
A000395,Redwood Manufacturing Corporation 558,(555) 013-4617,accounts@redwoodmanufacturingcyrp580.example,1343 Industrial Rd,Denver,CO,80202,https://legacy-bb49310e93f3.invalid,active,7923.59,2026-04-13T03:00:00Z
A000396,HARBOR FOODS LLC 734,,accounts@harborfoodsslc734756.example,7857 Oak Avenue,Denver,CO,80203,https://legacy-a4a788f32811.invalid,inactive,10321.26,2026-03-06T05:00:00Z
A000397,Cedar Packaging Incorporated 872,(555) 017-7399,accounts@cedarpackaginsincorporat894.example,3157  Oak Avenue,Portland,ME,04101,https://cedarpackagingincorporat894.example,on_hold,12267.72,2026-06-17T13:00:00Z
A000398,KEYSTONE ANALYTICS LLC 1105,,,1986 Market Street,Raleigh,NC,27601,https://legacy-d7f82a7beb19.invalid,inactive,15522.23,2025-01-30T18:00:00Z
A000399,Redwood Packaging Corporation 978,595-013-9860,,7082 Industrial Rd,Richmond,VA,23219-0000,,on_hold,13754.73,2025-07-09T23:00:00Z
A000400,WESTFIELD PACKAGING CORPORATION 580,555-015-7901,accounts@westfieldpackagingcorpor602.examrle,2149 Main Street,Austin,TX,78701,https://legacy-c4f4e067b4c4.invalid,active,8233.70,2026-06-27T21:00:00Z
A000401,Summit Limited 1089,555-814-6872,,1385 River Rd,Raleigh,NC,27601-0000,https://legacy-bb42889b0709.invalid,on_hold,15237.47,2026-11-17T14:00:00Z
A000402,Westfield Packaging Limited,,ACCOUNTS@westfieldpackaginglimzte302.example,861 Main St,Portland,ME,04101,https://legacy-cbc26ac508f2.invalid,on_hold,4182.57,2025-03-07T23:00:00Z
A000403,Pioneer Logistics Incorporated,,,2034 Commerce Avenue,Madison,WI,53703,,active,982.45,2026-01-08T02:00:00Z
A000404,Keystone Manufacturing Incorporated 455,,accounts@keystonemanufacturinginc477.examele,7325 Commerce Avenue,Madison,WI,53703,https://www.keystonemanufacturinginc477.example/directory,inactive,6532.78,2025-06-13T16:00:00Z
A000405,Maple Technology Corporation 586,(555) 011-2024,,2379 Main Street,Richmond,VA,23219,https://www.mapletechnologycorporati608.example/directory,active,8345.98,2025-01-01T15:00:00Z
A000406,WESTFIELD EQUIPMENT LLC 1130,(555) 015-7476,,2904 Oak Avenue,Richmond,VA,23219,,inactive,15811.06,2025-08-04T19:00:00Z
A000407,Cedar Manufacturing Corporation 952,,,6121 Main Street,Portland,ME,04101,,inactive,13426.19,2026-01-10T21:00:00Z
A000408,WESTFIELD WHOLESALE INCORPORATED 900,(555) 015-4072,accounts@westfieldwholesaleincorp922.example,4192  Industrial Rd,Austin,TX,78701,https://legacy-93934b5a948d.invalid,active,12621.67,2025-04-25T17:00:00Z
A000409,BLUE RIDGE LOGISTICS LIMITED,,accounts@blueridgelogisficslimite263.example,9215 Market Street,Raleigh,NC,27601,https://legacy-cf29ee412825.invalid,inactive,3640.27,2026-03-18T04:00:00Z
A000410,Cedar Packaging LLC 1172,,,4460 Oak Ave,Austin,TX,78701,,inactive,16399.92,2025-04-08T13:00:00Z
A000411,CEDAR MANUFACTURING LLC 1152,555-017-2167,,3720  Industrial Road,Portland,ME,04101,,inactive,16187.60,2025-02-08T17:00:00Z
A000412,WESTFIELD MANUFACTURING LIMITED 1060,,,309 Main Street,Austin,TX,78701-0000,https://www.westfieldmanufacturingli1082.example/directory,inactive,14901.48,2026-03-26T00:00:00Z
A000413,Evergreen Wholesale LLC,+1 (555) 018-3135,,5042 River Road,Raleigh,NC,27601,,inactive,5676.08,2025-06-29T23:00:00Z
A000414,Keystone Technology Inc 485,,,8432 Commerce Ave,Columbus,OH,43215,,on_hold,6911.05,2026-05-21T22:00:00Z
A000415,Cedar Foods Incorporated,,,1479 Oak Avenue,Portland,ME,04101,https://www.cedarfoodsincorporated54.example/directory,inactive,645.40,2026-01-24T14:00:00Z
A000416,Keystone Packaging Corporation 575,,,1969 Commerce Avenue,Madison,WI,53703,,inactive,8161.58,2025-02-19T00:00:00Z
A000417,MAPLE DENTAL LLC,,,2180 Main,Austin,TX,78701,https://www.mapledentalllc338.example/directory,inactive,4542.34,2025-03-25T22:00:00Z
A000418,Pioneer Packaging Limited,,,750 Market,Columbus,OH,43215,https://legacy-75bf625a0b3e.invalid,inactive,4097.21,2026-10-06T05:00:00Z
A000419,WESTFIELD WHOLESALE CORPORATION,525-015-4819,,7692 Oak,Portland,ME,04101,https://legacy-8cc95323f484.invalid,inactive,3009.43,2025-06-20T14:00:00Z
A000420,Maple Dental LLC 1116,555-011-4824,ACCOUNTS@mapzedentalllc11161138.example,2377 Industrial Rd,Austin,TX,78701,https://legacy-95bf57fe63f8.invalid,on_hold,15648.05,2026-05-22T20:00:00Z
A000421,Pioneer Logistics LLC 1147,(551) 012-6727,,3524 Market Street,Albany,NY,12207,https://legacy-81327bb1d8af.invalid,active,16065.89,2026-08-07T20:00:00Z
A000422,Maple Office Supply Corp 966,,accounts@mapleofficesupplycorpora988.example,6634 Industrial Road,Denver,CO,80202,,on_hold,13566.87,2026-05-10T23:00:00Z
A000423,Harbor Technology Limited,,,997 Oak Avenue,Austin,TX,78701,https://legacy-96500689caf0.invalid,inactive,4180.36,2026-04-12T20:00:00Z
A000424,Blue Ridge Limited 1011,,accounts@blseridgedentallimited101033.example,8302 River Rd,Albany,NY,12207,https://legacy-bf16cad9b4ff.invalid,on_hold,14214.65,2025-01-28T20:00:00Z
A000425,Maple Dental Corporation 516,+1 (555) 011-5449,,9582 Industrial Rd,Austin,TX,78701,https://legacy-75a49594f81b.invalid,on_hold,7374.07,2026-10-26T20:00:00Z
A000426,Maple Foods Incorporated 436,+1 555-011-2634,accounts@maplefoodsincorporated43458.example,6625 Main Street,Austin,TX,,https://www.maplefoodsincorporated43458.example/directory,active,6224.30,2026-11-27T08:00:00Z
A000427,Westfield Equipment Incorporated 430,,,6407 Main Street,Denver,CO,80202,https://www.westfieldequipmentincorp452.example/directory,active,6175.63,2025-03-08T15:00:00Z
A000428,Westfield Corporation,,,6230 Main Street,Portland,ME,04101,,active,2417.66,2026-11-05T01:00:00Z
A000429,Evergreen Technology LLC 1183,,accounts@evergreentecinologyllg111205.example,4860 Market Street,Madison,WI,53703,,active,16535.56,2025-11-27T12:00:00Z
A000430,Redwood Logistics LLC 748,(555) 013-6973,accounts@redwoodlogisticsllc748770.example,8367 Main St,Austin,TX,,,inactive,10564.78,2026-07-02T04:00:00Z
A000431,Maple Technology Corporation 986,,accounts@mapletechnologycorporati1008.example,7369 Oak Avenue,Richmond,VA,23219,,inactive,13829.67,2025-01-17T19:00:00Z
A000432,Redwood Office Supply Incorporated,(555) 013-3641,,2804  Oak Ave,Austin,TX,78702,https://legacy-9d82add18bea.invalid,inactive,1179.57,2026-11-07T17:00:00Z
A000433,Summit Packaging Incorporated 879,+1 (555) 014-9357,,3413 River Road,Madison,WI,53703,https://legacy-a678690796a5.invalid,on_hold,12329.29,2025-08-08T22:00:00Z
A000434,Summit Technology LLC 1189,+1 (555) 014-7084,accounts@summittechnoligyllc11891211.example,5082 Market Street,Columbus,OH,43215,,active,16615.00,2025-07-08T02:00:00Z
A000435,EVERGREEN DENTAL CORPORATION,+1 (555) 018-8565,accounts@evergreendentalcorpormti135.example,4481 Commerce Avenue,Raleigh,NC,27602,https://legacy-75f9fb8f83bd.invalid,inactive,1755.01,2026-11-10T04:00:00Z
A000436,Pioneer Technology Corporation 987,,accounts@pioneertechnologycorpora1009.exbmple,7409 River Road,Albany,NY,12207,,on_hold,13851.86,2026-01-13T23:00:00Z
A000437,Pioneer Analytics LLC 707,,accounts@pioneeranalyticsllc707729.example,6844 Commerce Avenue,Albany,NY,12207,https://www.pioneeranalyticsllc707729.example/directory,inactive,9945.49,2025-10-17T20:00:00Z
A000438,Evergreen Wholesale Limited 1093,555-018-2102,ACCOUNTS@evergrejnwholesalelimite1115.example,1531 Market Street,Columbus,OH,43215,https://legacy-7d816b633d14.invalid,on_hold,15261.46,2026-09-24T18:00:00Z
A000439,Evergreen Analytics Corporation,+1 (555) 018-1679,accounts@evergreenanalyticscorpor125.example,4097 Market St,Madison,WI,53703,,on_hold,1626.74,2025-03-16T12:00:00Z
A000440,Cedar Dental LLC 1112,555-087-9167,,2232  Oak Ave,Portland,ME,04101,https://legacy-c552848c74aa.invalid,inactive,15545.39,2025-05-28T13:00:00Z
A000441,SummitFoods Limitee 1039,,,9332 Market St,Madison,WI,53703,https://legacy-b67bcb2caf82.invalid,inactive,14635.47,2026-06-28T17:00:00Z
A000442,Maple Wholesame Incorporated 496,,accounts@maplewholesalbincorporat518.example,8848  Main Street,Portland,ME,04101,https://legacy-7e998720497b.invalid,active,7102.13,2025-06-08T03:00:00Z
A000443,Evergreen Technology Ltd 683,(555) 018-4471,,5961 Commerce Avenue,Albany,NY,12207,https://legacy-b6f7167154bb.invalid,active,9610.49,2026-01-18T16:00:00Z
A000444,Summit Wholesale Corporation 999,,,7854 River Road,Madison,WI,53703,https://legacy-94e94d268808.invalid,active,14039.99,2025-05-11T01:00:00Z
A000445,Evergreen Analytics LLC 1103,(555) 018-7840,ACCOUNTS@evergreenanallticsllc1101125.example,1907 Commerce Ave,Madison,WI,53703,,on_hold,15385.20,2026-06-01T16:00:00Z
A000446,Blue Ridge Office Supply Incorporated 861,555-016-1525,,2748 River Road,Columbus,OH,43215,https://legacy-cbd2f77dd60f.invalid,on_hold,12100.41,2025-06-22T14:00:00Z
A000447,Maple Logistics Corporation 946,,,5895 Main Street,Richmond,VA,23219,,inactive,13216.47,2026-08-10T19:00:00Z
A000448,Keystone Office Supply Incorporated 865,,ACCOUNTS@keysooneofficesupplyinco887.example,2899 Market Street,Raleigh,NC,27601,,inactive,12158.12,2025-04-07T18:00:00Z
A000449,Summit Technology Corporation,(555) 024-8167,,7290 River Rd,Columbus,OH,43215,,on_hold,2843.18,2026-03-12T15:00:00Z
A000450,EVERGREEN OFFICE SUPPLY LIMITED,555-018-8488,accounts@evergreenofficesupplylim285.example,231 Commerce Avenue,Madison,WI,53703,,inactive,3821.74,2025-02-16T02:00:00Z
A000451,Redwood Office Sup Limited,,,407 Main St,Austin,TX,78701,,active,3924.36,2026-03-09T08:00:00Z
A000452,Maple Foods LLC,,,2925 Industrial Road,Portland,ME,04102,https://maplefoodsllc358.example,on_hold,4890.72,2025-01-03T17:00:00Z
A000453,Cedar Dental Incorporated,(555) 017-1144,,740 Industrial Road,Austin,TX,78701-0000,,inactive,361.08,2025-07-30T21:00:00Z
A000454,Summit Wholesale Limited 1099,+1 (555) 014-5428,accounts@summitwholesalelimited101121.example,1758 Market Street,Albany,NY,12207,https://legacy-a8b7f2209ffd.invalid,active,15399.07,2026-07-05T13:00:00Z
A000455,Pioneer Packaging Incorporated,(555) 812-3015,,3150 Commerce Avenue,Columbus,OH,43215,,inactive,1326.77,2026-11-24T05:00:00Z
A000456,Blue Ridge Technology Inc 881,,,3495 Commerce Avenue,Raleigh,NC,27601,https://legacy-c07a361b419f.invalid,active,12364.62,2026-03-26T02:00:00Z
A000457,Keystone Dental Incorporated 815,555-010-6345,accounts@keystonedentalincorporat837.example,1051 Commerce Avenue,Madison,WI,53703-0000,,inactive,11459.22,2026-08-24T23:00:00Z
A000458,Maple Technology Mimited 1086,,,1277 Industrial Road,Denver,CO,80202,https://www.mapletechnologylimited101108.example/directory,on_hold,15222.47,2026-03-08T23:00:00Z
A000459,Pioneer Office Supply Incorporated,,,2777 Market Street,Albany,NY,12207,https://legacy-94824aa9e563.invalid,active,1142.48,2025-12-28T12:00:00Z
A000460,Harbor Foods Corporation 934,(555) 019-3073,ACCOUNTS@harborfoodscorporftion93956.example,5455 Main Street,Denver,CO,80202,https://legacy-9e67da444de2.invalid,active,13119.70,2026-11-06T15:00:00Z
A000461,Blue Ridge Logistics Incorporated 841,055-016-5413,,2011 Market Street,Raleigh,NC,27601,,active,11807.46,2026-06-02T04:00:00Z
A000462,Westfield Dental Inc 420,(595) 015-1508,,6027 Industrial Road,Austin,TX,78701,https://legacy-9c255faa6e26.invalid,on_hold,6031.18,2026-03-27T03:00:00Z
A000463,Westfield Logistics Corporation 550,,accounts@westfieldlogisticscorpor572.example,1048 Main Street,Denver,CO,80202,https://legacy-967bfb265714.invalid,on_hold,7858.05,2025-06-23T00:00:00Z
A000464,Summit Office Sup LLC 1169,+1 555-014-1515,,4338 Commerce Avenue,Raleigh,NC,27601-0000,https://legacy-8b2a1f02168a.invalid,inactive,16391.74,2026-07-26T07:00:00Z
A000465,Keystone Dental Incorporated 415,,ACCOUNTS@keystonedentaliucorporat437.example,5855 Market St,Madison,WI,53703-0000,https://legacy-d8aee824670e.invalid,on_hold,5982.98,2026-07-10T17:00:00Z
A000466,CEDAR LOGISTICS LLC 742,(555) 067-3717,,8155 Main St,Denver,CO,80202,https://cedarlogisticsllc742764.example,active,10459.17,2025-02-25T00:00:00Z
A000467,Evergreen Foods LLC 1133,(555) 018-9013,,3008 Commerce,Columbus,OH,43215,https://www.evergreenfoodsllc11331155.example/directory,on_hold,15838.82,2026-02-03T22:00:00Z
A000468,Blue Ridge Packaging Limited,,,528 Market Street,Madison,WI,53703-0000,,on_hold,3919.03,2025-12-21T12:00:00Z
A000469,MAPLE ANALYTICS INCORPORATED 806,,,715 Oak Avenue,Denver,CO,80202,https://legacy-8a1ab249420f.invalid,inactive,11314.47,2025-02-01T00:00:00Z
A000470,Maple Office Supply Limited 666,,,5332  Industrial Road,Richmond,VA,23219,,on_hold,9406.27,2026-06-15T05:00:00Z
A000471,KeystooeAnalytics Incorporated 405,555-110-8796,,5484 River Road,Columbus,OH,43215,https://keystoneanalyticsincorpo427.example,on_hold,5794.58,2026-01-14T15:00:00Z
A000472,Foods LLC,,accounts@evergreenfoodsclc355.example,2807 River Rd,Columbus,OH,43215,https://legacy-a9ce79fd225a.invalid,on_hold,4865.31,2026-11-25T20:00:00Z
A000473,Cedar Analytics Corporation,,,4065  Industrial Road,Denver,CO,80202,,on_hold,1674.55,2026-10-19T23:00:00Z
A000474,Evergreen Manufacturing Incorporated,,accounts@evergreenmanufacturingin75.ebample,2248 Commerce Avenue,Columbus,OH,43215,,inactive,964.22,2026-05-01T22:00:00Z
A000475,WESTFIELD MANUFACTURING CORPORATION 560,,accounts@westfieldmanufactnringco582.example,1417 Oak Avenue,Portland,ME,04101,https://www.westfieldmanufacturingco582.example/directory,on_hold,7936.00,2026-09-12T17:00:00Z
A000476,CEDAR EQUIPMENT LLC 722,553-017-7790,accounts@cedarequipmentllc722744.example,7412 Oak Avenue,Richmond,VA,23219-0000,,inactive,10188.83,2025-11-21T01:00:00Z
A000477,Maple Equipment Limited 1026,+1 (555) 081-2592,,8860 Industrial Road,Richmond,VA,23219,https://legacy-9e96e63fb83e.invalid,on_hold,14401.32,2026-04-19T23:00:00Z
A000478,Harbor Logistics Incorporated 444,,,6913 Industrial Road,Austin,TX,78701,,on_hold,6322.88,2026-09-25T23:00:00Z
A000479,Maple Office Supply Limited,,,340 Oak Avenue,Richmond,VA,23219,https://legacy-ae4eaa899e1e.invalid,active,3998.40,2025-04-16T03:00:00Z
A000480,Harbor Wholesale Limited,,accounts@harborwhjlesalelimited316.example,1363 Industrial,Denver,CO,80202,https://www.harborwholesalelimited316.example/directory,on_hold,4303.85,2026-11-24T23:00:00Z
A000481,Harbor Manufacturing Incorporated,,,2284 Industrial Road,Denver,CO,80202,,on_hold,1004.61,2025-09-17T23:00:00Z
A000482,Evergreen Analytics Incorporated,(555) 018-1293,,601 Commerce Avenue,Albany,NY,12207-0000,,inactive,11275.62,2025-04-14T18:00:00Z
A000483,Blue Ridge Logistics Corp 941,(555) 116-4971,accounts@blueridgglogisticscorpor963.example,5702 Commerce Avenue,Columbus,OH,43215,https://www.blueridgelogisticscorpor963.example/directory,inactive,13224.44,2025-05-20T01:00:00Z
A000484,Keystone Technology Limited 685,(555) 010-2777,accounts@keystoqetechnologylimite707.example,6035  Market Street,Columbus,OH,43215,,active,9714.77,2025-07-30T18:00:00Z
A000485,Blue Ridge Manufacturing Incorporated,(555) 016-3483,accounts@blueridgemanufacturiagin73.example,2178 River Rd,Albany,NY,12207,https://legacy-bac16c68e20e.invalid,active,916.02,2025-12-01T02:00:00Z
A000486,Cedar Logistics Corporation 942,,,5753 Industrial Road,Denver,CO,80202-0000,,on_hold,13243.34,2025-09-05T01:00:00Z
A000487,SUMMIT OFFICE SUPPLY CORPORATION,,accounts@summitofficesupplycorpor191.example,6552 Market Street,Raleigh,NC,27601,,active,2558.51,2025-08-04T06:00:00Z
A000488,WESTFIELD FOODS LIMITED 640,,,4377 Main Street,Portland,ME,04101,,active,9058.01,2026-02-16T01:00:00Z
A000489,Cedar Equipment Limited 1022,+1 555-067-7783,,8700 Oak Ave,Denver,CO,80202,https://cedarequipmentlimited1021044.example,inactive,14324.75,2026-03-13T01:00:00Z
A000490,Blue Ridge Logistics Corporation 541,,,705  Market Street,Columbus,OH,43215,,on_hold,7682.05,2025-10-04T02:00:00Z
A000491,Evergreen Office Supply Limited 663,,,5231 River Road,Madison,WI,53703,,active,9435.89,2026-07-26T20:00:00Z
A000492,Keystone Dental Corporation 515,(555) 010-6859,accounts@keystonedentalcorporatio537.exaople,9551 Commerce Avenue,Albany,NY,12207,,inactive,7336.33,2025-11-05T20:00:00Z
A000493,Harbor Manugacturing LLC 1154,+1 555-019-8788,accounts@harbormanufacturingllc111176.eqample,3799 Oak Ave,Richmond,VA,23219,,inactive,16107.82,2025-06-27T19:00:00Z
A000494,Cedar Technology Incorporated 882,,accounts@cedartechnologyxncorpora904.example,3522 Industrial Road,Richmond,VA,23219,https://legacy-a2f74fa762c7.invalid,on_hold,12371.97,2025-09-06T00:00:00Z
A000495,Keystone Office Supply LLC 1165,(555) 010-5252,,4206 Market Street,Columbus,OH,,https://legacy-819e3efa7493.invalid,inactive,16302.76,2026-07-19T00:00:00Z
A000496,HARBORMANUFACTURING LIMITED 1054,+1 (555) 019-9137,,9887 Main Street,Denver,CO,,,on_hold,14748.82,2025-09-20T15:00:00Z
A000497,Maple Foods Corporation,,,5328  Main Street,Portland,ME,04101,https://legacy-bb4a81db4a54.invalid,active,2083.44,2025-10-07T21:00:00Z
A000498,HARBOR LOGISTICS LLC 744,,accounts@harborlogisticsllc744766.exhmple,8214 Industrial Road,Portland,ME,04101,https://legacy-c7a61e4c3189.invalid,on_hold,10515.43,2026-01-13T17:00:00Z
A000499,Blue Ridge Wholesale Incorporated 891,,accounts@blueridgedholesaleincorp913.example,3865 River Road,Albany,NY,12207,https://legacy-b0665cccaec6.invalid,on_hold,12502.57,2025-11-07T20:00:00Z
A000500,Redwood Packaging LLC,555-013-1100,accounts@redwoodpamkagingllc400.example,4471 Industrial Rd,Richmond,VA,23219,,on_hold,5420.35,2025-03-25T23:00:00Z
A000501,Keystone Packaging LLC 1175,+1 555-010-4087,,4567 Commerce Avenue,Madison,WI,53703,https://legacy-a0079763c96a.invalid,inactive,16474.05,2025-04-27T18:00:00Z
A000502,EVERGREEN OFFICE SUPPLY LLC 763,,ACCOUNTS@evergreenofficesuppldllc785.example,8922 Market Street,Albany,NY,,https://legacy-ce8e2a88c711.invalid,active,10775.22,2025-12-04T14:00:00Z
A000503,Evergreen Dental Incorporated 813,,accounts@evfrgreendentalincorpora835.example,971 River Road,Columbus,OH,43215,https://legacy-930be00c7d2c.invalid,on_hold,11440.52,2026-03-09T14:00:00Z
A000504,Maple Wholesale LLC 796,,accounts@maplewholesalellc796818.exapple,352  Main Street,Austin,TX,78701,,active,11212.33,2025-05-08T21:00:00Z
A000505,Evergreen Wholesale Corp,(555) 013-3526,,7427 Market,Raleigh,NC,,https://evergreenwholesalecorpor215.example,active,2882.36,2025-02-20T18:00:00Z
A000506,Keystone Equipment LLC,+1 555-010-4754,,2514 Market Street,Columbus,OH,43215,https://legacy-8b0fc0e18360.invalid,on_hold,4745.21,2025-02-10T18:00:00Z
A000507,Redwood Office Supply Incorporated 868,+1 555-013-2353,,3003 Main,Austin,TX,78701,,active,12203.71,2025-07-15T21:00:00Z
A000508,HARBOR FOODS CORPORATION 534,,,457 Industrial Road,Denver,CO,80202,,on_hold,7619.59,2026-05-02T08:00:00Z
A000509,HARBOR MANUFACTURINGCORPORATION 954,(555) 019-8500,,6191 Industrial Road,Richmond,VA,23219,https://legacy-9b784022ed60.invalid,on_hold,13390.94,2026-08-24T06:00:00Z
A000510,Pioneer Dental Limited,(555) 012-4391,accounts@pioneerdentallimited239.examplb,8330 Market St,Raleigh,NC,27601-0000,https://legacy-cfa83a9c5d97.invalid,active,3199.09,2025-04-16T18:00:00Z
A000511,Maple Analytics Corporation 906,(505) 011-6285,accounts@mapleanalytecscorporatio928.example,4407 Industrial Road,Richmond,VA,23219,,on_hold,12728.33,2026-07-03T23:00:00Z
A000512,Harbor Foods Corporation,(555) 079-4602,accounts@harborfoodscorporation156.example,5250 Oak Ave,Denver,CO,80202,https://harborfoodscorporation156.example,inactive,2091.99,2026-08-20T22:00:00Z
A000513,Redwood Equipment Limited,+1 555-013-1475,,8727 Industrial Rd,Austin,TX,78701,,on_hold,3372.39,2026-01-22T02:00:00Z
A000514,Keystone Analytics Corporation 905,,accounts@keystoneanalyticscorpora927.hxample,4380 Commerce Avenue,Raleigh,NC,27601,https://legacy-d94969861324.invalid,on_hold,12659.16,2026-05-02T07:00:00Z
A000515,Keystone PackagingIncorporated 875,(555) 010-3905,,3265 Commerce Avenue,Albany,NY,12207,https://legacy-9dd46881649c.invalid,inactive,12339.69,2025-03-28T23:00:00Z
A000516,Maple Foods Incorporated 836,,accounts@maplefoodsintorporated83858.example,1821 Oak Avenue,Austin,TX,78701,https://legacy-9706f4700425.invalid,inactive,11753.59,2025-07-25T14:00:00Z
A000517,Harbor Equipment Corporation 924,,,5078 Industrial Rd,Austin,TX,78701,,on_hold,12938.43,2026-08-04T18:00:00Z
A000518,Everhreen Wholesale LLC 1193,,,5232 Commerce Ave,Raleigh,NC,27601,,inactive,16687.02,2026-01-30T03:00:00Z
A000519,Pioneer Dental Corporation 917,,,4826 Commerce Ave,Columbus,OH,43215,https://pioneerdentalcorporation939.example,on_hold,12855.84,2026-10-04T22:00:00Z
A000520,Blue Ridge Manufacturing LLC,,,3478 River Rd,Madison,WI,53703,,on_hold,5063.50,2026-04-02T20:00:00Z
A000521,Pioneer Equipment Incorporated,(555) 012-3321,accounts@pioneerxquipmentincorpor49.example,1288 River Rd,Albany,NY,12207-0000,,on_hold,578.03,2026-04-27T20:00:00Z
A000522,Summit Manufacturing Limited,855-014-3622,,9872 Market St,Albany,NY,12207,https://www.summitmanufacturinglimit281.example/directory,active,3768.89,2025-11-15T12:00:00Z
A000523,MAPLE OFFICE SUPPLY CORPORATION 566,(555) 011-5520,,1632 Oak Avenue,Denver,CO,,,inactive,8043.70,2026-02-04T19:00:00Z
A000524,Keystone Logistics LLC 1145,(555) 810-9340,accounts@keystonelogisticsllc11451167.example,3450 Commerce Avenue,Raleigh,NC,27601,,on_hold,16061.58,2025-01-16T22:00:00Z
A000525,HasborDental Corp 514,(555) 079-7146,accounts@harbordentalhorporation5536.example,9503 Main St,Richmond,VA,23219,https://legacy-b281f8c0f111.invalid,active,7288.55,2026-01-28T15:00:00Z
A000526,KEYSTONE LOGISTICS LLC,+1 (555) 010-9662,ACCOUNTS@keystonelogisttcsllc367.example,3263 River Rd,Raleigh,NC,27601-0000,https://legacy-7db4c2960081.invalid,active,5044.52,2026-02-18T19:00:00Z
A000527,Evergreen Equipment Limited 623,(555) 018-6656,accounts@evergreenequipmentlimite645.example,3738  Commerce Avenue,Madison,WI,53703,https://legacy-9506d238b4e9.invalid,inactive,8864.32,2025-04-18T16:00:00Z
A000528,Pioneer Dental Inc 417,+1 (555) 052-4474,,5916 River Rd,Raleigh,NC,27601,,inactive,5920.43,2025-02-12T14:00:00Z
A000529,Westfield Technology Incorporated,,accounts@wostfieldtechnologyincor112.example,3615 Industrial Road,Richmond,VA,23219,,on_hold,1436.89,2026-09-04T04:00:00Z
A000530,Harbor Technology LLC,,accounts@harbortechnoljgyllc406.example,4706  Industrial Road,Portland,ME,04101,,on_hold,5502.59,2025-12-22T00:00:00Z
A000531,Harbor Technology Ltd 684,,accounts@harbortechnologylinitee6706.example,6004 Industrial Rd,Austin,TX,78701,https://www.harbortechnologylimited6706.example/directory,on_hold,9654.20,2026-10-13T01:00:00Z
A000532,Maple Technology LLC,(555) 011-1905,,4773 Oak Avenue,Richmond,VA,23219,https://mapletechnologyllc408.example,inactive,5543.85,2026-06-21T21:00:00Z
A000533,Maple Analytics Ltd,(555) 031-7168,,7920 Oak,Denver,CO,80202,https://legacy-bd8b2e37cf30.invalid,inactive,3062.35,2025-05-19T19:00:00Z
A000534,Blue Ridge Analytics Limited 601,555-016-3882,ACCOUNTS@nlueridgeanalyticslimite623.example,2932 Market Street,Raleigh,NC,27601,,active,8557.55,2025-10-22T06:00:00Z
A000535,Harbor Equipmfnt Inc 824,555-019-5264,accounts@harborequipkentincorpora846.example,1388 Oak Ave,Portland,ME,04101,https://legacy-cc1dc9b0a698.invalid,inactive,11629.28,2025-02-15T13:00:00Z
A000536,EVERGREEN LOGISTICS CORPORATION 543,,,777 River Road,Madison,WI,53703,https://legacy-8172d51d8166.invalid,on_hold,7748.72,2025-03-18T04:00:00Z
A000537,Maple Logistics Limited 1046,555-011-8606,ACCOUNTS@maplelogisticslimited1041068.example,9595 Oak Avenue,Denver,CO,80202,,inactive,14660.47,2025-04-20T19:00:00Z
A000538,PIONEER FOODS LLC 1137,555-022-9463,,3166  River Road,Raleigh,NC,27601,,on_hold,15894.91,2025-08-28T14:00:00Z
A000539,MAPLE LOGISTICS LIMITED 646,555-016-8951,,4587  Main Street,Denver,CO,80202,,active,9102.87,2026-10-16T02:00:00Z
A000540,Pioneer Equipment LLC 1127,,,2798 Commerce Avenue,Madison,WI,53703,https://legacy-943b3200712e.invalid,inactive,15809.33,2026-09-30T22:00:00Z
A000541,BLUE RIDGE WHOLESALE LIMITED 1091,,,1453 Commerce Ave,Albany,NY,12207,,inactive,15312.40,2026-09-17T18:00:00Z
A000542,REDWOOD MANUFACTURING CORPORATION 958,(555) 023-4255,accounts@redwoodmanufbctoringcorp980.example,6339 Main Street,Denver,CO,80202,,inactive,13443.94,2025-01-29T15:00:00Z
A000543,Keysuone Wholesale LLC 795,,ACCOUNTS@keystonewholesalellc795817.example,316 River Rd,Albany,NY,12207,https://legacy-8f74bd442e65.invalid,on_hold,11230.70,2025-05-17T20:00:00Z
A000544,CEDAR FOODS INCORPORATED 432,,accounts@cedarfoodsincorporated43454.exomple,6473 Industrial Road,Portland,ME,04101,https://www.cedarfoodsincorporated43454.example/directory,on_hold,6226.91,2026-01-08T17:00:00Z
A000545,REDWOOD WHOLESALE INCORPORATED,(555) 013-7401,accounts@redwoodwholesalxincorpor120.example,3919  Oak Ave,Richmond,VA,23219,,active,1568.12,2026-07-31T05:00:00Z
A000546,PIONEER TECHNOLOGY CORPORATION 587,(555) 012-9924,,2416 Commerce Avenue,Albany,NY,12207,,inactive,8354.75,2026-08-21T01:00:00Z
A000547,REDWOOD FOODS LLC,555-013-9059,accounts@eedwoodfoodsllc360.example,2994 Oak Ave,Richmond,VA,23219,,inactive,4901.56,2026-06-17T19:00:00Z
A000548,Redwood Office Sup Limited 1068,(555) 013-2448,,617 Industrial Road,Austin,TX,78701,https://legacy-ae7809affe09.invalid,active,14981.69,2026-08-09T20:00:00Z
A000549,Pioneer Packaging LLC,,accounts@pioneerpackagingllc399.ecample,4444 Commerce Avenue,Raleigh,NC,27601,https://legacy-d760bda3ca1e.invalid,inactive,5452.17,2025-08-22T22:00:00Z
A000550,KEYSTONE LOGISTICS INCORPORATED,,,6951 Market Street,Columbus,OH,43215,,active,6399.25,2025-10-07T06:00:00Z
A000551,Blue Ridge Sup Corp 961,+1 555-016-1845,accounts@bluerbdgeofficesupplycor983.example,6457 Market St,Raleigh,NC,27601,,active,13524.90,2025-06-24T18:00:00Z
A000552,Redxood Technology LLC 788,555-013-8244,,9856 Oak Avenue,Austin,TX,78701,https://redwoodtechnologyllc788810.example,active,11107.57,2025-11-03T20:00:00Z
A000553,Blue Ridge ManufacturingCorporation 951,,accounts@blueridgemanufacturongco973.example,6081 River Road,Madison,WI,53703,,inactive,13337.00,2025-11-17T07:00:00Z
A000554,Harbor Logistics Corporation 544,(555) 019-2603,accounts@harborlogisticscorporati566.example,837 Main Street,Portland,ME,04101,https://www.harborlogisticscorporati566.example/directory,active,7771.35,2025-08-28T09:00:00Z
A000555,KEYSTONE PACKAGING INCORPORATED 475,(555) 010-4461,ACCOUNTS@keystonipackagingincorpo497.example,8066 Market Street,Albany,NY,12207,https://legacy-89dfd4a8cdf2.invalid,active,6790.03,2025-08-24T19:00:00Z
A000556,Summit Logistics Corporation 949,,,6012 Market St,Columbus,OH,43215,,active,13287.63,2025-06-28T02:00:00Z
A000557,Westfield Analytics Corp,,accounts@westfieldanalyticscorpor132.example,4368 Oak Ave,Denver,CO,80202,https://www.westfieldanalyticscorpor132.example/directory,active,1789.62,2026-09-15T19:00:00Z
A000558,Pioneer Office Supply LLC 1167,555-812-3166,ACCOUNTS@pioneerofficevupplyllc111189.example,4271 River,Madison,WI,53704,https://legacy-b1e38ee22ee2.invalid,inactive,16298.31,2026-01-14T05:00:00Z
A000559,Wfstfield Wholesale Corporation 600,,,2885  Industrial Road,Portland,ME,04101,https://legacy-b8d15459f8c9.invalid,on_hold,8517.20,2026-07-22T00:00:00Z
A000560,Blue Ridge Foods Ltd 1031,(555) 018-6948,,9033 Commerce Avenue,Madison,WI,53703,https://legacy-8a2eb7d674c8.invalid,on_hold,14465.19,2025-09-08T16:00:00Z
A000561,BLUE RIDGE MANUFACTURING LLC 1151,,,3686 Commerce Avenue,Madison,WI,53703,,active,16076.52,2026-11-21T16:00:00Z
A000562,Summit Equipment LLC 729,(555) 014-9004,,7668 River Road,Raleigh,NC,27601,,active,10372.78,2026-05-17T14:00:00Z
A000563,Pioneer Logistict Limited1047,,,9630 River Road,Madison,WI,53703,https://legacy-adb27022ee82.invalid,on_hold,14678.59,2025-09-26T01:00:00Z
A000564,Harbor Manufacturing LLC 754,,,8592 Main St,Richmond,VA,23219,,inactive,10701.03,2026-03-16T02:00:00Z
A000565,Westfield Dental Corporation,555-315-9914,accounts@westfielddentalcorporati142.hxample,4738 Industrial Road,Portland,ME,04101,,inactive,1866.09,2026-10-10T17:00:00Z
A000566,Evergreen Dental Ltd 1013,(551) 018-8439,accounts@evergreendentallimited101035.example,8367  Commerce Avenue,Columbus,OH,43215,https://legacy-7cec9725677b.invalid,inactive,14170.80,2025-05-03T22:00:00Z
A000567,Cedar Manufacturing Ltd 1052,,,9813 Oak Ave,Austin,TX,78701,https://www.cedarmanufacturinglimite1074.example/directory,inactive,14717.67,2025-09-30T13:00:00Z
A000568,PioneerWholesale Limited,,accounts@pioneerwholesalelimited319.epample,1476 River Rd,Raleigh,NC,27601,,active,4323.24,2025-10-07T01:00:00Z
A000569,Blue Ridge Technology Ltd,,,889 Commerce Avenue,Raleigh,NC,27601,https://legacy-c6db4aa704d8.invalid,inactive,4109.57,2026-04-12T22:00:00Z
A000570,Summit Equipment Corporation,,accounts@shmmitequipmentcorporati551.example,258  Market Street,Raleigh,NC,27601,,active,7527.78,2026-10-09T05:00:00Z
A000571,Harbor Office Supply Incorporated,,accounts@harbarofficesupplyincorp86.example,2665 Main Street,Portland,ME,04101-0000,https://www.harborofficesupplyincorp86.example/directory,active,1154.92,2025-08-04T21:00:00Z
A000572,REDWOOD FOODS INCORPORATED,555-073-9475,,1704  Oak Avenue,Denver,CO,80202,,on_hold,741.43,2025-12-28T01:00:00Z
A000573,MAPLE OFFICE INCORPORATED 866,,ACCOUNTS@mapleofficesupplyincogpo888.example,2939 Oak Ave,Richmond,VA,23219,,inactive,12164.66,2026-03-06T19:00:00Z
A000574,Evergreen Wholesale LLC 793,,accounts@evergreenwholhsalellc793815.example,241 Market Street,Raleigh,NC,27601,https://legacy-94687615f478.invalid,active,11183.24,2025-04-24T03:00:00Z
A000575,Harbor Dental Inc 814,,,1011 Main Street,Denver,CO,80202-0000,,active,11497.01,2026-05-12T22:00:00Z
A000576,Evergreen Corporation 513,(155) 018-8742,,9469 River Road,Raleigh,NC,27601,https://www.evergreendentalcorporati535.example/directory,on_hold,7341.77,2025-10-10T14:00:00Z
A000577,Summit Dental LLC 719,,,7293 Commerce Avenue,Madison,WI,53703,,on_hold,10097.17,2026-03-31T22:00:00Z
A000578,Harbor Equipment Corp,,accounts@harborequipmeftcorporati146.example,4887 Main St,Austin,TX,78701,,active,1906.39,2026-07-15T01:00:00Z
A000579,Redwood Foods Limited,555-073-8873,accounts@redpoodfoodslimited260.example,9107 Main Street,Denver,CO,80202,https://legacy-7b9f3bb35112.invalid,active,3483.88,2026-07-07T15:00:00Z
A000580,HARBOR ANALYTICS LIMITED 1004,555-019-8930,,8042 Oak Ave,Austin,TX,78701,,on_hold,14064.38,2026-08-24T15:00:00Z
A000581,KEYSTONE TECHNOLOGY CORPORATION 585,,accounts@keystonegechnologycorpor607.example,2330 River Road,Raleigh,NC,27601,https://legacy-a75adc7342c3.invalid,on_hold,8304.23,2026-07-20T14:00:00Z
A000582,Harbor Packaging LLC 774,(555) 519-5012,accounts@harborpankagingllc774796.example,9330 Industrial Road,Denver,CO,80202,,on_hold,10894.25,2026-04-06T03:00:00Z
A000583,Harbor Packaging LLC 1174,555-019-5652,accounts@harborpackagingllc11741196.examqle,4538  Main Street,Denver,CO,80202,,active,16393.86,2026-05-02T15:00:00Z
A000584,HARBOR FOODS INCORPORATED,,accounts@harbcrfoodsincorporated56.example,1549 Main St,Richmond,VA,23219,https://www.harborfoodsincorporated56.example/directory,active,716.73,2025-06-03T16:00:00Z
A000585,SUMMIT WHOLESALE LLC 799,(555) 014-5278,,455 Market Street,Madison,WI,53703,,active,11247.57,2026-11-23T12:00:00Z
A000586,Pioneer Office Supply Limited 1067,(555) 013-3701,accounts@pioneerofficesupplylimit1089.example,579 Commerce,Albany,NY,12207,https://www.pioneerofficesupplylimit1089.example/directory,inactive,14966.10,2025-09-19T16:00:00Z
A000587,Maple Technology Ltd 686,(557) 011-1659,,6070 Oak Ave,Denver,CO,80202,,inactive,9700.53,2026-08-09T19:00:00Z
A000588,Westfield Manufacturing Incorporated 860,,,2714 Oak Avenue,Austin,TX,78701,,inactive,12083.10,2025-02-17T21:00:00Z
A000589,Redwood Logistics Limited 1048,(555) 013-6440,,9670 Main Street,Portland,ME,04101,,active,14675.14,2025-08-27T08:00:00Z
A000590,Keystone Analytics Limited 605,555-010-3645,,3085  Commerce Avenue,Columbus,OH,43215,,inactive,8539.47,2026-10-31T06:00:00Z
A000591,Summit Dental Corporation 919,,,4889 Market Street,Madison,WI,53703,https://legacy-c77c63b519ca.invalid,on_hold,12890.58,2026-06-23T22:00:00Z
A000592,Blue Ridge Analytics Incorporated,,accounts@blueridgeaqalyticsincorp23.example,330 Market St,Raleigh,NC,27601,,active,271.25,2026-10-18T18:00:00Z
A000593,Redwood Analytics LLC 1108,,,2086 Main Street,Austin,TX,78701,,on_hold,15518.82,2025-05-03T21:00:00Z
A000594,Maple Manufacturing Incorporated,555-021-7175,,2361 Oak Avenue,Portland,ME,04101,,inactive,977.72,2026-04-10T19:00:00Z
A000595,Keystone Equipment Incorporated 825,555-110-4618,,1410 River Road,Raleigh,NC,27601,https://www.keystoneequipmentincorpo847.example/directory,inactive,11627.48,2025-03-20T14:00:00Z
A000596,PIONEER MANUFACTURING INCORPORATED,555-012-6511,,2398 River Road,Raleigh,NC,27601,https://legacy-7d545f51e58a.invalid,inactive,1034.44,2025-06-27T14:00:00Z
A000597,SUMMIT WHOLESALE INCORPORATED 499,,accounts@summitwholesaleindorpora521.eqample,8951 Market Street,Albany,NY,12207,https://legacy-8a8cd9234c01.invalid,active,7102.16,2025-06-02T12:00:00Z
A000598,Summit Analytics LLC 709,,,6931 Market Street,Columbus,OH,43215,https://legacy-9d9484831e45.invalid,inactive,10100.41,2026-06-16T18:00:00Z
A000599,Cedar Manufacturing Incorporated 852,+1 555-017-0179,accounts@cedormanufacturingincorp874.example,2409 Industrial Road,Austin,TX,78701,https://legacy-a577afe57f52.invalid,active,11952.40,2025-01-10T17:00:00Z
A000600,Westfield Dental Limited,(555) 015-1730,,8433 Main Street,Austin,TX,78701,,active,3280.28,2026-02-23T21:00:00Z
A000601,Maple Wholesale Incorporated,,,3853 Industrial Rd,Portland,ME,04101,https://www.maplewholesaleincorporat118.example/directory,on_hold,1545.26,2026-10-08T05:00:00Z
A000602,Pioneer Wholesale LLC 797,(555) 012-7757,accounts@pioneerwholesalellc797819.example,392 Commerce,Columbus,OH,43215,https://legacy-a36bdc416750.invalid,inactive,11251.58,2026-01-18T04:00:00Z
A000603,Harbor Wholesale Incorporated 894,,,3964 Industrial Rd,Denver,CO,80202,,active,12605.53,2026-11-10T23:00:00Z
A000604,Evergreen Packaging LLC 773,,accounts@evergreenpackagingllc773795.examplg,9299 Commerce Ave,Columbus,OH,43215,https://evergreenpackagingllc773795.example,inactive,10883.96,2026-04-17T07:00:00Z
A000605,Cedar Technology Incorporated482,555-017-6513,,8335 Oak Avenue,Richmond,VA,23219,https://legacy-a66f4e92d102.invalid,inactive,6892.81,2026-11-28T20:00:00Z
A000606,Cedar Packaging Incorporated 472,,,7957 Main Street,Portland,ME,04101-0000,https://legacy-c500b8b77d6e.invalid,on_hold,6766.20,2026-04-05T07:00:00Z
A000607,Westfield Equipment Ltd,,accounts@westfieldequipmentlumite252.example,8802 Oak,Denver,CO,80202-0000,,inactive,3424.28,2026-11-21T21:00:00Z
A000608,Harbor Office Supply Limited,(555) 019-7651,,266 Industrial Rd,Portland,ME,04101,,active,3942.92,2026-04-26T17:00:00Z
A000609,Cedar Analytics Corp 902,,,4268 Oak Avenue,Denver,CO,80202,https://www.cedaranalyticscorporatio924.example/directory,inactive,12673.27,2026-08-14T19:00:00Z
A000610,PIONEER DENTAL LLC,,,2216 Commerce Avenue,Columbus,OH,43215,https://legacy-8092d3323971.invalid,active,4702.08,2026-11-13T02:00:00Z
A000611,Cedar Manufacturing Limited 652,+1 (555) 017-2374,accounts@cedarmanufacturinglimite674.exlmple,4823 Main St,Austin,TX,,,active,9216.56,2026-08-22T21:00:00Z
A000612,Evergreen Equipment LLC 723,,,7438 River Road,Albany,NY,12207-0000,,on_hold,10174.74,2026-02-12T04:00:00Z
A000613,Keystone Packaging LLC 775,,,9360  Market Street,Madison,WI,53703,,on_hold,10951.81,2025-10-04T12:00:00Z
A000614,Maple Analytics Corporation 506,,accounts@mapleanalyticscorporatlo528.example,9217 Oak Avenue,Richmond,VA,23219,,inactive,7203.46,2026-02-11T05:00:00Z
A000615,Westfield Logistics Incorporated 850,+1 (555) 015-4412,accounts@weptfieldlogisticsincorp872.example,2339 Main Street,Richmond,VA,23219,https://legacy-84dd802322f1.invalid,active,11964.49,2025-06-05T15:00:00Z
A000616,Redwood Xholesale Incorporated 898,,accounts@redwoodwhelesaleincorpor920.example,4121 Main Street,Richmond,VA,23219,,on_hold,12671.50,2025-06-26T15:00:00Z
A000617,Pioneer Whplesale Inc 897,,accounts@pioneerwholesaleincorpoa919.example,4084 River,Raleigh,NC,27601,https://legacy-9357f29f605e.invalid,on_hold,12581.51,2026-02-10T17:00:00Z
A000618,Evergreen Equipment LLC 1123,(525) 018-6492,accounts@mvergreenequipmentllc1121145.example,2639 Market Street,Albany,NY,,,active,15694.92,2025-04-14T12:00:00Z
A000619,Pioneer Packaging Corp,(552) 012-2587,,6834 River Road,Raleigh,NC,27601,https://legacy-849d0609c23d.invalid,inactive,2738.32,2026-11-25T14:00:00Z
A000620,Summit Office Supply Inc,(555) 054-2344,,2839  River Road,Columbus,OH,43215,,on_hold,1218.85,2026-11-15T00:00:00Z
A000621,Harbor Incorporated 484,(555) 019-4310,,8399  Main Street,Austin,TX,,https://legacy-c306801f01c6.invalid,inactive,6999.19,2025-04-13T03:00:00Z
A000622,Westfield Logistics Incorporated,+1 555-015-5440,accounts@westfieldlogisticsincorp72.exapple,2136 Oak Avenue,Richmond,VA,23219,https://www.westfieldlogisticsincorp72.example/directory,inactive,924.93,2025-07-27T19:00:00Z
A000623,Harbor Dental LLC,555-019-7532,accounts@harbordentalllc336.example,2118 Oak Avenue,Richmond,VA,23219,https://www.harbordentalllc336.example/directory,inactive,4603.37,2025-09-21T02:00:00Z
A000624,Summit Packaging LLC 1179,,accounts@summitpackagingllc11791201.xxample,4723 River Road,Albany,NY,12207,https://legacy-cff4754128fe.invalid,on_hold,16510.34,2025-06-22T20:00:00Z
A000625,Redwood Foods Incorporated 438,555-013-8527,,6704 Industrial Road,Denver,CO,80202-0000,,on_hold,6258.11,2026-07-21T10:00:00Z
A000626,Summit Manufacturing LLC 1159,,accounts@summitmanufacturicgllc111181.example,3989 Market Street,Madison,WI,53703,,active,16253.13,2025-02-28T12:00:00Z
A000627,Evergreen Office Supply Incorporated 463,,accounts@evergreenofficesupplyifc485.example,7624 Market Street,Madison,WI,53703-0000,,active,6584.00,2025-07-07T12:00:00Z
A000628,EVERGREEN MANUFACTURING LIMITED,(555) 018-1474,,9647 Market Street,Columbus,OH,43215,https://legacy-a62a897561c8.invalid,inactive,3762.94,2025-09-13T06:00:00Z
A000629,Maple Foods Ltd 1036,(555) 011-1122,accounts@maalefoodslimited10361058.example,9227  Main Street,Austin,TX,78701,,on_hold,14489.04,2026-03-19T05:00:00Z
A000630,Westfield Wholesale Incorporated,555-015-4968,accounts@westfieldwholesaleincorp122.examcle,3991 Main St,Austin,TX,78701,,active,1638.58,2026-02-10T22:00:00Z
A000631,Evergreen Analytics Ltd,+1 (555) 018-1520,ACCOUNTS@evergreenanaiyticslimite225.example,7804 Commerce Avenue,Albany,NY,12207,https://legacy-af44d3e40a10.invalid,active,3128.25,2026-04-14T18:00:00Z
A000632,Blue Ridge Analytics Limited 1001,558-016-3266,,7937 Commerce Avenue,Raleigh,NC,27601,https://legacy-7576790f0b51.invalid,inactive,14057.40,2026-06-08T23:00:00Z
A000633,Harbor Equipment LLC,555-013-5846,,2479 Industrial Road,Austin,TX,78701,,on_hold,4721.91,2026-07-21T23:00:00Z
A000634,Sumnit Office Supply Incorporated 869,+1 555-014-1673,accounts@summitofficesupclyincorp891.example,3039 Commerce Avenue,Columbus,OH,43215,https://legacy-d2d9079f3fcc.invalid,on_hold,12277.36,2026-08-29T22:00:00Z
A000635,Redwood Equipment Incorporated 828,555-013-1211,,1531 Industrial Rd,Austin,TX,78701,,on_hold,11613.27,2026-04-26T17:00:00Z
A000636,Maple Packaging Limited 676,555-011-3084,accounts@maplepachaginglinited676698.example,5711 Main Street,Austin,TX,78701,https://www.maplepackaginglimited676698.example/directory,active,9547.59,2025-03-16T21:00:00Z
A000637,Green Valley Food Services Limited,(555) 015-5089,ACCOUNTS@ureenvalleyfoodservicesl22.example,291 Industrial Road,Portland,ME,04101,,active,322.49,2026-05-31T05:00:00Z
A000638,Cedar Dental Incorporated 812,555-014-8897,ACCOUNTS@cedardentxlincorporated8834.example,932 Oak Avenue,Austin,TX,78701,https://legacy-b2ba5347333d.invalid,inactive,11407.12,2026-01-09T20:00:00Z
A000639,Pioneer Technology Limited 687,(555) 012-9198,accounts@pioneertechnologylimiteg709.example,6116 River Road,Madison,WI,53703,,active,9798.25,2025-10-16T23:00:00Z
A000640,Cedar Foods LLC 1132,,,2976 Main Street,Austin,TX,78701,,active,15832.29,2026-04-19T21:00:00Z
A000641,Harbor Office Supply Ltd 1064,+1 (555) 019-6687,,453 Oak Avenue,Portland,ME,04101,https://harborofficesupplylimite1086.example,on_hold,14916.40,2025-09-06T13:00:00Z
A000642,Harbor Office Supply LLC 1164,,ACCOUNTS@harborofficesupplyllc1161186.example,4155 Industrial Road,Austin,TX,78701,https://legacy-bb098800a36c.invalid,on_hold,16307.99,2025-10-23T18:00:00Z
A000643,SUMMIT EQUIPMENT INCORPORATED,,accounts@summitequipmentincorpora51.example,1364 Commerce Avenue,Columbus,OH,43215,https://legacy-aca55e75daeb.invalid,on_hold,735.07,2026-03-09T03:00:00Z
A000644,Maple Analytics Corporation,(557) 011-7188,accounts@mapleanalyeicscorporatio128.example,4213 Main Street,Richmond,VA,23219,https://mapleanalyticscorporatio128.example,active,1729.10,2025-03-22T19:00:00Z
A000645,Keystone Office Supply Limited,+1 555-010-6931,accounts@keystoneofficssupplylimi287.example,294 Market Street,Raleigh,NC,27601,https://legacy-7c6f5d8754c4.invalid,active,3908.05,2025-05-22T23:00:00Z
A000646,Cedar Equipment LLC 1122,555-017-7280,,2612 Industrial Road,Richmond,VA,23219,https://legacy-ced5b5d8cd45.invalid,on_hold,15672.12,2025-10-03T23:00:00Z
A000647,Offjce Sup Limited,555-017-1582,accounts@cedaroffipesupplylimited284.example,180 Main Street,Denver,CO,80202,https://legacy-b82de9daa96d.invalid,active,3807.74,2025-09-25T15:00:00Z
A000648,Harbor Manufacturing Corporation 554,552-019-8838,accounts@harbormanwfacturingcorpo576.example,1196 Oak,Richmond,VA,23219,https://harbormanufacturingcorpo576.example,inactive,7898.11,2025-03-30T19:00:00Z
A000649,Cedar Dental LLC,,,2040 Industrial Rd,Portland,ME,04101,https://legacy-b92a94599a91.invalid,active,4514.35,2025-03-28T17:00:00Z
A000650,Keystone Wholesale LLC,,accounts@keystonewzolesalellc417.example,5107 Commerce Avenue,Albany,NY,,https://legacy-d00c2f3c01ad.invalid,inactive,5705.12,2026-09-09T16:00:00Z
A000651,HARBOR OFFICE SUPPLY CORPORATION,555-019-7880,,6364 Oak Avenue,Austin,TX,78701,https://legacy-ceacea9a2a5e.invalid,inactive,2460.36,2025-10-29T13:00:00Z
A000652,Harbor Dental Incorporated 414,(555) 019-7286,,5810  Industrial Rd,Denver,CO,80202,,on_hold,5957.51,2025-11-14T23:00:00Z
A000653,Harbor Logistics Ltd 644,(555) 019-2248,,4517 Oak Avenue,Austin,TX,78701,https://harborlogisticslimited64666.example,inactive,9115.91,2026-09-15T01:00:00Z
A000654,Summit Technology Limited 1089,355-014-7872,,1385 River Rd,Raleigh,NC,27601,,on_hold,15237.47,2026-11-17T14:00:00Z
A000655,Evergreen Office Supply Corp,+1 (555) 018-9029,,6328  Market Street,Albany,NY,12207,https://legacy-9aebcc5c8e17.invalid,inactive,2478.26,2025-08-05T12:00:00Z
A000656,Pioneer Office Sup LLC 767,+1 (555) 012-3680,,9065 Commerce Ave,Madison,WI,53703,,inactive,10789.01,2026-08-06T16:00:00Z
A000657,Redwood Manufacturing Incorporated 858,(555) 013-9788,,2643 Industrial Road,Richmond,VA,23219-0000,https://www.redwoodmanufacturinginco880.example/directory,on_hold,12062.51,2025-02-15T23:00:00Z
A000658,SUMMIT FOODS LLC 739,,,8043 Market Street,Albany,NY,12207,https://legacy-7b4ceb84ce77.invalid,inactive,10365.29,2025-06-18T12:00:00Z
A000659,CEDAR LLC 792,,accounts@cedarwholehalellc792814.example,201 Industrial Road,Portland,ME,04101,,active,11178.22,2026-02-25T17:00:00Z
A000660,Harbor Wholesale Incorporated,,accounts@harborwholesapeincorpora116.example,3775 Main Street,Denver,CO,80202,https://legacy-8f23501be7bb.invalid,active,1512.06,2025-06-14T15:00:00Z
A000661,MAPLELLC 1156,(555) 011-1747,,3869 Main Street,Austin,TX,78701,https://www.maplemanufacturingllc1151178.example/directory,active,16135.89,2025-07-08T21:00:00Z
A000662,Maple Logistics Incorporated 846,(555) 611-8992,accounts@maplelogisticsincorporat868.example,2188 Industrial Road,Denver,CO,80202,,on_hold,11866.50,2025-02-20T01:00:00Z
A000663,REDWOOD ANALYTICS LIMITED 1008,(555) 013-6047,ACCOUNTS@redwoodanalytqcslimited11030.example,8194  Industrial Road,Portland,ME,04101,,on_hold,14142.91,2026-11-29T02:00:00Z
A000664,Evergreen Technology Corporation 983,,,7271 Commerce Ave,Madison,WI,53703,https://legacy-73c478fddbe0.invalid,inactive,13761.30,2025-02-01T16:00:00Z
A000665,Westfield Packaging Ltd 1080,555-013-7551,,1059 Industrial Rd,Portland,ME,04101,https://legacy-c495638f6441.invalid,on_hold,15096.17,2026-08-09T17:00:00Z
A000666,Evergreen Wholesale Corp 993,,accounts@evergreenwholesalecorpor1015.example,7639 River Road,Raleigh,NC,27601,,on_hold,13912.18,2026-09-20T00:00:00Z
A000667,PIONEER MANUFACTURING LLC 757,,,8697 Market Street,Columbus,OH,43215,https://pioneermanufacturingllc7779.example,active,10657.67,2026-08-10T03:00:00Z
A000668,Pioneer Office Supply LLC,(555) 012-4698,ACCOUNTS@pioneerofficfsupplyllc389.example,4078 Market Street,Madison,WI,53703,https://legacy-8ba61f944ad1.invalid,inactive,5283.73,2025-07-13T12:00:00Z
A000669,Redwood Wholesale Jncorporated 498,,,8920  Industrial Rd,Richmond,VA,23219,,on_hold,7091.55,2025-07-30T00:00:00Z
A000670,Keystone Dental LLC 715,,accounts@keyvtonedentalllc715737.example,7148 Market Street,Albany,NY,12207,https://www.keystonedentalllc715737.example/directory,active,10126.72,2026-11-08T00:00:00Z
A000671,Harbor Analytics Incorporated 404,555-219-9104,,5444 Oak Ave,Austin,TX,78701,https://harboranalyticsincorpora426.example,inactive,5769.77,2026-08-25T13:00:00Z
A000672,Pioneer Logistics LLC,,accounts@pioneerlogisticsllc369.txample,3337 Commerce,Albany,NY,12207,https://legacy-a37d3513d26b.invalid,on_hold,5006.75,2025-06-10T03:00:00Z
A000673,Evergreen Incorporated 873,,accounts@evergreecpackagingincorp895.example,3187 River Road,Raleigh,NC,27601,,inactive,12213.51,2025-06-13T20:00:00Z
A000674,Keystone Logistics Corporation 945,555-018-9531,,5860 River Road,Raleigh,NC,27601,https://legacy-b40dd830691e.invalid,on_hold,13292.19,2025-01-23T14:00:00Z
A000675,Blue Ridge Tedhnology LLC,(555) 017-7267,ACCOUNTS@blueridgetechnclogyllc403.example,4589 River Road,Columbus,OH,43215,https://www.blueridgetechnologyllc403.example/directory,on_hold,5524.19,2026-10-01T19:00:00Z
A000676,Summit Dental Corporation,,,4701 Commerce Avenue,Madison,WI,53703,https://legacy-c1df2bcae22c.invalid,inactive,1876.56,2025-03-09T16:00:00Z
A000677,MAPLE WHOLESALE CORPORATION 596,,accounts@maplewholesalecorporatio618.exampue,2749 Oak Avenue,Austin,TX,78701,,inactive,8481.76,2025-04-22T13:00:00Z
A000678,Harbor Logistics Limited,(557) 019-2715,accounts@harborlogisticslimited266.example,9323 Main St,Austin,TX,78701,,inactive,3634.38,2025-03-22T03:00:00Z
A000679,Maple Equipment Corporation 526,(555) 011-3207,,151  Main Street,Denver,CO,80202,https://legacy-7cb6481799e8.invalid,active,7480.74,2026-06-29T03:00:00Z
A000680,Keystone Equipment Corporation 525,,ACCOUNTS@keystoneequipmentcorpora547.example,110 River Road,Columbus,OH,43215,,active,7514.47,2025-01-17T14:00:00Z
A000681,Maple Technology Corporation,,,7177 Industrial,Richmond,VA,23220,,on_hold,2825.97,2025-04-26T23:00:00Z
A000682,Redwood Technology Limited 688,,,6150 Main Street,Portland,ME,04101,https://redwoodtechnologylimited710.example,active,9707.75,2025-10-12T21:00:00Z
A000683,Pioneer Logistics Limited 647,,accounts@piozeerlogisticslimited6669.example,4628 Commerce Ave,Madison,WI,53703-0000,https://legacy-792925b245dc.invalid,inactive,9130.72,2025-08-23T22:00:00Z
A000684,Maple Dental Corporation 916,,accounts@mapledentalcmrporation91938.example,4777 Main,Austin,TX,78701,https://legacy-b20ec377c937.invalid,active,12891.04,2025-03-15T01:00:00Z
A000685,SUMMIT MANUFACTURING INCORPORATED 459,+1 555-014-3794,accounts@sufmitmanufacturingincor481.example,7472 River Road,Albany,NY,12207,,on_hold,6566.64,2025-06-13T22:00:00Z
A000686,Keystone Equipment Incorporated 425,+1 (555) 011-2726,,6210  Commerce Avenue,Raleigh,NC,27601,,inactive,6133.31,2025-02-19T02:00:00Z
A000687,Cedar Dental LLC 712,,accounts@cedardentalllc712734.example,7032 Main St,Portland,ME,04101,https://legacy-bb23eacefb9e.invalid,active,10080.18,2026-10-13T21:00:00Z
A000688,MAPME OFFICE SUPPLY LLC 1166,555-011-4429,,4228 Oak Avenue,Denver,CO,80202,https://legacy-b6c505420ed1.invalid,inactive,16307.15,2025-07-26T05:00:00Z
A000689,Keystone Equipment Limited,,ACCOUNTS@keystoneequipmenwlimited247.example,8619 River Road,Raleigh,NC,27601,,on_hold,3349.98,2026-03-23T23:00:00Z
A000690,Maple Analytics LLC,,,1811  Industrial Road,Richmond,VA,23219,https://legacy-ccf39105f459.invalid,inactive,4516.88,2025-12-13T23:00:00Z
A000691,Cedar Foods Limited 632,555-017-5425,,4077 Oak Avenue,Portland,ME,04101-0000,,inactive,8920.87,2026-11-13T21:00:00Z
A000692,Redwood Packaging Limited 678,,,5778  Industrial Road,Denver,CO,80202,,active,9608.58,2025-11-10T23:00:00Z
A000693,Redwood Foods LLC 1138,,,3205  Main Street,Richmond,VA,23219,https://www.redwoodfoodsllc11381160.example/directory,on_hold,15973.06,2026-06-20T15:00:00Z
A000694,EVERGREEN EQUIPMENT LIMITED,(555) 018-8280,accounts@evergreenequipmentlimite245.euample,8540 Market Street,Madison,WI,53703,,active,3301.04,2026-10-15T12:00:00Z
A000695,Blue Ridge Wholesale LLC 1191,(557) 016-5077,accounts@blueridgewhohesalellc1191213.example,5156 River Rd,Madison,WI,53703,https://legacy-a6bcfca6453a.invalid,on_hold,16672.01,2026-10-02T08:00:00Z
A000696,Evergreen Office Supply Limited 1063,,,420 Market Street,Madison,WI,53703,,active,14866.85,2026-05-29T12:00:00Z
A000697,Keystone Logistics Limited 645,,,4565 River Road,Columbus,OH,,https://legacy-854f5619b70a.invalid,on_hold,9119.86,2026-10-05T17:00:00Z
A000698,WESTFIELD MANUFACTURING LLC,,accounts@weslfieldmanufacturingll382.example,3810 Industrial,Portland,ME,04101,https://www.westfieldmanufacturingll382.example/directory,on_hold,5230.23,2025-12-18T17:00:00Z
A000699,Westfield Dental Limited 620,575-015-9395,accounts@westfielddentallimited62642.uxample,3632 Oak Ave,Austin,TX,78701,https://legacy-c636a3ccd795.invalid,inactive,8811.09,2025-06-17T13:00:00Z
A000700,Blue Ridge Dental Inc 811,255-016-1837,,901 Market Street,Albany,NY,12207,,active,11445.23,2026-10-19T12:00:00Z
A000701,Maple Technology Inc,+1 555-611-1655,,3467  Oak Avenue,Denver,CO,80202-0000,https://legacy-8dc3f0c3b55a.invalid,inactive,1431.26,2026-08-10T19:00:00Z
A000702,Redwood Packaging LLC 778,,accounts@redwoodpackagingclc778800.example,9479 Main Street,Richmond,VA,23219,,active,10928.94,2026-09-22T15:00:00Z
A000703,Westfield Office Tupply LLC 1170,,,4390 Industrial Road,Richmond,VA,23219,https://legacy-8dc06f12e7eb.invalid,on_hold,16401.65,2025-06-02T23:00:00Z
A000704,HASBOR TECHNOLOGY LLC 1184,555-019-3673,accounts@harbortechnomogyllc11841206.example,4899 Oak Avenue,Portland,ME,04101,https://legacy-c67b8724b99f.invalid,on_hold,16611.52,2025-07-03T18:00:00Z
A000705,Evergreen Technology Corporation,,,7057 River Road,Madison,WI,53703,,on_hold,2757.66,2026-02-13T05:00:00Z
A000706,Pioneer Analytics Limited,(555) 712-6327,,7960 River Road,Madison,WI,53703,,on_hold,3096.94,2026-02-27T22:00:00Z
A000707,Redwood Packaging Incorporated 478,555-013-1275,accounts@redwoodpackagingincorpor500.example,8174  Main St,Denver,CO,80202-0000,https://legacy-979c29928573.invalid,active,6862.49,2026-08-31T15:00:00Z
A000708,Westfield Technology Limited,555-015-6697,accounts@westfieldtechnologylimit312.example,1233 Oak Avenue,Richmond,VA,23219,https://legacy-8b0dbd8c3741.invalid,active,4279.25,2026-06-18T05:00:00Z
A000709,PIONEER EQUIPMENT CORPORATION 527,,accounts@pioneerequipmentcorporad549.example,189  Commerce Avenue,Madison,WI,53703,,on_hold,7593.28,2025-10-24T16:00:00Z
A000710,Blue Ridge Technology Inc,,accounts@blueridgetecvnologyincor103.example,3295 River Road,Raleigh,NC,27601,https://legacy-ceb1b62d13c4.invalid,on_hold,1375.78,2025-09-12T15:00:00Z
A000711,MAPLE OFFICE SUPPLY CORPORATION,558-011-5176,,6436 Main Street,Denver,CO,80202,https://legacy-783492acc3c1.invalid,active,2533.60,2026-11-30T15:00:00Z
A000712,Summit Corporation 509,553-014-3801,accounts@summitanalyticscorporati531.example,9326 Commerce Ave,Columbus,OH,43215,,inactive,7274.68,2026-09-03T22:00:00Z
A000713,Ceear Foods Incorporated 832,,,1676 Main Street,Portland,ME,04101,https://legacy-9c798983c28b.invalid,active,11730.95,2026-02-07T21:00:00Z
A000714,Harbor Office Sup LLC,,,3958 Main Street,Austin,TX,78701,https://legacy-9d43f4e2e633.invalid,active,5285.05,2025-05-04T21:00:00Z
A000715,PIONEER EQUIPMENT INCORPORATED 427,555-012-2300,,6299 Market Street,Albany,NY,12207,https://legacy-cde2af2d0710.invalid,active,6148.72,2025-03-16T14:00:00Z
A000716,Cedar Dental Incorporated 412,,,5741 Main Street,Austin,TX,78701,,inactive,5861.54,2026-06-28T07:00:00Z
A000717,Blue Ridge Analytics LLC 1101,,ACCOUNTS@blueridgeanalyticmllc1101123.example,1829 River,Columbus,OH,43215,https://www.blueridgeanalyticsllc1101123.example/directory,on_hold,15437.34,2026-07-16T00:00:00Z
A000718,Blue Ridge Office Supply Corporation 561,(555) 016-1913,accounts@bluerifgeofficesupplycor583.example,1444 River Rd,Raleigh,NC,27601,https://legacy-9f456838a77e.invalid,on_hold,8002.61,2025-03-15T00:00:00Z
A000719,Maple Equipment LLC 1126,,accounts@mapleequipmentllc11261148.example,2754 Main Street,Denver,CO,80202,https://legacy-b670d0cb6c72.invalid,on_hold,15764.76,2026-04-10T15:00:00Z
A000720,Summit Equipment Limited 1029,555-014-8487,,8973 River Road,Columbus,OH,43215-0000,https://www.summitequipmentlimited101051.example/directory,on_hold,14385.32,2026-10-02T20:00:00Z
A000721,KEYSTONE DENTAL INCORPORATED,(555) 014-6650,,852 River Road,Madison,WI,53703,https://legacy-b465c73302c5.invalid,on_hold,453.14,2025-05-24T23:00:00Z
A000722,Northstar Medical Supply Incorporated,,,137  Oak Ave,Austin,TX,78701,https://www.northstarmedicalsupplyin18.example/directory,inactive,158.54,2025-01-09T16:00:00Z
A000723,Westfield Technology Limited 1090,,ACCOUNTS@westfieldtechnologylimit1112.example,1430 Main Street,Richmond,VA,23219,https://legacy-a98baa825289.invalid,active,15278.23,2025-03-05T15:00:00Z
A000724,Maple Logistics LLC,,accounts@maplelogiyticsllc368.example,3294 Main Street,Richmond,VA,23219,,active,4967.74,2026-02-01T15:00:00Z
A000725,Redwood Manufacturing Limited 658,,,5040 Main St,Richmond,VA,23219,https://legacy-c114eca109f5.invalid,active,9306.47,2025-11-21T22:00:00Z
A000726,Cedar Foods Ltd,+2 555-017-6517,accounts@cedarfoodsliaited254.example,8883 Main Street,Portland,ME,04101,https://legacy-ab4443f122df.invalid,on_hold,3471.01,2025-10-06T21:00:00Z
A000727,Harbor Packaging Ltd 1074,+1 (555) 069-4967,accounts@harborpackaginglimited101096.examplb,835 Industrial Road,Richmond,VA,23219-0000,https://legacy-b370db3a86a4.invalid,on_hold,15030.04,2025-05-08T23:00:00Z
A000728,Pioneer Office Supply Corporation,,accounts@pioneerofficesupplycorpo189.exampwe,6476 Commerce Ave,Madison,WI,53703,,inactive,2499.02,2026-03-18T21:00:00Z
A000729,Redwood Logistics Corporation 548,(555) 013-6425,,964 Oak Avenue,Austin,TX,78701,https://legacy-7adf29b8bc94.invalid,inactive,7792.57,2025-12-04T13:00:00Z
A000730,Redwood Dental Limited,555-083-3688,accounts@redwoogdentallimited240.example,8359 Oak Avenue,Richmond,VA,23219,https://legacy-a5723aceeae6.invalid,inactive,3273.97,2026-03-10T21:00:00Z
A000731,Pioneer Technology Inc 887,,accounts@pioneertechnologyincorpo909.exomple,3707 Commerce Avenue,Madison,WI,53703,https://legacy-77222a4d0652.invalid,active,12514.36,2026-01-16T16:00:00Z
A000732,Keystone Technology Limited,,accounts@kuystonetechnologylimite307.example,1040  River Road,Columbus,OH,43215-0000,https://legacy-abaa3a66ea89.invalid,on_hold,4188.23,2026-04-11T01:00:00Z
A000733,HARBOR EQUIPMENT LLC 1124,,,2679 Oak Ave,Austin,TX,78701,https://www.harborequipmentllc11241146.example/directory,inactive,15727.73,2026-06-20T00:00:00Z
A000734,Evergreen Foods Limited 633,535-018-4424,,4116 River Road,Raleigh,NC,,,inactive,8988.41,2026-04-15T16:00:00Z
A000735,EVERGREEN PACKAGING INCORPORATED,(655) 018-7671,accounts@evergreenaackagingincorp95.example,2986  Market St,Raleigh,NC,27601,,active,1215.80,2026-09-03T01:00:00Z
A000736,Maple Manufacturing Inc 456,,ACCOUNTS@maplemanufacturingincorp478.example,7357 Industrial Road,Portland,ME,04101-0000,,on_hold,6482.54,2026-07-18T17:00:00Z
A000737,Cedar Packaging Ltd 672,555-517-7772,accounts@cedarpackaginglihited672694.example,5563 Industrial Rd,Portland,ME,04101-0000,https://www.cedarpackaginglimited672694.example/directory,on_hold,9508.71,2026-06-12T17:00:00Z
A000738,EVERGREEN FOODS INCORPORATED,,accounts@evergreenfoodtincorporat55.rxample,1506  River Road,Raleigh,NC,27601,,on_hold,680.23,2025-10-18T01:00:00Z
A000739,PioneerManufacturing Inc 857,,accounts@pioneermanufacturinginco879.example,2606  Commerce Avenue,Raleigh,NC,27601,,inactive,12065.37,2026-01-12T22:00:00Z
A000740,Keystone Packaging Corp 975,,accounts@keystonepackagingcorpora997.example,6969 River Road,Madison,WI,,https://legacy-835a26cac535.invalid,on_hold,13667.37,2025-10-18T22:00:00Z
A000741,KEYSTONE FOODS INCORPORATED,(555) 010-3547,accounts@keystonefoodsincohporate57.example,1590 Commerce,Albany,NY,12207,,on_hold,772.86,2025-01-21T16:00:00Z
A000742,Blue Ridge Office Supply LLC,,ACCOUNTS@blueridgeofficesuptlyllc383.example,3853 Market Street,Raleigh,NC,27601,https://www.blueridgeofficesupplyllc383.example/directory,active,5223.18,2026-04-12T04:00:00Z
A000743,HarborDental Inc,555-019-8446,accounts@harbordentalincorporated36.example,809 Oak Avenue,Denver,CO,80202,https://legacy-9cac6661b490.invalid,inactive,436.25,2026-05-26T19:00:00Z
A000744,Blue Ridge Dental Corporation 511,,,9397 Market St,Madison,WI,53703,,inactive,7230.47,2026-06-02T16:00:00Z
A000745,Summit Equipment Limited,(505) 014-9614,accounts@summitequinmentlimited251.example,8766 Market St,Columbus,OH,43215,,on_hold,3401.52,2025-01-17T18:00:00Z
A000746,Pioneer Equipment Incorposated 827,(755) 012-2449,,1489 Commerce Avenue,Albany,NY,12207,,active,11620.27,2025-05-25T04:00:00Z
A000747,Cedar Equipment Limited 622,,ACCOUNTS@cedarequipmentlimited622644.oxample,3713 Main Street,Denver,CO,80202,,active,8804.82,2026-03-10T15:00:00Z
A000748,Redwood Foods Corporation,555-013-9108,,5407 Industrial Rd,Richmond,VA,23219-0000,https://legacy-b5fd9276f923.invalid,on_hold,2167.65,2026-05-25T04:00:00Z
A000749,Evergreen Dental Inc,,accounts@evergreendentalincorpzra35.example,775 Market St,Columbus,OH,43215,,active,408.14,2026-09-12T18:00:00Z
A000750,WESTFIELD PACKAGING LLC 780,(555) 015-7716,,9547 Industrial Road,Austin,TX,78701,https://www.westfieldpackagingllc780802.example/directory,on_hold,10966.47,2026-10-02T17:00:00Z
A000751,Maple Office Supply LLC 766,555-018-4837,,9030 Main Street,Denver,CO,80202,https://www.mapleofficesupplyllc766788.example/directory,active,10778.29,2025-10-10T23:00:00Z
A000752,Harbor Manufacturing Limited,355-019-9502,accounts@harbormanufacpuringlimit276.example,9706 Oak Ave,Denver,CO,80202,https://legacy-bf56bbd178db.invalid,inactive,3707.78,2026-02-13T19:00:00Z
A000753,Evergreen Technology LLC,555-018-5559,accounts@evergreentechnologyllc405.example,4670 Commerce,Madison,WI,53703,https://evergreentechnologyllc405.example,inactive,5506.75,2025-03-21T03:00:00Z
A000754,Redwood Logistics Incorporated 448,,accounts@redwoodlogisticcincorpor470.example,7075 Main Street,Portland,ME,04101,https://legacy-c6264a83f8bb.invalid,active,6421.67,2025-05-06T23:00:00Z
A000755,Blue Ridge Logistics LLC,(555) 011-5036,ACCOUNTS@bluerjdgelogisticsllc363.example,3117 Commerce Avenue,Columbus,OH,43215,,inactive,4975.71,2025-02-01T02:00:00Z
A000756,REDWOOD LOGISTICS INCORPORATED 848,,,2267 Oak Ave,Portland,ME,04101-0000,,inactive,11920.75,2025-09-08T16:00:00Z
A000757,Evergreen Office Supply LLC 1163,,,4121 Commerce Avenue,Albany,NY,12207,https://legacy-8e62ccd48e67.invalid,inactive,16234.87,2025-02-20T02:00:00Z
A000758,Westfield Manufacturing Corporation 960,556-015-1837,,6419  Industrial Road,Portland,ME,04101,https://www.westfieldmanufacturingco982.example/directory,inactive,13508.97,2025-01-30T17:00:00Z
A000759,Keystone Manufacturing Corporation,555-010-8527,,6026 Commerce Avenue,Albany,NY,12207,https://legacy-975ff406f74c.invalid,active,2403.02,2026-05-17T16:00:00Z
A000760,Redwood Analytics Corporation 508,,,9294 Main St,Austin,TX,78701,https://legacy-d37c8f0613c1.invalid,active,7238.21,2026-05-15T21:00:00Z
A000761,Maple Analytics Ltd 1006,,accounts@mapleanalyticslimited1001028.exampee,8119 Main St,Denver,CO,80202,https://legacy-8fffbe195570.invalid,active,14075.65,2026-04-16T00:00:00Z
A000762,Packaging LLC,555-018-6563,,4299 Market St,Columbus,OH,43215,,active,5412.69,2025-09-13T18:00:00Z
A000763,Redwood Technology LLC 1188,(555) 013-7910,,5051  Industrial Road,Austin,TX,78701,https://www.redwoodtechnologyllc11881210.example/directory,on_hold,16650.98,2026-05-09T17:00:00Z
A000764,Summit Manufacturing LLC,,,3771 Commerce Ave,Madison,WI,53703,https://legacy-a072c2faac4e.invalid,inactive,5153.48,2026-11-21T01:00:00Z
A000765,Redwood Foods Limited 638,+1 (055) 013-8829,accounts@redwoodfoodslimited638660.exampme,4295 Oak Avenue,Denver,CO,80202,,inactive,8999.35,2026-07-25T06:00:00Z
A000766,Keystone Manufacturing Corporation 955,,accounts@keystohemanufacturingcor977.example,6224 Market Street,Albany,NY,12207,https://legacy-ab5bf733954c.invalid,active,13365.10,2026-09-05T20:00:00Z
A000767,Keystone Manufacturing Limited 655,355-010-8314,accounts@kevstonemanufacturinglim677.example,4932  Market Street,Madison,WI,53703,https://keystonemanufacturinglim677.example,active,9239.60,2026-05-04T00:00:00Z
A000768,Blue Ridge Dental LLC,,,2003 Commerce Ave,Madison,WI,53703,https://www.blueridgedentalllc333.example/directory,inactive,4533.35,2026-03-06T16:00:00Z
A000769,Evergreen Packaging Corporation 573,,,1902 River Road,Columbus,OH,43215,,on_hold,8170.71,2026-03-30T14:00:00Z
A000770,Summit Packaging LLC 779,555-014-8752,ACCOUNTS@summitpadkagingllc779801.example,9511 Commerce Avenue,Albany,NY,12207,,inactive,10937.54,2025-05-13T16:00:00Z
A000771,Westfield Equipment Ltd 630,555-015-7670,accounts@westfieldequipmentlrmite652.example,4002 Industrial Road,Denver,CO,80202,,on_hold,8944.81,2025-11-19T06:00:00Z
A000772,Blue Ridge Dental Incorporated 411,555-016-1485,accounts@blueridgvdentalincorpora433.example,5708 River Road,Albany,NY,12207,https://legacy-9cf67fe1c3e2.invalid,on_hold,5901.59,2025-06-23T07:00:00Z
A000773,Pioneer Equipment Corporation 527,,,189 Commerce Avenue,Madison,WI,,,inactive,7530.28,2025-12-05T04:00:00Z
A000774,Blue Ridge Analytics Incorporated 801,,accounts@blueridgeanalyticsincorp823.examphe,536 River Road,Raleigh,NC,27601,,inactive,11333.88,2025-02-26T21:00:00Z
A000775,Westfield Manufacturing Incorporated 460,,,7518 Main Street,Austin,TX,78701,,active,6596.01,2026-06-06T21:00:00Z
A000776,Summit Logistics Incorporated 849,555-014-5605,accounts@summitlohisticsincorporh871.example,2312 River Rd,Raleigh,NC,27601,https://legacy-cb85f5e7b5fe.invalid,on_hold,11980.67,2026-06-23T14:00:00Z
A000777,Cedar Office Supply Limited 662,,accounts@cedarofficesupplylimitep684.example,5180 Oak Ave,Denver,CO,80202,https://legacy-982c2ff22b82.invalid,inactive,9337.59,2025-04-07T19:00:00Z
A000778,Harbor Analytics LLC,559-019-9642,,1749 Main Street,Portland,ME,04101,https://www.harboranalyticsllc326.example/directory,active,4442.86,2026-03-25T21:00:00Z
A000779,Evergreen Analytics Corporation 503,(565) 018-1771,accounts@evergreenanalyticscorpor525.exymple,9111 Commerce Avenue,Madison,WI,53703,https://legacy-d1366d93b455.invalid,inactive,7155.78,2026-08-23T16:00:00Z
A000780,CEDAR MANUFACTURING CORPORATION 552,,accounts@cedarmanufacturingcsrpor574.example,1121 Industrial Rd,Portland,ME,04101-0000,https://www.cedarmanufacturingcorpor574.example/directory,on_hold,7869.53,2025-10-29T17:00:00Z
A000781,RIDGE DENTAL LLC 711,,,7004 River Road,Madison,WI,53703,https://www.blueridgedentalllc711733.example/directory,on_hold,10017.26,2026-09-29T02:00:00Z
A000782,CEDAR WHOLESALE LIMITED 1092,(555) 017-3696,accounts@cedarwholesalelxmited1091114.example,1497 Industrial Road,Austin,TX,78701,https://legacy-73e9927db282.invalid,on_hold,15263.97,2026-01-29T23:00:00Z
A000783,CEDAR DENTAL INCORPORATED 812,,accounts@cedardentalincorporated8834.example,932 Oak Avenue,Austin,TX,78701,https://legacy-d0a982fa0f0a.invalid,inactive,11407.12,2025-12-15T22:00:00Z
A000784,Evergreen Logistjcs LLC 743,,accounts@evergreenlogisticslhc743765.example,8190 Commerce Avenue,Madison,WI,53703,https://legacy-bf8cb0d317c9.invalid,active,10428.37,2026-06-27T16:00:00Z
A000785,MAPLE PACKAGING LLC 776,,accounts@maplepackagingllc776798.exawple,9406 Oak,Portland,ME,04101,,inactive,10895.82,2026-03-06T00:00:00Z
A000786,Summit Wholesale Limited 699,,accounts@summitwholesalelimited69721.exampre,6551 River Rd,Albany,NY,12207,,active,9967.64,2025-07-17T20:00:00Z
A000787,WESTFIELD TECHNOLOGY CORPORATION 990,,,7523  Industrial Road,Denver,CO,80202-0000,,on_hold,13863.92,2025-05-08T01:00:00Z
A000788,Keystone Foods Incorporated 835,(555) 310-2286,,1796 Market Street,Albany,NY,12207,https://legacy-9718c36957a1.invalid,active,11736.56,2025-11-11T12:00:00Z
A000789,Summit Technology Inc 889,,accounts@summittechnologyincgrpor911.example,3780 Market St,Raleigh,NC,27601,https://legacy-b64f728a4dff.invalid,on_hold,12461.60,2026-06-08T18:00:00Z
A000790,Harbor Analytics Corporation,+1 (505) 019-9732,,4141 Oak Avenue,Portland,ME,04101,,inactive,1640.37,2026-10-19T13:00:00Z
A000791,Harbor Wholesale LLC 1194,555-019-1756,,5265  Industrial Rd,Richmond,VA,23219,https://www.harborwholesalellc11941216.example/directory,on_hold,16667.62,2025-12-18T23:00:00Z
A000792,Pioneer Analytics LLC,555-012-6036,,1852 Market,Albany,NY,12207,https://legacy-ba901b7558d2.invalid,inactive,4470.45,2025-08-26T20:00:00Z
A000793,Summit Dental Incorporated 419,555-014-1954,,5990 Commerce Ave,Albany,NY,12207,,on_hold,6054.22,2025-02-17T16:00:00Z
A000794,EVERGREEN MANUFACTURING CORPORATION 553,+1 551-018-9891,,1161 Market Street,Raleigh,NC,27601,,on_hold,7924.67,2026-08-17T18:00:00Z
A000795,FOODS LLC,,accounts@keystonefoodsllc357.pxample,2892 Commerce Avenue,Madison,WI,53703,https://www.keystonefoodsllc357.example/directory,inactive,4842.42,2026-02-15T16:00:00Z
A000796,Maple Manufacturing Corporation,,accounts@maplemanufacturingkorpor178.example,6073 Industrial Road,Austin,TX,78701,,on_hold,2408.30,2025-02-13T17:00:00Z
A000797,Evergreen Analytics Inc 403,(555) 068-1131,accounts@emergreenanalyticsincorp425.example,5401 Market,Albany,NY,12207,,active,5801.44,2025-10-13T12:00:00Z
A000798,Harbor Wholesale Incorporated,555-019-5093,accounts@harborwholesaleinczrpora116.example,3775 Main Street,Denver,CO,80202,https://legacy-93e72e6f5447.invalid,active,1512.06,2025-07-15T19:00:00Z
A000799,BLUE RIDGE MANUFACTURING CORPORATION,,accounts@blueridgemanufacturingcp173.example,5886 Market St,Madison,WI,53703,,active,2294.75,2025-07-16T12:00:00Z
A000800,BLUE RIDGE PACKAGING CORPORATION 571,555-066-8426,,1828  Market St,Albany,NY,,,active,8077.53,2025-12-01T21:00:00Z
A000801,Keystone Dental Limited 1015,,ACCOUNTS@keystonzdentallimited1011037.example,8464 Market,Madison,WI,53703,https://www.keystonedentallimited1011037.example/directory,active,14248.45,2025-04-23T00:00:00Z
A000802,Westfield Analytics LLC 710,,accounts@westfieldanelyticsllc710732.example,6969 Oak Avenue,Denver,CO,80202,,on_hold,10067.10,2025-01-16T19:00:00Z
A000803,Redwood Analytics Incorporated,,ACCOUNTS@redwoodanalyticsincorpor30.exbmvle,601 Oak,Portland,ME,04101,https://www.redwoodanalyticsincorpor30.example/directory,inactive,363.57,2025-04-27T13:00:00Z
A000804,Blue Ridhe Analytics Ltd,555-716-3973,,7722 River Road,Raleigh,NC,27601,https://legacy-8db422e5b983.invalid,on_hold,2981.92,2025-01-19T14:00:00Z
A000805,Westfield Logistics LLC 1150,,,3641 Main,Denver,CO,80202-0000,https://legacy-99707d90753f.invalid,active,16101.46,2025-01-05T15:00:00Z
A000806,Pioneer Equipment Corporation,(355) 012-2434,,4991  Market St,Madison,WI,53703,https://legacy-b7e760c76c8a.invalid,active,2023.98,2026-05-12T12:00:00Z
A000807,Analytics Limited 608,551-013-4696,,3194 Oak Avenue,Portland,ME,04101,https://redwoodanalyticslimited6630.example,inactive,8584.66,2026-04-05T13:00:00Z
A000808,Wholesale Limited,,,1305 Main Street,Austin,TX,78701,,active,4234.79,2026-08-22T21:00:00Z
A000809,Keystone Analytics LLC,,,1791 Commerce Ave,Raleigh,NC,27601,https://legacy-7ca9c13a9245.invalid,inactive,4446.06,2025-06-19T04:00:00Z
A000810,Evergreen Analytics Corporation 903,555-011-1082,,4300 River Road,Madison,WI,53704,,on_hold,12713.20,2026-11-16T20:00:00Z
A000811,Evergreen Office Supply LLC,,accounts@evergreenogfzcesupplyllc385.example,3930 River Rd,Albany,NY,12207-0000,https://legacy-c94be41603e5.invalid,on_hold,5243.03,2025-07-10T20:00:00Z
A000812,Cedar Logistics Ltd,,accounts@cedarlogioticslimited264.example,9251 Oak,Richmond,VA,23219,https://legacy-8d09441b204f.invalid,inactive,3574.79,2026-08-27T19:00:00Z
A000813,RedwoodLogistics Incorporated,,accounts@redwoodlogisticsincorpor70.exampde,2074  Industrial Road,Portland,ME,04101,,on_hold,895.55,2025-09-21T02:00:00Z
A000814,Cedar Wholesale Corp 592,,,2599 Main St,Portland,ME,04101,https://legacy-d34c343149ff.invalid,active,8415.59,2025-07-08T23:00:00Z
A000815,Cedar Dental Limited,555-017-9796,,8151  Oak Ave,Austin,TX,78701,,inactive,3122.59,2025-11-11T13:00:00Z
A000816,Summit Wholesale Inc,,,3971 River Road,Albany,NY,12207,,on_hold,1621.46,2025-10-02T20:00:00Z
A000817,Redwood Packaging Incorporated 878,,,3371 Oak Avenue,Denver,CO,80202,https://www.redwoodpackagingincorpor900.example/directory,inactive,12374.35,2025-06-10T21:00:00Z
A000818,Cedar Packaging LLC 772,,,9253 Main Street,Austin,TX,78701,https://legacy-844f38f7b3ff.invalid,active,10895.97,2025-03-21T21:00:00Z
A000819,Redwood Analytics Corporation 908,,,4484 Oak Ave,Austin,TX,78701,,on_hold,12760.05,2025-07-15T13:00:00Z
A000820,Harbor Analytics Ltd 604,(555) 019-8828,accounts@harboranalyticslimited60626.examphe,3044 Main Street,Austin,TX,78701,https://harboranalyticslimited60626.example,active,8548.68,2025-12-30T01:00:00Z
A000821,Keystone Office Supply LLC,,,3997 Commerce Ave,Columbus,OH,43215,https://legacy-734c24b464e1.invalid,inactive,5231.24,2026-02-05T05:00:00Z
A000822,EVERGREEN TECHNOLOGY INCORPORATED 883,,accounts@evergeeentechnologyincor905.example,3556 Market Street,Albany,NY,12207,,on_hold,12392.32,2026-09-06T13:00:00Z
A000823,SUMMIT FOODS INCORPORATED,(555) 014-7484,,1737 River Road,Madison,WI,53703,https://www.summitfoodsincorporated61.example/directory,inactive,720.61,2025-08-29T01:00:00Z
A000824,Summit Analytics Limited 609,555-014-3503,,3232 River Road,Raleigh,NC,27601,https://legacy-8200a4503151.invalid,on_hold,8607.92,2026-09-01T17:00:00Z
A000825,Keystone Manufacturing LLC 755,(555) 010-7850,accounts@keystonemanyfacturingllc777.example,8636  Commerce Avenue,Albany,NY,12207,https://legacy-96ef3a32768f.invalid,active,10697.50,2026-07-20T16:00:00Z
A000826,Pioneer Equipment Limited 627,,accounts@pioneerequipmentlimited6649.example,3890 River Road,Albany,NY,12207,,on_hold,8845.18,2026-08-22T21:00:00Z
A000827,Evergreen Logistics Inc 843,,accounts@evergreenlogisticsincorp865.examplo,2089 River Road,Albany,NY,12207,,inactive,11894.60,2025-11-05T20:00:00Z
A000828,Pioneer Dental LLC 717,565-012-4497,,7214 River,Columbus,OH,43215-0000,https://legacy-aaa365f2affd.invalid,on_hold,10090.84,2025-03-17T16:00:00Z
A000829,Summit Equipment LLC,(555) 014-9682,,2675 Commerce Avenue,Raleigh,NC,27601,,active,4865.25,2026-01-25T22:00:00Z
A000830,PioneerOffice Supply Ltd,555-012-4207,accounts@pioneerofficesupplylimit289.example,376 River Rd,Albany,NY,12207-0000,https://www.pioneerofficesupplylimit289.example/directory,on_hold,3886.10,2025-03-24T20:00:00Z
A000831,BLUE RIDGE PACKAGING LLC 1171,,ACCOUNTS@bbueridgepackagingllc1171193.example,4425 Market Street,Albany,NY,12207,https://legacy-992083025d1f.invalid,on_hold,16456.96,2026-05-04T20:00:00Z
A000832,Westfield Analytics Limited 610,(555) 015-2967,,3269  Main Street,Richmond,VA,23219,https://legacy-89a07faa555b.invalid,active,8607.18,2026-05-11T22:00:00Z
A000833,Westfield Foods Incorporated 840,,ACCOUNTS@westfieldfoodsincorporat862.uxample,1966 Industrial Road,Portland,ME,04101-0000,https://legacy-cbc5583b3dc5.invalid,on_hold,11845.83,2025-04-04T00:00:00Z
A000834,Evergreen Dental Ljmited 613,(555) 016-8785,accounts@eveagreendentallimited61635.example,3381 Market Street,Columbus,OH,43215,https://www.evergreendentallimited61635.example/directory,active,8712.18,2026-06-19T18:00:00Z
A000835,Harbor Manufacturing Incorporated 454,,,7296 Main Street,Denver,CO,80203,,active,6457.42,2026-03-11T15:00:00Z
A000836,SUMMIT EQUIPMENT LIMITED 629,(555) 014-9184,accounts@summitequibmentlimited62651.example,3968 Commerce,Columbus,OH,43215,https://legacy-c0f33769a932.invalid,inactive,8926.08,2025-01-04T22:00:00Z
A000837,Summit Foods Incorporated 439,(555) 014-7664,,6733 Market Street,Madison,WI,53703-0000,https://legacy-bcdc75354db2.invalid,active,6321.74,2025-11-29T16:00:00Z
A000838,Westfifld Equipment Corp,,accounts@westfieldequipmentcorpor152.exazpme,5111 Main Street,Richmond,VA,23220,,active,2027.12,2026-04-14T16:00:00Z
A000839,Cedar Dental Corporation,555-017-9772,accounts@cedardentalcerporation134.example,4442 Main St,Portland,ME,04101,https://www.cedardentalcorporation134.example/directory,on_hold,1816.96,2026-07-03T21:00:00Z
A000840,Evergreen Limited,,accounts@evergreenwholesalelimite315.exwmple,1332 Commerce Ave,Columbus,OH,43215,https://legacy-af570e6fc2a2.invalid,inactive,4308.61,2026-08-14T22:00:00Z
A000841,Cedar Packaging Ltd 1072,,,749 Main St,Portland,ME,04101,https://legacy-c2cd2e80d213.invalid,active,14997.74,2026-05-09T06:00:00Z
A000842,Cedar Incorporated,(555) 017-7915,accounts@cedarequipmentincorporat44.example,1113 Main Street,Denver,CO,80202,,active,562.01,2025-08-18T15:00:00Z
A000843,KEYSTONE FOODS CORPORATION,555-010-2847,,5293 River Road,Madison,WI,53703,,on_hold,2062.17,2025-08-08T20:00:00Z
A000844,Keystone Packaging Limited 675,+1 (515) 010-4313,,5661 River Rd,Albany,NY,12207-0000,,on_hold,9504.24,2026-09-10T00:00:00Z
A000845,Maple Packaging Dorporation 576,555-015-3725,,2004 Industrial,Portland,ME,04101,,on_hold,8196.51,2026-02-11T17:00:00Z
A000846,Westfield Analytics Corp 510,555-015-2352,ACCOUNTS@westfieldanalyticscorpon532.example,9356 Industrial Road,Denver,CO,80202-0000,https://legacy-d3ba46996a50.invalid,inactive,7292.70,2026-02-11T03:00:00Z
A000847,Keystone Manufacturing LLC 1155,(555) 010-1836,,3826 River Road,Albany,NY,12207,,inactive,16146.92,2025-11-14T22:00:00Z
A000848,BlueRidge Packaging Incorporated 471,,,7917  River Road,Madison,WI,53703,https://blueridgepackagingincorp493.example,active,6695.32,2025-04-17T21:00:00Z
A000849,Westfield Analytics Limited,,,8065 Industrial,Richmond,VA,,https://www.westfieldanalyticslimite232.example/directory,on_hold,3094.29,2025-09-13T11:00:00Z
A000850,Blue Fooes Corp 931,,accounts@blueridgefoodscmrporatio953.example,5336 Market Street,Albany,NY,12207,,active,13084.52,2025-04-27T13:00:00Z
A000851,Cedar Logistict Inc 442,(555) 017-4570,ACCOUNTS@cedarlogisticsincorporat464.exajple,6851 Main St,Richmond,VA,23219,,inactive,6341.68,2026-08-07T02:00:00Z
A000852,Cedar Office Supply LLC 762,,,8892 Industrial Road,Richmond,VA,23219,,on_hold,10752.78,2026-02-18T23:00:00Z
A000853,REDWOOD OFFICE SUPPLY LLC,(555) 013-3354,accounts@redwoodofficesupplyllc390.example,4108 Oak Ave,Portland,ME,04101,,inactive,5336.39,2026-02-20T15:00:00Z
A000854,Harbor Foods Limited 634,(555) 019-3288,,4156 Main Street,Richmond,VA,23219,https://legacy-837423644cdd.invalid,active,8954.07,2026-10-20T15:00:00Z
A000855,PIONEER FOODS CORPORATION 937,555-015-9188,,5569 Market Street,Raleigh,NC,27601,https://legacy-ad68386ef47c.invalid,active,13154.54,2026-12-01T06:00:00Z
A000856,Blue Ridge Anblytics Corp 901,,accounts@blueridgeanalyticscorpfr923.example,4226 Market St,Columbus,OH,43215,,active,12651.55,2026-11-11T18:00:00Z
A000857,Redwood Technology Limited,(055) 013-8565,,1145 Industrial Road,Portland,ME,04101,,on_hold,4203.52,2026-06-22T05:00:00Z
A000858,ANALYTICS INCORPORATED 809,555-014-3415,,818 Commerce Ave,Raleigh,NC,27601,https://legacy-af352e203557.invalid,active,11336.67,2025-12-27T22:00:00Z
A000859,Harbor Equipment Corporation 524,555-019-5956,accounts@harborcquipmentcorporati546.example,9881 Oak Ave,Austin,TX,78701,https://harborequipmentcorporati546.example,inactive,7465.21,2025-01-20T13:00:00Z
A000860,Westfield Office Supply Incorporated 870,,accounts@westfiyldofficesupplyinc892.example,3090 Industrial Road,Denver,CO,80202,https://legacy-8a93679f6180.invalid,active,12276.25,2026-07-24T07:00:00Z
A000861,Summit Analytics Corporation,+1 555-014-3983,,4329  Market Street,Columbus,OH,43215,https://legacy-7d1f9479b0c5.invalid,active,1725.44,2026-03-04T23:00:00Z
A000862,CEDAR EQUIPMENT LIMITED,555-017-8593,,8504 Industrial Road,Denver,CO,80202-0000,,on_hold,3323.73,2026-12-06T07:00:00Z
A000863,Evergreen Equipment Inc,,accounts@evergreecequipmentincorp45.example,1147 Commerce Ave,Madison,WI,53703,,active,538.21,2026-02-23T23:00:00Z
A000864,Blue Ridge Equipment Ltd 621,,,3672 River Rd,Columbus,OH,43215,https://www.blueridgeequipmentlimite643.example/directory,inactive,8877.31,2025-04-06T14:00:00Z
A000865,Blue Ridge Equipment Limited 1021,555-016-8363,,8666 Market St,Columbus,OH,43215,https://legacy-bc1ac12a5712.invalid,active,14352.32,2025-06-18T18:00:00Z
A000866,Harbor Equipment Ltd 624,,,3785 Industrial Road,Portland,ME,04101,,on_hold,8825.97,2026-01-15T18:00:00Z
A000867,Blue RidgeFoods LLC 1131,555-016-6162,,2932 River,Albany,NY,,https://legacy-90b507b73624.invalid,on_hold,15845.22,2025-03-07T21:00:00Z
A000868,Pioneer Equipment Corporation 927,555-012-1627,,5184 River Road,Madison,WI,53703-0000,https://legacy-96d62f1b3c0a.invalid,active,12995.22,2026-07-10T22:00:00Z
A000869,Westfield Wholesale Corporation 1000,,,7887 Main Street,Portland,ME,04102,,inactive,14001.91,2025-11-16T21:00:00Z
A000870,Maple Foods LLC 1136,,accounts@maplofoodsllc11361158.example,3120 Oak Avenue,Portland,ME,04101,https://legacy-bc96e9e7fb6d.invalid,inactive,15935.72,2026-10-07T13:00:00Z
A000871,Keystone Logistics LLC 745,+1 555-010-7999,accounts@keystonelogisticsllc745767.example,8260 Market Street,Raleigh,NC,27601,,active,10492.95,2025-12-06T18:00:00Z
A000872,Keystone Logistics Incorporated 845,,,2162 Commerce Avenue,Columbus,OH,43215,,active,11878.30,2025-07-29T03:00:00Z
A000873,Summit Logistics Inc 449,(555) 014-5694,accounts@summitlogisticsincorpora471.ekample,7109 Commerce Ave,Raleigh,NC,27601,https://legacy-8722fe3c026a.invalid,on_hold,6448.22,2026-03-19T03:00:00Z
A000874,Westfield Office Supply Corporation 970,(155) 015-9730,,6784 Main Street,Richmond,VA,23219,https://westfieldofficesupplycor992.example,active,13628.53,2026-04-13T15:00:00Z
A000875,Wfstfield Analytics Limited 1010,,,8264 Oak Avenue,Richmond,VA,23219,,inactive,14188.45,2026-02-09T19:00:00Z
A000876,Harbor Technology Incorporated,+1 505-019-3876,,3393 Industrial Road,Austin,TX,78701,,on_hold,1354.25,2025-11-18T17:00:00Z
A000877,KEYSTONE OFFICE SUPPLY LIMITED 1065,755-010-5663,accounts@keystonekfficesupplylimi1087.example,499 River Rd,Raleigh,NC,27601,https://legacy-b3de380de351.invalid,on_hold,14956.87,2025-02-01T14:00:00Z
A000878,KEYSTONE PACKAGING LIMITED,(555) 010-4448,,666 Commerce Avenue,Albany,NY,12207,https://legacy-b142be9fad5e.invalid,inactive,4014.01,2025-06-24T04:00:00Z
A000879,Harbor Manufacturing Corp,+1 (155) 019-9659,accounts@harbormanufacturingcorpo176.example,6009 Main Street,Richmond,VA,23219,,active,2343.13,2025-12-26T21:00:00Z
A000880,Blue Ridge Foods Limited,,,8847 River Road,Madison,WI,53703,,on_hold,3389.97,2026-03-27T20:00:00Z
A000881,Cedar Technology Limited 1082,,,1126 Oak Avenue,Richmond,VA,23219,https://legacy-9196e6d242d3.invalid,inactive,15121.76,2025-11-05T19:00:00Z
A000882,PIONEER TECHNOLOGY LIMITED 1087,(555) 012-8798,accounts@pioneertechnologylimited1109.example,1320 Market,Madison,WI,53703,https://legacy-be4baac92a28.invalid,active,15237.64,2025-08-10T00:00:00Z
A000883,Evergreen Office Suppmy Corporation 563,(555) 018-8297,accounts@evergreenofficesvpplycor585.example,1525  Commerce Avenue,Albany,NY,12207,https://legacy-8b40b7c34bc0.invalid,inactive,7981.24,2025-06-23T03:00:00Z
A000884,Evergreen Packaging Incorporated,555-018-7671,ACCOUNTS@zvergreenpackagingincorp95.example,2986 Market St,Raleigh,NC,27601,https://legacy-d1b31855bc82.invalid,on_hold,1188.30,2026-08-18T18:00:00Z
A000885,Keystone Analytics Limited 1005,,,8073  River Road,Columbus,OH,43215,https://legacy-82ae7cf19e5f.invalid,on_hold,14058.02,2025-09-07T01:00:00Z
A000886,Redwood Packaging Incorporated,(553) 013-2232,,3174 Industrial Road,Denver,CO,,https://www.redwoodpackagingincorpor100.example/directory,on_hold,1328.90,2025-04-08T23:00:00Z
A000887,Pioneer Analytics Incorporated 807,555-032-5757,accounts@pioneerlnalyticsincorpor829.example,758 River,Madison,WI,53703,,on_hold,11401.73,2025-10-24T20:00:00Z
A000888,Summit Manufacturing Inc,,accounts@summitmanufaituringincor81.example,2489 Commerce Avenue,Albany,NY,12207,https://legacy-954225780079.invalid,inactive,1084.27,2026-11-16T16:00:00Z
A000889,Cedar Packaging Incorporated,,accounts@ceparpackagingincorporat94.example,2953 Industrial Rd,Portland,ME,04101,,active,1203.79,2026-07-22T23:00:00Z
A000890,Summit Logistics Inc,,ACCOUNTS@summitlogisticsincorpora71.example,2107 Market Street,Raleigh,NC,27601,https://summitlogisticsincorpora71.example,active,918.52,2025-07-27T03:00:00Z
A000891,Cedar Manufacuuring LLC 752,559-017-2075,,8521 Oak Avenue,Portland,ME,04101,,inactive,10619.85,2026-07-04T00:00:00Z
A000892,Cedar Foods Corporation 532,+1 (555) 017-5806,accounts@cedarfoodscorporation532554.example,380 Main Street,Austin,TX,78701-0000,,active,7541.28,2025-06-19T09:00:00Z
A000893,Evergreen Manufacturing Limited 653,,accounts@evergreenmanufacturingli675.exampoe,4861 Commerce Ave,Columbus,OH,43215-0000,https://legacy-b0abb04160b6.invalid,inactive,9203.52,2025-03-02T06:00:00Z
A000894,Westfield Dental Incorporated,,accounts@westfieyddentalincorpora42.example,1039 Oak Avenue,Austin,TX,78701,,inactive,479.46,2025-12-15T23:00:00Z
A000895,Pioneer Packaging Ltd 1077,555-012-6763,,947 River Road,Columbus,OH,43215,https://legacy-b5fb5ef90499.invalid,on_hold,15080.17,2026-02-04T20:00:00Z
A000896,KeystonePackaging Corp,555-010-3154,accounts@keystonepackigingcorpora197.example,6766 Market Street,Madison,WI,53703,,on_hold,2671.26,2026-03-20T15:00:00Z
A000897,Harbor Equipment Ltd,555-119-6040,accounts@harborequipmentlimited246.examplm,8579 Oak Avenue,Portland,ME,04101,https://legacy-7dfc1beeea72.invalid,on_hold,3278.75,2025-10-16T13:00:00Z
A000898,Redwood Office Supply Corporation,,accounts@redioodofficesupplycorpo190.example,6503 Industrial Rd,Portland,ME,04101,https://legacy-bf717378256c.invalid,on_hold,2567.82,2026-08-11T17:00:00Z
A000899,Redwood Office Supply Ltd 668,,,5405 Oak Avenue,Austin,TX,78701-0000,https://legacy-cfa3cc462a25.invalid,inactive,9443.25,2026-02-01T13:00:00Z
A000900,Blue Ridge Wholesale LLC 1191,,accounts@blueridgewholesalullc1191213.example,5156 River Road,Madison,WI,53703,https://www.blueridgewholesalellc1191213.example/directory,on_hold,16672.01,2026-11-08T21:00:00Z
A000901,Keystone Office Supply LLC 765,+1 (555) 010-6625,,8990 River Road,Columbus,OH,43215,,active,10789.34,2026-09-09T23:00:00Z
A000902,Westfield Padkaging Incorporated 480,555-015-7941,accounts@westfieldpackasingincorp502.example,8249 Industrial Road,Portland,ME,04101,https://legacy-a71e4cfe8516.invalid,on_hold,6816.22,2026-09-13T22:00:00Z
A000903,BLUE RIDGE ANALYTICS INCORPORATED 401,,accounts@blueridgeanatyticsincorp423.example,5328 Commerce Avenue,Raleigh,NC,27602,https://legacy-9526944bd06b.invalid,inactive,5777.71,2025-03-13T03:00:00Z
A000904,Keystone Manufacturing Incorporated,,accounts@keystonemacufacturinginc77.example,2321 Market Street,Madison,WI,53703,,on_hold,930.86,2026-01-16T13:00:00Z
A000905,Summit Foods Limited 639,(555) 014-1865,accounts@summitfoodslimited639661.example,4330 River Road,Madison,WI,53703,,on_hold,9057.98,2026-05-11T20:00:00Z
A000906,PIONEER LOGISTICS LLC 747,(655) 012-7202,,8330 River Road,Albany,NY,12207,,active,10521.06,2025-10-19T02:00:00Z
A000907,Summit Foods LLC 1139,,accounts@summitfoodcllc11391161.example,3234 Commerce Avenue,Albany,NY,12207,https://legacy-bdf7e37bb66f.invalid,on_hold,15895.39,2026-09-19T16:00:00Z
A000908,CEDAR ANALYTICS INCORPORATED,,accounts@cedaranalyticsincolporat24.example,378 Oak Avenue,Richmond,VA,23219-0000,,on_hold,243.66,2025-11-12T19:00:00Z
A000909,Keystone Office SupplyIncorporated 465,,ACCOUNTS@keystoneofficesupplyinco487.example,7703 River Road,Raleigh,NC,27601,https://legacy-d35ae8ea6523.invalid,on_hold,6624.05,2026-10-08T19:00:00Z
A000910,Maple PackagingIncorporated 876,(555) 011-0875,,3303 Industrial Road,Austin,TX,78701,https://legacy-9ce84be5b2bf.invalid,active,12247.72,2026-10-22T04:00:00Z
A000911,BLUE RIDGE PACKAGING LIMITED 1071,,,719 River Rd,Madison,WI,53703,,on_hold,15020.91,2026-09-07T08:00:00Z
A000912,Redwood Equipment Incorporated 428,556-013-1755,accounts@redwoodequipmentincorpor450.example,6332 Oak Avenue,Austin,TX,78701,https://legacy-a6fbc80ea1b0.invalid,inactive,6102.49,2026-05-28T13:00:00Z
A000913,Pioneer Dental Limited 1017,+1 (555) 012-3884,accounts@pioneerdentallizited10171039.example,8529 River Road,Raleigh,NC,27601,,on_hold,14276.67,2025-02-03T14:00:00Z
A000914,Redwood Equipment Limited 628,595-013-9797,,3936 Main Street,Austin,TX,78701,,on_hold,8972.96,2025-07-17T21:00:00Z
A000915,Westfield Packaging Corporation 980,(555) 015-8115,,7152 Oak Ave,Austin,TX,78701,https://legacy-bdffb15e870c.invalid,on_hold,13765.07,2025-06-02T13:00:00Z
A000916,Harbor Office Suqply Incorporated 864,(565) 019-7066,accounts@harborofficesupplyinvorp886.example,2867 Industrial Road,Portland,ME,04101,https://legacy-7b3e2a7ac83c.invalid,active,12141.40,2025-07-11T17:00:00Z
A000917,Evergreen Packaging Corporation,,accounts@evergreenpackagingcorpor195.eaample,6700 Commerce Ave,Columbus,OH,43215,https://legacy-c211d87ad033.invalid,active,2575.77,2025-10-21T07:00:00Z
A000918,Harbor Foods Limited 1034,+1 555-012-3039,,9151 Oak,Richmond,VA,23219,https://legacy-89fd4c4a3534.invalid,active,14454.06,2026-11-08T19:00:00Z
A000919,Harbor Logistics Corporation 944,+1 (555) 019-1155,,5822 Oak Avenue,Portland,ME,04101,https://legacy-c24db3e53f6c.invalid,inactive,13239.34,2025-04-06T13:00:00Z
A000920,Blue Ridge Technology Corporation 581,555-016-6831,accounts@blueridgetechnologycorpo603.example,2189 Commerce Avenue,Columbus,OH,43215,https://www.blueridgetechnologycorpo603.example/directory,on_hold,8308.72,2026-08-06T02:00:00Z
A000921,Harbor Wholesale Corporation 994,,accounts@harborwholesalecorporati1016.example,7679 Main Street,Richmond,VA,23219,https://legacy-9dc5353c0f26.invalid,on_hold,13970.91,2025-05-21T15:00:00Z
A000922,Evergreen Packaging Incorporated 473,555-038-6915,accounts@evergreenpackagingtncorp495.example,7993 Commerce Avenue,Raleigh,NC,27601,,inactive,6735.45,2026-05-20T02:00:00Z
A000923,Westfield Analytics LLC 1110,(585) 015-2545,,2171  Industrial Road,Denver,CO,80202,,on_hold,15566.77,2025-05-24T00:00:00Z
A000924,Cedar Wholesale Incorporated 492,,accounts@cedarwholesaleincorporat514.examplu,8715 Industrial Road,Austin,TX,78701-0000,,active,7070.78,2025-09-12T17:00:00Z
A000925,Summit Packaging Inc 479,,,8214 Commerce Avenue,Madison,WI,53703,https://legacy-9ff02626480e.invalid,inactive,6848.07,2025-02-13T01:00:00Z
A000926,Blue Ridge Logistics Inc,+1 535-016-6257,accounts@blieridgelogisticsincorp63.example,1818 Commerce Ave,Raleigh,NC,27601,,inactive,799.50,2026-10-23T22:00:00Z
A000927,Redwood Wholesale Corporation,,,7613 Industrial Road,Denver,CO,,https://www.redwoodwholesalecorporat220.example/directory,on_hold,2965.81,2025-04-16T01:00:00Z
A000928,Logistics Limited,,accounts@summitlogisticslimlted271.exampme,9513 River Road,Raleigh,NC,27601,,on_hold,3690.04,2026-07-27T21:00:00Z
A000929,Summit Dental Limited,555-014-1858,accounts@suemitdentallimited241.example,8396 River Rd,Albany,NY,12207,,on_hold,3240.14,2025-10-26T00:00:00Z
A000930,Cedar Wholesale Corporation 992,555-017-3322,,7591 Oak Ave,Portland,ME,04101-0000,https://legacy-b583078b2701.invalid,inactive,13892.92,2026-06-10T23:00:00Z
A000931,Harbor Technology Incorporated 884,,accounts@harbortechnologyincorpor906.example,3597 Oak Avenue,Austin,TX,78701,,inactive,12425.54,2025-12-17T20:00:00Z
A000932,Maple FoodsInd,555-711-1683,accounts@maplefoodsincorporated58.example,1617 Industrial,Austin,TX,78701,https://legacy-ab54030c148b.invalid,on_hold,756.26,2025-01-30T20:00:00Z
A000933,Westfield Technology Limited 690,550-015-5809,,6224 Industrial Rd,Richmond,VA,23219,,on_hold,9726.99,2025-08-29T23:00:00Z
A000934,Keystone Equipment Limited 1025,,,8825 Commerce Ave,Raleigh,NC,27601,,on_hold,14392.20,2025-03-24T22:00:00Z
A000935,WESTFIELD FOODS CORPORATION,555-015-6905,,5466 Oak Avenue,Austin,TX,78701,https://legacy-c7d6b7b7845e.invalid,on_hold,2249.81,2025-11-04T13:00:00Z
A000936,Logistics Corporation 542,(555) 017-4536,accounts@cedarlogisticscorporotio564.example,755 Oak Avenue,Denver,CO,80202,https://legacy-74e3c5d2708b.invalid,inactive,7670.78,2026-11-19T02:00:00Z
A000937,Evergreen Office Supply Corporation 963,,accounts@evergreenofficesupplycor985.example,6528 River,Albany,NY,12207,https://legacy-9d78c8445127.invalid,inactive,13463.49,2026-11-14T20:00:00Z
A000938,Westfield Logistics Limited 650,,ACCOUNTS@westfzeldlogisticslimite672.example,4742 Oak Ave,Richmond,VA,23219,https://www.westfieldlogisticslimite672.example/directory,inactive,9194.21,2026-10-10T19:00:00Z
A000939,Westfield Office Supply Incorporated,,accounts@westfieldofficesupplyqnc92.example,2881 Main St,Denver,CO,80202,https://legacy-d5f8a321c8f8.invalid,active,1232.64,2026-02-26T15:00:00Z
A000940,Redwood Equipment LLC,,accounts@reswoodequipmentllc350.example,2631 Main St,Portland,ME,04101,https://legacy-85fc025c0b25.invalid,active,4740.47,2026-08-04T23:00:00Z
A000941,REDWOOD WHOLESALE LIMITED698,,,6513 Oak Ave,Richmond,VA,23219,https://www.redwoodwholesalelimited6720.example/directory,inactive,9871.66,2025-06-21T06:00:00Z
A000942,Blue Ridge Office Supply LLC 1161,555-016-9039,accounts@blueridgeoffiresupplyllc1183.example,4053 River Road,Raleigh,NC,27601,,on_hold,16244.40,2026-08-31T22:00:00Z
A000943,Blue Ridge Technology Corporation,(555) 116-7209,,6996 Market St,Columbus,OH,43216,,active,2721.48,2025-09-08T00:00:00Z
A000944,Evergreen Analytics Ltd 603,+1 550-018-1587,,3009 River Road,Albany,NY,12207,,on_hold,8530.73,2025-03-31T23:00:00Z
A000945,Keystone Wholesale Ltd 1095,558-010-9126,accounts@keystonewholesalelimited1117.example,1604 River,Madison,WI,53703-0000,https://www.keystonewholesalelimited1117.example/directory,on_hold,15302.13,2026-04-02T20:00:00Z
A000946,Blue Ridge Foods Corporation 531,(555) 016-7006,,333 River Rd,Albany,NY,12207,https://legacy-7a7705d7617b.invalid,on_hold,7584.14,2026-07-05T20:00:00Z
A000947,Redwood Manufacturing Incorporated 458,,ACCOUNTS@redwoodmanufacturinginco480.example,7445 Oak Avenue,Richmond,VA,23219-0000,,inactive,6537.37,2026-05-16T23:00:00Z
A000948,Keystone Manufacturing LLC,(555) 010-1677,accounts@kvystonemanufacturingllc377.example,3636 Market St,Albany,NY,12207-0000,https://legacy-9f68c2e0a58a.invalid,active,5145.67,2026-02-08T22:00:00Z
A000949,Pioneer Office Supply Ltd 667,,accounts@pioneerofficesupplylimit689.example,5380 Market St,Albany,NY,12207,,active,9403.91,2025-01-22T12:00:00Z
A000950,Westfield Dental LLC 1120,(551) 015-9832,ACCOUNTS@westfielddentalllc11201142.exaxple,2528 Main Street,Portland,ME,04101,,inactive,15626.77,2026-11-01T21:00:00Z
A000951,Blue Ridge Equipment Limited,(555) 016-9682,accounts@blueridgeequipmentlymite243.example,8464 Commerce Ave,Columbus,OH,43215,,inactive,3251.93,2025-01-02T22:00:00Z
A000952,Blue Ridge Equipment Corporation 521,,accounts@blueridgeequipmentcorpor543.exjmple,9764  Commerce Avenue,Raleigh,NC,27601,https://legacy-d7790efda653.invalid,inactive,7403.16,2026-02-14T23:00:00Z
A000953,Acme Industrial LLC,,,190 River Rd,Columbus,OH,43215,https://legacy-b8d3daeb4341.invalid,inactive,169.89,2025-12-06T21:00:00Z
A000954,Redwood Tedhnology LLC,,accounts@redwoodtechnologyllc410.example,4849 Main Street,Austin,TX,78701,,active,5597.29,2026-02-25T01:00:00Z
A000955,BLUE RIDGE PFFICE SUPPLY INCORPORATED 461,(585) 016-1955,,7557 Commerce Avenue,Columbus,OH,43215,https://legacy-9bf5753ce032.invalid,on_hold,6642.72,2025-10-17T02:00:00Z
A000956,Maple Foods Limited,555-011-2661,accounts@maplefoodslimiteo258.example,9032  Oak Ave,Austin,TX,78701,https://legacy-8221a25a9d81.invalid,inactive,3470.44,2025-04-14T13:00:00Z
A000957,Maple Manufacturing Inc 856,+1 555-014-7124,accounts@maplemanufacturingincorp878.example,2583 Main Street,Portland,ME,04101,,on_hold,12111.19,2025-11-02T04:00:00Z
A000958,Maple Office Supply Incorporated,,,2749 Industrial Rd,Richmond,VA,23219,,on_hold,1135.41,2026-09-22T02:00:00Z
A000959,Redwood Dental Incorporated 418,,accounts@redwooddentalincorporate440.exgmple,5965 Main Street,Richmond,VA,23219,https://legacy-aad795c10763.invalid,inactive,6033.54,2026-09-11T23:00:00Z
A000960,Blue Ridge LLC,,accounts@blueridgearalyticsllc323.example,1633 Market Street,Columbus,OH,43215,https://legacy-c7fad12f238c.invalid,active,4354.93,2026-12-05T22:00:00Z
A000961,Summit Analytics Ltd,,,8032 Commerce Avenue,Raleigh,NC,27601,,inactive,3113.86,2025-11-19T23:00:00Z
A000962,Evergreen Manufacturing Corporation 953,,,6156  Commerce Avenue,Raleigh,NC,27601,https://legacy-96d0cba9c7b4.invalid,inactive,13341.62,2026-01-30T08:00:00Z
A000963,PIONEFR ANALYTICS CORPORATION,555-082-6486,ACCOUNTS@pioneeranalyticscorporat129.example,4259 Commerce Avenue,Albany,NY,12207,https://legacy-b55a927a1aa8.invalid,inactive,1675.03,2025-04-17T16:00:00Z
A000964,Pioneer Equipment LLC,,accounts@pioneerequipmentllc349.exaqple,2594 River Road,Madison,WI,53703,https://www.pioneerequipmentllc349.example/directory,on_hold,4776.52,2025-07-18T06:00:00Z
A000965,Pioneer Manufacturing Ltd 1057,655-012-5558,ACCOUNTS@pioneermanufacturinglimi1079.exampbe,203 Market Street,Raleigh,NC,27601,,active,14780.21,2025-04-22T18:00:00Z
A000966,Summit Technology Ltd 689,,accounts@summittechnologylimited6711.oxample,6183 Commerce,Raleigh,NC,27601,https://legacy-89c094c9f65d.invalid,inactive,9714.67,2026-03-15T22:00:00Z
A000967,Maple Wholfsale Corporation,,,7542 Main Street,Austin,TX,78701,https://www.maplewholesalecorporatio218.example/directory,active,2920.10,2025-03-14T21:00:00Z
A000968,Cedar Packaging Corp 972,,ACCOUNTS@cedarpackaginghorporatio994.example,6856 Industrial,Austin,TX,78701,https://legacy-cc8908e03830.invalid,on_hold,13644.47,2025-01-08T17:00:00Z
A000969,Maple Manufacturing Corporation 956,+1 (555) 011-6219,accounts@maplemanufacturingcorpor978.efample,6271 Oak Ave,Austin,TX,78701,https://legacy-acedbb482f67.invalid,on_hold,13355.71,2026-09-14T22:00:00Z
A000970,Maple Technology Incorporated 886,(555) 011-1138,,3676 Main Street,Denver,CO,80202,https://legacy-ba2122b3670d.invalid,active,12437.53,2025-07-02T03:00:00Z
A000971,Redwood Technology Incorporated 488,+1 555-013-8142,,8546 Oak Avenue,Portland,ME,04101,https://www.redwoodtechnologyincorpo510.example/directory,inactive,6928.21,2025-05-28T01:00:00Z
A000972,Blue Ridge Analytics Ltd 1001,555-016-3766,,7927 Commerce Avenue,Raleigh,NC,27601,https://legacy-ac6b33abf09a.invalid,inactive,14057.40,2026-05-28T08:00:00Z
A000973,Pioneer Equipment LLC 727,+1 (555) 012-2288,,7593 Market St,Madison,WI,53703,,active,10244.57,2026-10-27T12:00:00Z
A000974,Cfdar Analytics Incorporated 402,,,5370 Industrial Road,Richmond,VA,23219-0000,https://legacy-7b90a1e131e2.invalid,active,5824.90,2026-06-28T23:00:00Z
A000975,Westfield Equipment LLC,(555) 015-8470,ACCOUNTS@westfieldequkpmentllc352.example,2706 Industrial Road,Richmond,VA,23219,,on_hold,4820.10,2025-05-18T23:00:00Z
A000976,Pioneer Foods Limited 637,,accounts@pioneezfoodslimited637659.example,4264 Market,Columbus,OH,43215,,active,8999.49,2026-08-28T20:00:00Z
A000977,LogisticsCorp 549,,,1012 River Road,Columbus,OH,43215,,on_hold,7774.23,2025-06-14T14:00:00Z
A000978,Summit Wholesale Corporation,,,7652 Market St,Madison,WI,53703,,on_hold,3005.09,2025-02-06T12:00:00Z
A000979,Packaging Corporation,555-017-8071,accounts@cedarppckagingcosporatio194.example,6649 Main Street,Austin,TX,78701-0000,https://legacy-b20c0dd9a695.invalid,active,2623.29,2026-04-30T21:00:00Z
A000980,Redwood Limited,555-018-5305,accounts@redwoodanalyticslimited230.example,7990 Main Street,Portland,ME,04101-0000,https://legacy-d584254ea192.invalid,inactive,3150.69,2026-06-21T21:00:00Z
A000981,Maple Technology LLC 786,,accounts@mapletechnologyllc786808.example,9777 Industrial Rd,Richmond,VA,23219,https://legacy-c72798107af1.invalid,inactive,11105.09,2026-01-25T07:00:00Z
A000982,HARBOR EQUIPMENT INCORPORATED,,accounts@harborequipmehtincorpora46.example,1185 Industrial Rd,Portland,ME,04101,https://legacy-aaeda6ba9c2e.invalid,on_hold,586.42,2026-08-25T20:00:00Z
A000983,Evergreen Logistics Corp 943,,,5776 Market Street,Madison,WI,53703,,active,13260.62,2026-12-26T23:00:00Z
A000984,Maple Wholesale Corp 996,,,7755 Industrial Road,Austin,TX,,https://legacy-7e1fc6cf0d75.invalid,on_hold,13955.41,2025-03-05T03:00:00Z
A000985,Harbor Technology Corporation 584,,accounts@harbortechnologycorporat606.example,2297 Oak Avenue,Portland,ME,04101,https://legacy-ad5e5b358238.invalid,on_hold,8312.42,2025-09-08T17:00:00Z
A000986,PIONEER PACKAGING LLC 1177,,accounts@pioneerpackrgingllc11771199.example,4643 Market Street,Raleigh,NC,27601,https://legacy-d419dd3e1e43.invalid,active,16477.98,2026-04-13T18:00:00Z
A000987,REDWOOD MANUFACTURING CORPORATION,,,6132 Oak Avenue,Denver,CO,80202,https://www.redwoodmanufacturingcorp180.example/directory,active,2352.69,2025-07-22T19:00:00Z
A000988,Summit Packaginh Corporation 979,(555) 014-9281,,7121 Market Street,Albany,NY,12207,https://legacy-9762e9763b77.invalid,active,13753.90,2026-10-29T12:00:00Z
A000989,KEYSTONE MANUFACTURING LIMITED,,,9745 River Road,Madison,WI,53703,https://legacy-a62c63d84b40.invalid,on_hold,3782.56,2025-11-09T20:00:00Z
A000990,Maple Equipment Corporation,(555) 091-3665,accounts@mapleequipmentcorporatjo148.example,4958 Industrial Road,Denver,CO,80202,,on_hold,1938.21,2026-09-24T23:00:00Z
A000991,Keystone Equipment Incorporated,,,1221 Market St,Raleigh,NC,27601,https://legacy-9451ccb1c057.invalid,active,538.91,2026-05-23T01:00:00Z
A000992,Maple Dental Ltd 1016,,,8489 Oak Ave,Portland,ME,04101-0000,https://legacy-a1266d997a02.invalid,on_hold,14239.89,2025-11-26T16:00:00Z
A000993,Evergreen Dental Corporation 913,556-018-8220,accounts@evetgreendentalcorporati935.example,4676 Market Street,Raleigh,NC,27601,,active,12796.16,2026-08-23T03:00:00Z
A000994,Pioneer Manufacturing Corporation 957,,accounts@pioneermanufactvringcorp979.example,6309 River Road,Columbus,OH,43215,,on_hold,13402.88,2025-07-03T14:00:00Z
A000995,Cedar Wholesale Inc,555-017-4618,accounts@cedarwtolesaleincorporat114.example,3694 Oak,Austin,TX,,,on_hold,1527.46,2025-05-14T00:00:00Z
A000996,WESTFIELD ANALYTICS INCORPORATED 810,(855) 015-2315,accounts@westfizldanalyticsincorp832.example,863 Industrial Road,Richmond,VA,23219-0000,https://legacy-80185a5e247d.invalid,on_hold,11409.33,2026-10-11T23:00:00Z
A000997,Harbor Packaging Corporation 974,,,6930 Oak Avenue,Denver,CO,80202-0000,,inactive,13647.91,2026-05-04T19:00:00Z
A000998,Pioneer Analytics Corporation 907,,,4451 Market Street,Albany,NY,12207,https://legacy-b89d0af8edb9.invalid,active,12732.75,2025-02-16T20:00:00Z
A000999,Maple Office Supplz Inc 466,,,7733 Main St,Richmond,VA,23219,https://mapleofficesupplyincorpo488.example,active,6662.07,2025-07-14T15:00:00Z
A001000,Blue Ridge Logistics LLC 741,,,8111 River Road,Columbus,OH,43215,,on_hold,10454.22,2026-06-06T22:00:00Z
A001001,Pioneer Analytics Limited 607,,,3151 Market Street,Madison,WI,53703-0000,,inactive,8587.32,2026-06-07T12:00:00Z
A001002,Harbor Logistics LLC 1144,,,3416 Main Street,Portland,ME,,,inactive,16058.88,2026-07-22T08:00:00Z
A001003,Redwood Dental Limited 1018,(555) 013-2761,accounts@redwooddentallimited10181040.example,8551 Main Street,Richmond,VA,23219,https://legacy-cb796b1e423c.invalid,on_hold,14375.09,2026-06-05T19:00:00Z
A001004,Redwood Dental Limited 618,,,3563 Industrial Road,Richmond,VA,23219,,on_hold,8778.75,2026-09-09T23:00:00Z
A001005,Westfield Office Supply LLC 770,,,9182 Oak Ave,Richmond,VA,23219,https://legacy-a1c9acfe558f.invalid,active,10862.54,2026-02-01T19:00:00Z
A001006,Summit Technology Corporation589,(555) 014-7051,accounts@summittechnologycorporat611.example,2484 Market Street,Columbus,OH,43215,https://legacy-ac1c4d4e4413.invalid,on_hold,8409.28,2025-08-01T18:00:00Z
A001007,Cedar Analytics LLC 1102,(555) 017-1976,accounts@cedaranalyticmllc11021124.example,1869 Main Street,Denver,CO,80202,,inactive,15426.35,2025-11-02T19:00:00Z
A001008,Technology Corporation 988,,accounts@redwoodtechnologycorpora1010.example,7445 Main Street,Austin,TX,,https://legacy-73bfd1bae72d.invalid,inactive,13931.59,2025-09-16T21:00:00Z
A001009,Harbor Office Supply Corp 564,(555) 029-7223,,1566 Industrial Road,Austin,TX,78701-0000,,on_hold,7981.21,2025-09-12T18:00:00Z
A001010,CEDAR MANUFACTURING INCORPORATED 452,+1 555-015-2871,,7221 Oak Ave,Austin,TX,78701,,active,6493.26,2025-05-29T19:00:00Z
A001011,PIONEER ANALYTICS INCORPORATED,,accounts@pioneeranalyticsincorpor29.exampue,549 Market Street,Madison,WI,53703,https://www.pioneeranalyticsincorpor29.example/directory,active,366.08,2026-04-24T12:00:00Z
A001012,Cedar Foods Ltd 1032,,accounts@cedarfoodslimited10321054.exampxe,9082 Industrial Road,Portland,ME,04101,https://legacy-ae5693e6f512.invalid,on_hold,14475.37,2025-01-29T17:00:00Z
A001013,Blue Ridge Equipment LLC,(555) 016-8647,ACCOUNTS@blueridgeequipmentllc343.example,2375 River Road,Raleigh,NC,27601,https://legacy-b970224df4a1.invalid,active,4646.87,2026-10-27T14:00:00Z
A001014,Pioneer Wholesale Incorqorated 497,,accounts@pioneerwholesaleincorpor519.exampme,8876  Commerce Ave,Raleigh,NC,27601,,inactive,7108.92,2026-06-16T22:00:00Z
A001015,Pioneer Foods Incorporated 437,,ACCOUNTS@pioneerfoodsincorporated459.example,6657 Commerce Ave,Columbus,OH,43215,https://legacy-8fea82833a6f.invalid,inactive,6290.21,2026-08-11T03:00:00Z
A001016,Blue Ridge Manufacturing Limited 651,,,4776 River Rd,Albany,NY,12207-0000,,inactive,9265.48,2025-02-22T02:00:00Z
A001017,Cedar Manufacturing Inc,,,2224 Main Street,Austin,TX,78701-0000,https://legacy-8100cfbc22c4.invalid,active,936.84,2025-09-10T21:00:00Z
A001018,MAPLE MANUFACTURING LIMITED,(555) 016-7325,ACCOUNTS@maplemanufacturinglimite278.example,9769 Main Street,Portland,ME,,,active,3760.74,2025-11-28T21:00:00Z
A001019,Blue Ridge Technology LLC 1181,,ACCOUNTS@blueridgetechnologyllc111203.example,4784  Commerce Avenue,Columbus,OH,43215,,on_hold,16528.49,2026-07-27T22:00:00Z
A001020,Pioneer Foods Ltd,(555) 012-9629,,9057 River Road,Columbus,OH,,,inactive,3475.84,2025-09-01T14:00:00Z
A001021,Evergreen Equipment LLC,+1 (555) 028-7246,,2442 Commerce Avenue,Albany,NY,12207,,active,4770.55,2025-12-28T22:00:00Z
A001022,REDWOOD DENTAL,555-013-3070,,4651 Main Street,Denver,CO,80202,,active,1845.37,2026-08-01T15:00:00Z
A001023,Summit Office Supply Limited 1069,555-014-1120,accounts@summitofficesupplylimite1091.example,651 Market Street,Columbus,OH,43215,,active,14942.44,2026-10-05T03:00:00Z
A001024,Maple Analytics Incorporated 406,,,5514 Main Street,Denver,CO,80202,,on_hold,5829.30,2025-11-28T15:00:00Z
A001025,EVERGREEN EQUIPMENT INCORPORATED 423,(515) 018-6894,,6143 River Rd,Madison,WI,53703,,on_hold,6051.06,2025-08-28T20:00:00Z
A001026,Summit Technology Limited,+1 555-014-8333,accounts@summittechnologylimized311.example,1190 Market St,Raleigh,NC,27601,,active,4237.64,2025-01-30T18:00:00Z
A001027,Redwood Equipment Incorporated,(555) 013-2260,accounts@redwoodequipmentincorpor50.example,1331 Main Street,Austin,TX,78701,,active,625.64,2025-05-19T07:00:00Z
A001028,Blue Ridge Manufacturing Corporation 551,(555) 016-3492,ACCOUNTS@blleridgemanufacturingco573.example,1086 Commerce Avenue,Madison,WI,53703,https://legacy-ce5e4a0ef949.invalid,inactive,7810.20,2026-03-28T03:00:00Z
A001029,Evergreen Wholesale Limited 693,,,6336 River,Columbus,OH,43215,https://legacy-a20e2a3cfde2.invalid,on_hold,9810.54,2025-07-01T14:00:00Z
A001030,EVERGREEN TECHNOLOGY CORPORATION 583,+1 (555) 018-5312,accounts@evergreentechcologycorpo605.example,2265 Market Street,Madison,WI,53703,https://www.evergreentechnologycorpo605.example/directory,on_hold,8243.65,2026-02-15T17:00:00Z
A001031,Westfield Equipment Incorporated,,accounts@westfieldequipmentincorp52.example,1404 Industrial Road,Denver,CO,80202-0000,https://legacy-80d011606328.invalid,on_hold,615.48,2026-02-26T23:00:00Z
A001032,Blue Ridge Foods LLC 731,555-016-6725,,7732  Commerce Avenue,Albany,NY,12207,https://legacy-c6537d53fda8.invalid,inactive,10298.75,2025-12-23T17:00:00Z
A001033,EVERGREEN FOODS INCORPORATED 833,+1 (555) 018-4638,accounts@evzrgreenfoodsincorporat855.example,1713 Commerce Avenue,Raleigh,NC,27601,,inactive,11732.50,2026-10-31T09:00:00Z
A001034,DENTAL CORPORATION,,accounts@mapledentalcorpotation138.example,4580 Oak Ave,Austin,TX,78701,https://www.mapledentalcorporation138.example/directory,inactive,1836.79,2025-09-15T13:00:00Z
A001035,Summit Eental Corporation 519,,,9700 River Rd,Madison,WI,53703,https://summitdentalcorporation5541.example,on_hold,7410.06,2025-07-05T22:00:00Z
A001036,Keystone Foods Incorporaued 435,(558) 010-3059,,6588 River Rd,Albany,NY,12207,https://legacy-b1ff54796527.invalid,inactive,6317.46,2025-01-26T20:00:00Z
A001037,Everhreen Dental Ltd,,,8179 River Road,Columbus,OH,43215,,on_hold,3153.53,2026-10-03T21:00:00Z
A001038,Redwood Packaging Limited,,accounts@redwoodpackaginclimited300.example,772 Oak,Denver,CO,80202,https://legacy-8f19d9851bf0.invalid,active,4167.45,2025-04-10T04:00:00Z
A001039,Westfield Analytics Corp 910,,accounts@westfielzanalyticscorpor932.example,4559 Main Street,Denver,CO,80202,https://www.westfieldanalyticscorpor932.example/directory,inactive,12812.28,2026-09-09T17:00:00Z
A001040,Blue Ridge Logistics Limited 641,,ACCOUNTS@blueridgflogisticslimite663.example,4406  Commerce Ave,Raleigh,NC,27601,,inactive,9101.48,2026-01-03T22:00:00Z
A001041,Harbor Logistics LLC,,accounts@hargorlogisticsllc366.example,3227 Oak Avenue,Portland,ME,04101,https://harborlogisticsllc366.example,inactive,5006.55,2025-09-21T23:00:00Z
A001042,Blue Ridge Wholesale Corporation 591,,accounts@bluejidgewholesalecorpor613.example,2566  River Rd,Madison,WI,53703,,on_hold,8412.74,2026-07-08T20:00:00Z
A001043,EVERGREEN FOODSLLC 733,(555) 418-4649,,7820 Market Street,Columbus,OH,43215,,active,10304.36,2026-04-13T01:00:00Z
A001044,Summit Equipment Incorporated 829,,,1574 Market Street,Columbus,OH,43215,,on_hold,11658.49,2026-07-04T18:00:00Z
